{"mean":{"confidence_interval":{"confidence_level":0.99,"lower_bound":106868894.61715001,"upper_bound":107617784.4092},"point_estimate":107211761.93,"standard_error":145698.01098755776},"median":{"confidence_interval":{"confidence_level":0.99,"lower_bound":106678649.5,"upper_bound":107307783.0},"point_estimate":106934140.5,"standard_error":140092.9734249774},"median_abs_dev":{"confidence_interval":{"confidence_level":0.99,"lower_bound":625853.3368688823,"upper_bound":1324257.0473992387},"point_estimate":892461.4323556423,"standard_error":142249.9972972946},"slope":null,"std_dev":{"confidence_interval":{"confidence_level":0.99,"lower_bound":901699.3689310084,"upper_bound":2094892.8619937128},"point_estimate":1464054.9273040884,"standard_error":247128.91153181827}}