{"mean":{"confidence_interval":{"confidence_level":0.99,"lower_bound":27430352.02865,"upper_bound":27819652.32},"point_estimate":27550320.73,"standard_error":84156.72352384818},"median":{"confidence_interval":{"confidence_level":0.99,"lower_bound":27396080.0,"upper_bound":27426590.0},"point_estimate":27408460.0,"standard_error":6475.836788556058},"median_abs_dev":{"confidence_interval":{"confidence_level":0.99,"lower_bound":30682.406455278397,"upper_bound":65739.96543288231},"point_estimate":41172.54256904125,"standard_error":6757.277608520008},"slope":null,"std_dev":{"confidence_interval":{"confidence_level":0.99,"lower_bound":114717.49549337474,"upper_bound":1633946.224247886},"point_estimate":844844.7856687487,"standard_error":442424.6012048953}}