{"mean":{"confidence_interval":{"confidence_level":0.99,"lower_bound":778798704.64255,"upper_bound":779158206.08},"point_estimate":778977407.22,"standard_error":70228.21180107443},"median":{"confidence_interval":{"confidence_level":0.99,"lower_bound":778628365.0,"upper_bound":779206610.0},"point_estimate":778987917.0,"standard_error":92206.10787751811},"median_abs_dev":{"confidence_interval":{"confidence_level":0.99,"lower_bound":578077.5905370712,"upper_bound":999576.315253973},"point_estimate":796577.9855579138,"standard_error":81451.39529398309},"slope":null,"std_dev":{"confidence_interval":{"confidence_level":0.99,"lower_bound":592887.4595502808,"upper_bound":806511.8821377266},"point_estimate":703683.0685196453,"standard_error":41677.08079467087}}