{"mean":{"confidence_interval":{"confidence_level":0.99,"lower_bound":32258412.55,"upper_bound":32287053.42875},"point_estimate":32270363.9,"standard_error":5551.442029289069},"median":{"confidence_interval":{"confidence_level":0.99,"lower_bound":32250307.0,"upper_bound":32273217.0},"point_estimate":32258097.0,"standard_error":5864.127596092241},"median_abs_dev":{"confidence_interval":{"confidence_level":0.99,"lower_bound":23677.121579647064,"upper_bound":44322.326213121414},"point_estimate":36524.591651558876,"standard_error":3817.873524218344},"slope":null,"std_dev":{"confidence_interval":{"confidence_level":0.99,"lower_bound":29125.58677874103,"upper_bound":93004.16753523971},"point_estimate":56026.715780793544,"standard_error":15834.420532849112}}