{"mean":{"confidence_interval":{"confidence_level":0.99,"lower_bound":116964825.3204,"upper_bound":119398576.445},"point_estimate":117858932.77,"standard_error":495442.9613494145},"median":{"confidence_interval":{"confidence_level":0.99,"lower_bound":116655416.0,"upper_bound":116910192.0},"point_estimate":116795629.0,"standard_error":52970.43929124478},"median_abs_dev":{"confidence_interval":{"confidence_level":0.99,"lower_bound":240334.64483320713,"upper_bound":814252.8011441231},"point_estimate":399836.4565014839,"standard_error":108242.14254368698},"slope":null,"std_dev":{"confidence_interval":{"confidence_level":0.99,"lower_bound":723223.8044643867,"upper_bound":8293239.890147707},"point_estimate":4974410.323558047,"standard_error":1777911.4261528775}}