{"mean":{"confidence_interval":{"confidence_level":0.99,"lower_bound":124040464.55565,"upper_bound":124804968.5264},"point_estimate":124336645.52,"standard_error":150814.50951097775},"median":{"confidence_interval":{"confidence_level":0.99,"lower_bound":123885720.0,"upper_bound":124190925.0},"point_estimate":124043716.5,"standard_error":55068.664027710016},"median_abs_dev":{"confidence_interval":{"confidence_level":0.99,"lower_bound":335979.55612117064,"upper_bound":619374.4861789052},"point_estimate":477441.669523716,"standard_error":50697.05988148423},"slope":null,"std_dev":{"confidence_interval":{"confidence_level":0.99,"lower_bound":536066.8093178074,"upper_bound":2662053.024828031},"point_estimate":1518696.2722269886,"standard_error":525230.9819012571}}