{"mean":{"confidence_interval":{"confidence_level":0.99,"lower_bound":47232331.26535,"upper_bound":48545718.09605},"point_estimate":47831244.41,"standard_error":256728.87205200788},"median":{"confidence_interval":{"confidence_level":0.99,"lower_bound":46818284.0,"upper_bound":46885147.0},"point_estimate":46840960.0,"standard_error":11559.866478974642},"median_abs_dev":{"confidence_interval":{"confidence_level":0.99,"lower_bound":59644.99694108963,"upper_bound":171607.3034638614},"point_estimate":97993.18656027317,"standard_error":21663.710430101637},"slope":null,"std_dev":{"confidence_interval":{"confidence_level":0.99,"lower_bound":1595774.733534173,"upper_bound":3270293.0218609083},"point_estimate":2576492.7612343323,"standard_error":327285.6268595631}}