{"mean":{"confidence_interval":{"confidence_level":0.99,"lower_bound":98033991.52,"upper_bound":100557202.2966},"point_estimate":99054927.57,"standard_error":498684.70112027216},"median":{"confidence_interval":{"confidence_level":0.99,"lower_bound":97757895.0,"upper_bound":98182999.5},"point_estimate":97978374.5,"standard_error":81385.78640012322},"median_abs_dev":{"confidence_interval":{"confidence_level":0.99,"lower_bound":441662.8256589174,"upper_bound":890764.5966857672},"point_estimate":641465.4111117125,"standard_error":96816.31151409152},"slope":null,"std_dev":{"confidence_interval":{"confidence_level":0.99,"lower_bound":1056238.5169208543,"upper_bound":7789642.419436418},"point_estimate":5022655.1174480235,"standard_error":1333580.680992923}}