{"mean":{"confidence_interval":{"confidence_level":0.99,"lower_bound":26612155.372849997,"upper_bound":26628792.52},"point_estimate":26620306.08,"standard_error":3214.3525572033063},"median":{"confidence_interval":{"confidence_level":0.99,"lower_bound":26608847.0,"upper_bound":26625307.0},"point_estimate":26618087.0,"standard_error":3027.298693621199},"median_abs_dev":{"confidence_interval":{"confidence_level":0.99,"lower_bound":19778.624948859215,"upper_bound":37784.06032919884},"point_estimate":28999.6554851532,"standard_error":3449.8943186265974},"slope":null,"std_dev":{"confidence_interval":{"confidence_level":0.99,"lower_bound":25599.727056889315,"upper_bound":38044.6390217676},"point_estimate":32217.621884498632,"standard_error":2419.2719932520417}}