{"mean":{"confidence_interval":{"confidence_level":0.99,"lower_bound":110929832.1499,"upper_bound":111961477.35335},"point_estimate":111393733.93,"standard_error":200879.2056676608},"median":{"confidence_interval":{"confidence_level":0.99,"lower_bound":110679341.0,"upper_bound":111484355.0},"point_estimate":111003464.0,"standard_error":192245.45416916796},"median_abs_dev":{"confidence_interval":{"confidence_level":0.99,"lower_bound":864295.7393556833,"upper_bound":1619415.7818496227},"point_estimate":1240919.8693692684,"standard_error":152834.72691053522},"slope":null,"std_dev":{"confidence_interval":{"confidence_level":0.99,"lower_bound":1076852.5670910727,"upper_bound":2837249.5785441417},"point_estimate":2017218.2740888316,"standard_error":349270.2599117443}}