{"mean":{"confidence_interval":{"confidence_level":0.99,"lower_bound":220323696.6706,"upper_bound":220728550.9101},"point_estimate":220514605.19,"standard_error":79051.01076392565},"median":{"confidence_interval":{"confidence_level":0.99,"lower_bound":220009560.0,"upper_bound":220512989.0},"point_estimate":220353598.0,"standard_error":120410.63887935373},"median_abs_dev":{"confidence_interval":{"confidence_level":0.99,"lower_bound":297732.6540256888,"upper_bound":821316.7043162137},"point_estimate":609658.4525763988,"standard_error":102288.39214761245},"slope":null,"std_dev":{"confidence_interval":{"confidence_level":0.99,"lower_bound":565803.1692447213,"upper_bound":994594.4753835114},"point_estimate":795231.4001881884,"standard_error":84359.94204915421}}