{"mean":{"confidence_interval":{"confidence_level":0.99,"lower_bound":263181797.94,"upper_bound":263372985.56},"point_estimate":263271846.96,"standard_error":36987.283549117616},"median":{"confidence_interval":{"confidence_level":0.99,"lower_bound":263123450.0,"upper_bound":263288972.0},"point_estimate":263209625.5,"standard_error":27209.171804855676},"median_abs_dev":{"confidence_interval":{"confidence_level":0.99,"lower_bound":175651.77318155766,"upper_bound":402501.3854761726},"point_estimate":312007.2340607643,"standard_error":40687.43532245061},"slope":null,"std_dev":{"confidence_interval":{"confidence_level":0.99,"lower_bound":276829.889214555,"upper_bound":459436.9254467358},"point_estimate":373144.31325838144,"standard_error":35687.88828358129}}