{"mean":{"confidence_interval":{"confidence_level":0.99,"lower_bound":113863065.4,"upper_bound":114541075.44705},"point_estimate":114178809.78,"standard_error":132145.65592384405},"median":{"confidence_interval":{"confidence_level":0.99,"lower_bound":113696109.0,"upper_bound":114180504.0},"point_estimate":113967662.5,"standard_error":69813.60368116427},"median_abs_dev":{"confidence_interval":{"confidence_level":0.99,"lower_bound":597346.201094985,"upper_bound":1376654.1208595037},"point_estimate":960579.4881463051,"standard_error":160671.60931100044},"slope":null,"std_dev":{"confidence_interval":{"confidence_level":0.99,"lower_bound":859601.4880648172,"upper_bound":1822127.9574970978},"point_estimate":1332324.4603427448,"standard_error":196484.33146395988}}