{"mean":{"confidence_interval":{"confidence_level":0.99,"lower_bound":112767843.42075,"upper_bound":118914234.9},"point_estimate":115723867.3,"standard_error":1186423.3594743097},"median":{"confidence_interval":{"confidence_level":0.99,"lower_bound":107049724.0,"upper_bound":114715424.0},"point_estimate":107496091.5,"standard_error":686225.1265505106},"median_abs_dev":{"confidence_interval":{"confidence_level":0.99,"lower_bound":636417.8995013237,"upper_bound":11978426.005913928},"point_estimate":1276319.908940792,"standard_error":1017129.5899763473},"slope":null,"std_dev":{"confidence_interval":{"confidence_level":0.99,"lower_bound":10284322.200951103,"upper_bound":12769331.374112803},"point_estimate":11905767.947146904,"standard_error":481701.7057918945}}