{"mean":{"confidence_interval":{"confidence_level":0.99,"lower_bound":26344228.39,"upper_bound":26719028.5198},"point_estimate":26501312.65,"standard_error":74088.17891593458},"median":{"confidence_interval":{"confidence_level":0.99,"lower_bound":26289333.0,"upper_bound":26318214.0},"point_estimate":26303928.5,"standard_error":4673.754908341426},"median_abs_dev":{"confidence_interval":{"confidence_level":0.99,"lower_bound":25737.194243073463,"upper_bound":71172.21173644066},"point_estimate":43907.93952047825,"standard_error":9433.021142841382},"slope":null,"std_dev":{"confidence_interval":{"confidence_level":0.99,"lower_bound":237486.90715765377,"upper_bound":1149860.2914737102},"point_estimate":743524.5661214623,"standard_error":180854.20670382096}}