{"mean":{"confidence_interval":{"confidence_level":0.99,"lower_bound":26852116.4404,"upper_bound":27384183.6262},"point_estimate":27035250.36,"standard_error":117710.51405424596},"median":{"confidence_interval":{"confidence_level":0.99,"lower_bound":26833169.0,"upper_bound":26865479.0},"point_estimate":26845954.0,"standard_error":5921.452228331175},"median_abs_dev":{"confidence_interval":{"confidence_level":0.99,"lower_bound":30860.318452119827,"upper_bound":61707.29350447655},"point_estimate":44670.73720693588,"standard_error":5945.488727285258},"slope":null,"std_dev":{"confidence_interval":{"confidence_level":0.99,"lower_bound":62294.92258030557,"upper_bound":2000700.993388639},"point_estimate":1180672.3926655166,"standard_error":484601.43130587006}}