{"mean":{"confidence_interval":{"confidence_level":0.99,"lower_bound":29094388.938699998,"upper_bound":29215885.93495},"point_estimate":29141918.16,"standard_error":24198.755646026108},"median":{"confidence_interval":{"confidence_level":0.99,"lower_bound":29072343.0,"upper_bound":29111584.0},"point_estimate":29095863.0,"standard_error":6761.696769369532},"median_abs_dev":{"confidence_interval":{"confidence_level":0.99,"lower_bound":42216.29295051098,"upper_bound":91700.03892999933},"point_estimate":67992.03479290009,"standard_error":8589.520331484318},"slope":null,"std_dev":{"confidence_interval":{"confidence_level":0.99,"lower_bound":77555.6843322987,"upper_bound":423156.9463026042},"point_estimate":243667.03744616813,"standard_error":81184.23604639785}}