{"mean":{"confidence_interval":{"confidence_level":0.99,"lower_bound":140122955.04854998,"upper_bound":148424355.00535},"point_estimate":143697601.01,"standard_error":1627382.5319263672},"median":{"confidence_interval":{"confidence_level":0.99,"lower_bound":138643880.0,"upper_bound":138846002.0},"point_estimate":138689005.0,"standard_error":29705.637052522252},"median_abs_dev":{"confidence_interval":{"confidence_level":0.99,"lower_bound":146702.1295000166,"upper_bound":450700.01379847527},"point_estimate":255610.61366200447,"standard_error":54474.17717866545},"slope":null,"std_dev":{"confidence_interval":{"confidence_level":0.99,"lower_bound":7087221.660681881,"upper_bound":22964893.944743335},"point_estimate":16336461.066067252,"standard_error":3084153.6786418455}}