{"mean":{"confidence_interval":{"confidence_level":0.99,"lower_bound":137958444.7563,"upper_bound":139847297.99165},"point_estimate":138744422.45,"standard_error":369513.3002570869},"median":{"confidence_interval":{"confidence_level":0.99,"lower_bound":137548706.0,"upper_bound":138494026.5},"point_estimate":137865608.0,"standard_error":154553.98353081822},"median_abs_dev":{"confidence_interval":{"confidence_level":0.99,"lower_bound":1112531.1594486237,"upper_bound":2241509.4564557527},"point_estimate":1653372.5103467703,"standard_error":207517.065372273},"slope":null,"std_dev":{"confidence_interval":{"confidence_level":0.99,"lower_bound":1676520.6775945427,"upper_bound":6065579.670946459},"point_estimate":3704227.3117595883,"standard_error":989071.6902139832}}