{"mean":{"confidence_interval":{"confidence_level":0.99,"lower_bound":46011685.96845,"upper_bound":46060655.142299995},"point_estimate":46033601.19,"standard_error":9623.435015431183},"median":{"confidence_interval":{"confidence_level":0.99,"lower_bound":46001351.0,"upper_bound":46029381.0},"point_estimate":46016910.5,"standard_error":6876.466713658194},"median_abs_dev":{"confidence_interval":{"confidence_level":0.99,"lower_bound":30721.69535458088,"upper_bound":58051.20196938515},"point_estimate":43269.680231809616,"standard_error":5166.193921721395},"slope":null,"std_dev":{"confidence_interval":{"confidence_level":0.99,"lower_bound":49413.3417476008,"upper_bound":136832.31708374407},"point_estimate":96557.18413444771,"standard_error":17276.098842319905}}