{"mean":{"confidence_interval":{"confidence_level":0.99,"lower_bound":88597981.207,"upper_bound":91419175.03735},"point_estimate":89900489.39,"standard_error":554961.0610519785},"median":{"confidence_interval":{"confidence_level":0.99,"lower_bound":87501539.0,"upper_bound":88449641.0},"point_estimate":87949114.5,"standard_error":245276.1649501945},"median_abs_dev":{"confidence_interval":{"confidence_level":0.99,"lower_bound":999810.5660498142,"upper_bound":2003821.33782506},"point_estimate":1366343.379342556,"standard_error":208959.18112677062},"slope":null,"std_dev":{"confidence_interval":{"confidence_level":0.99,"lower_bound":3577132.7027490805,"upper_bound":7104509.300689298},"point_estimate":5604523.965557251,"standard_error":681963.1800992495}}