{"mean":{"confidence_interval":{"confidence_level":0.99,"lower_bound":158142914.84,"upper_bound":158976528.62},"point_estimate":158525312.88,"standard_error":161705.37386693124},"median":{"confidence_interval":{"confidence_level":0.99,"lower_bound":157970012.0,"upper_bound":158588483.0},"point_estimate":158325799.5,"standard_error":99592.0646465375},"median_abs_dev":{"confidence_interval":{"confidence_level":0.99,"lower_bound":720783.7684035301,"upper_bound":1521013.946258605},"point_estimate":1121925.654181838,"standard_error":151460.74584389763},"slope":null,"std_dev":{"confidence_interval":{"confidence_level":0.99,"lower_bound":985384.0538568553,"upper_bound":2251157.8449726766},"point_estimate":1621841.3671599198,"standard_error":258220.172840645}}