{"mean":{"confidence_interval":{"confidence_level":0.99,"lower_bound":82636190.73979999,"upper_bound":82905527.4354},"point_estimate":82752450.84,"standard_error":52180.05270143675},"median":{"confidence_interval":{"confidence_level":0.99,"lower_bound":82599837.0,"upper_bound":82795957.5},"point_estimate":82700056.5,"standard_error":47000.37007739552},"median_abs_dev":{"confidence_interval":{"confidence_level":0.99,"lower_bound":203153.06124231222,"upper_bound":443776.27192139626},"point_estimate":297027.04392671585,"standard_error":47681.659204972246},"slope":null,"std_dev":{"confidence_interval":{"confidence_level":0.99,"lower_bound":266286.9169803102,"upper_bound":840000.8440167872},"point_estimate":526009.4527957068,"standard_error":129994.93118206096}}