{"mean":{"confidence_interval":{"confidence_level":0.99,"lower_bound":394218989.76735,"upper_bound":397332537.26465005},"point_estimate":395581763.89,"standard_error":610970.1482705397},"median":{"confidence_interval":{"confidence_level":0.99,"lower_bound":394192357.0,"upper_bound":394457896.0},"point_estimate":394300601.5,"standard_error":48471.559954508615},"median_abs_dev":{"confidence_interval":{"confidence_level":0.99,"lower_bound":287210.7495009899,"upper_bound":562863.8909071684},"point_estimate":394841.57719016075,"standard_error":51891.394571993646},"slope":null,"std_dev":{"confidence_interval":{"confidence_level":0.99,"lower_bound":2386378.628503646,"upper_bound":8807015.91727278},"point_estimate":6131205.365821724,"standard_error":1235964.974456835}}