{"mean":{"confidence_interval":{"confidence_level":0.99,"lower_bound":92887313.21745,"upper_bound":93606587.30875},"point_estimate":93237629.58,"standard_error":140429.57858529588},"median":{"confidence_interval":{"confidence_level":0.99,"lower_bound":92644098.0,"upper_bound":93609521.0},"point_estimate":93121046.5,"standard_error":223032.50319473722},"median_abs_dev":{"confidence_interval":{"confidence_level":0.99,"lower_bound":975117.8634881973,"upper_bound":1684259.5155984163},"point_estimate":1365987.5553488731,"standard_error":135625.64561100552},"slope":null,"std_dev":{"confidence_interval":{"confidence_level":0.99,"lower_bound":1087694.4469904404,"upper_bound":1773620.6740569356},"point_estimate":1412483.605880706,"standard_error":136608.01474060543}}