{"mean":{"confidence_interval":{"confidence_level":0.99,"lower_bound":106776051.87155,"upper_bound":107468599.184},"point_estimate":107086149.65,"standard_error":135094.81684130238},"median":{"confidence_interval":{"confidence_level":0.99,"lower_bound":106698108.0,"upper_bound":107210231.0},"point_estimate":106953909.5,"standard_error":101324.70393105771},"median_abs_dev":{"confidence_interval":{"confidence_level":0.99,"lower_bound":549665.0446414948,"upper_bound":952253.2066941261},"point_estimate":786724.6261328459,"standard_error":75646.89721004292},"slope":null,"std_dev":{"confidence_interval":{"confidence_level":0.99,"lower_bound":685246.4168098755,"upper_bound":1941638.0982346428},"point_estimate":1357041.4916488784,"standard_error":252261.3569468893}}