{"mean":{"confidence_interval":{"confidence_level":0.99,"lower_bound":93252471.5799,"upper_bound":95012493.3189},"point_estimate":94080768.58,"standard_error":342373.6731601053},"median":{"confidence_interval":{"confidence_level":0.99,"lower_bound":92444935.0,"upper_bound":93238604.0},"point_estimate":92829919.0,"standard_error":205309.41820701832},"median_abs_dev":{"confidence_interval":{"confidence_level":0.99,"lower_bound":808696.7577427626,"upper_bound":1736359.5242084577},"point_estimate":1147945.2837198973,"standard_error":175707.97918670037},"slope":null,"std_dev":{"confidence_interval":{"confidence_level":0.99,"lower_bound":2503451.7833550293,"upper_bound":4091407.9585380233},"point_estimate":3429657.320816808,"standard_error":306371.46314715716}}