{"mean":{"confidence_interval":{"confidence_level":0.99,"lower_bound":48910787.660849996,"upper_bound":49005184.3507},"point_estimate":48957362.24,"standard_error":18379.76823830022},"median":{"confidence_interval":{"confidence_level":0.99,"lower_bound":48899176.0,"upper_bound":49019142.0},"point_estimate":48962342.0,"standard_error":30055.931090295744},"median_abs_dev":{"confidence_interval":{"confidence_level":0.99,"lower_bound":124413.85939121246,"upper_bound":243149.36088323593},"point_estimate":187218.27687621117,"standard_error":22655.099011367358},"slope":null,"std_dev":{"confidence_interval":{"confidence_level":0.99,"lower_bound":150323.20091523105,"upper_bound":219326.71202652654},"point_estimate":184703.11146685583,"standard_error":13404.750855547954}}