{"mean":{"confidence_interval":{"confidence_level":0.99,"lower_bound":152114689.68935,"upper_bound":152871488.77975},"point_estimate":152486765.59,"standard_error":146471.5023036544},"median":{"confidence_interval":{"confidence_level":0.99,"lower_bound":151814296.0,"upper_bound":152983269.0},"point_estimate":152549753.5,"standard_error":245533.01530378123},"median_abs_dev":{"confidence_interval":{"confidence_level":0.99,"lower_bound":1076999.9097794294,"upper_bound":2122877.025313901},"point_estimate":1679533.7281823158,"standard_error":203965.12112307484},"slope":null,"std_dev":{"confidence_interval":{"confidence_level":0.99,"lower_bound":1207317.0953598504,"upper_bound":1750575.3415662784},"point_estimate":1475400.1005224716,"standard_error":106237.71021099052}}