{"mean":{"confidence_interval":{"confidence_level":0.99,"lower_bound":26146387.809299998,"upper_bound":26177034.725849997},"point_estimate":26161092.15,"standard_error":5980.320246668234},"median":{"confidence_interval":{"confidence_level":0.99,"lower_bound":26133863.0,"upper_bound":26163843.0},"point_estimate":26144918.0,"standard_error":6418.900076162485},"median_abs_dev":{"confidence_interval":{"confidence_level":0.99,"lower_bound":31431.71248197557,"upper_bound":64271.4538654536},"point_estimate":46783.44216942787,"standard_error":6277.957488007705},"slope":null,"std_dev":{"confidence_interval":{"confidence_level":0.99,"lower_bound":45608.73610058216,"upper_bound":73634.79176651569},"point_estimate":60054.37699022729,"standard_error":5500.707849325884}}