{"mean":{"confidence_interval":{"confidence_level":0.99,"lower_bound":39661455.262,"upper_bound":41426674.690799996},"point_estimate":40430669.84,"standard_error":347146.09011092945},"median":{"confidence_interval":{"confidence_level":0.99,"lower_bound":39215319.0,"upper_bound":39392630.0},"point_estimate":39277724.0,"standard_error":37374.83530981032},"median_abs_dev":{"confidence_interval":{"confidence_level":0.99,"lower_bound":165814.72235620022,"upper_bound":435674.6043652296},"point_estimate":257603.96932661533,"standard_error":56428.07769893943},"slope":null,"std_dev":{"confidence_interval":{"confidence_level":0.99,"lower_bound":1646426.964637463,"upper_bound":4830144.376905754},"point_estimate":3491262.870074473,"standard_error":616297.1688422561}}