{"mean":{"confidence_interval":{"confidence_level":0.99,"lower_bound":65062266.36,"upper_bound":65170376.66},"point_estimate":65118171.15,"standard_error":21152.968710474728},"median":{"confidence_interval":{"confidence_level":0.99,"lower_bound":65109958.5,"upper_bound":65205389.0},"point_estimate":65178079.0,"standard_error":19503.781017104713},"median_abs_dev":{"confidence_interval":{"confidence_level":0.99,"lower_bound":107443.20836900182,"upper_bound":312201.4546573162},"point_estimate":174688.8244986534,"standard_error":44300.76743720847},"slope":null,"std_dev":{"confidence_interval":{"confidence_level":0.99,"lower_bound":182318.13501311,"upper_bound":244817.65971966836},"point_estimate":215859.65682698126,"standard_error":12124.881980759304}}