{"mean":{"confidence_interval":{"confidence_level":0.99,"lower_bound":310805006.30945003,"upper_bound":312845671.9723},"point_estimate":311686660.58,"standard_error":400827.5730104197},"median":{"confidence_interval":{"confidence_level":0.99,"lower_bound":310494117.5,"upper_bound":310827325.0},"point_estimate":310671078.0,"standard_error":78079.31512114742},"median_abs_dev":{"confidence_interval":{"confidence_level":0.99,"lower_bound":377754.612493515,"upper_bound":761722.0601767302},"point_estimate":534592.9333090782,"standard_error":75665.2391892232},"slope":null,"std_dev":{"confidence_interval":{"confidence_level":0.99,"lower_bound":1737492.6604089271,"upper_bound":5690279.781052374},"point_estimate":4039626.222666618,"standard_error":770355.9569057119}}