{"mean":{"confidence_interval":{"confidence_level":0.99,"lower_bound":27048726.55,"upper_bound":27492820.464399997},"point_estimate":27193046.73,"standard_error":91301.94307085211},"median":{"confidence_interval":{"confidence_level":0.99,"lower_bound":27027917.0,"upper_bound":27055967.0},"point_estimate":27041902.5,"standard_error":5400.675005578897},"median_abs_dev":{"confidence_interval":{"confidence_level":0.99,"lower_bound":28480.745494365692,"upper_bound":53581.93770723048},"point_estimate":38740.33731222153,"standard_error":4349.124547988166},"slope":null,"std_dev":{"confidence_interval":{"confidence_level":0.99,"lower_bound":55126.28466371909,"upper_bound":1733460.1256375099},"point_estimate":914950.1050593514,"standard_error":429326.1125054411}}