{"mean":{"confidence_interval":{"confidence_level":0.99,"lower_bound":26862110.25225,"upper_bound":27055624.9525},"point_estimate":26927903.91,"standard_error":39695.74542591958},"median":{"confidence_interval":{"confidence_level":0.99,"lower_bound":26841412.0,"upper_bound":26867343.0},"point_estimate":26852472.5,"standard_error":4744.456463328363},"median_abs_dev":{"confidence_interval":{"confidence_level":0.99,"lower_bound":24854.16511175038,"upper_bound":53671.601647138596},"point_estimate":35753.63966524601,"standard_error":5518.224145487515},"slope":null,"std_dev":{"confidence_interval":{"confidence_level":0.99,"lower_bound":60270.797729144695,"upper_bound":748385.1518192841},"point_estimate":401212.5027256954,"standard_error":176042.1358098726}}