{"mean":{"confidence_interval":{"confidence_level":0.99,"lower_bound":311579089.5985,"upper_bound":311944008.41400003},"point_estimate":311761226.05,"standard_error":71262.13619462313},"median":{"confidence_interval":{"confidence_level":0.99,"lower_bound":311621067.0,"upper_bound":312018390.0},"point_estimate":311785648.0,"standard_error":76357.02431312596},"median_abs_dev":{"confidence_interval":{"confidence_level":0.99,"lower_bound":461455.5353075266,"upper_bound":922074.8582843996},"point_estimate":678864.7367477417,"standard_error":85597.43421756772},"slope":null,"std_dev":{"confidence_interval":{"confidence_level":0.99,"lower_bound":589174.4206520177,"upper_bound":841147.4544788853},"point_estimate":719244.2904047173,"standard_error":48848.35804283648}}