{"mean":{"confidence_interval":{"confidence_level":0.99,"lower_bound":26297090.246349998,"upper_bound":26316747.86415},"point_estimate":26306370.41,"standard_error":3809.8981814331783},"median":{"confidence_interval":{"confidence_level":0.99,"lower_bound":26294348.0,"upper_bound":26315253.0},"point_estimate":26304018.0,"standard_error":4014.6217244806976},"median_abs_dev":{"confidence_interval":{"confidence_level":0.99,"lower_bound":22750.492889598012,"upper_bound":43211.11753284931},"point_estimate":32142.767429351807,"standard_error":4065.569617351053},"slope":null,"std_dev":{"confidence_interval":{"confidence_level":0.99,"lower_bound":26805.772779828436,"upper_bound":51202.73678212574},"point_estimate":38273.11555629823,"standard_error":5033.443547386955}}