{"mean":{"confidence_interval":{"confidence_level":0.99,"lower_bound":103655490.17165,"upper_bound":104392685.25524999},"point_estimate":104002514.18,"standard_error":142360.90361166323},"median":{"confidence_interval":{"confidence_level":0.99,"lower_bound":103523802.0,"upper_bound":104120567.0},"point_estimate":103749167.5,"standard_error":133773.91891226036},"median_abs_dev":{"confidence_interval":{"confidence_level":0.99,"lower_bound":631974.547380209,"upper_bound":1295940.0476589685},"point_estimate":891296.108776331,"standard_error":128788.5015071012},"slope":null,"std_dev":{"confidence_interval":{"confidence_level":0.99,"lower_bound":974989.1201548948,"upper_bound":1922035.4827597577},"point_estimate":1429732.4520112243,"standard_error":190922.0294157967}}