{"mean":{"confidence_interval":{"confidence_level":0.99,"lower_bound":95194362.4329,"upper_bound":97152375.48625},"point_estimate":96128785.66,"standard_error":383100.64306944644},"median":{"confidence_interval":{"confidence_level":0.99,"lower_bound":94222098.0,"upper_bound":95432799.0},"point_estimate":94738711.0,"standard_error":251192.54916435265},"median_abs_dev":{"confidence_interval":{"confidence_level":0.99,"lower_bound":1196414.4420593977,"upper_bound":3027304.5776546},"point_estimate":1767802.5415152311,"standard_error":288026.2114680386},"slope":null,"std_dev":{"confidence_interval":{"confidence_level":0.99,"lower_bound":2995331.5647099065,"upper_bound":4464974.9125382295},"point_estimate":3852863.289682531,"standard_error":285535.7360195156}}