{"mean":{"confidence_interval":{"confidence_level":0.99,"lower_bound":26958584.77595,"upper_bound":26983330.16375},"point_estimate":26970496.85,"standard_error":4770.616233078277},"median":{"confidence_interval":{"confidence_level":0.99,"lower_bound":26949977.0,"upper_bound":26980186.0},"point_estimate":26961671.0,"standard_error":7089.783096818619},"median_abs_dev":{"confidence_interval":{"confidence_level":0.99,"lower_bound":28414.028495550156,"upper_bound":55212.76431977749},"point_estimate":41684.039559960365,"standard_error":5668.6808792267575},"slope":null,"std_dev":{"confidence_interval":{"confidence_level":0.99,"lower_bound":36655.62887338062,"upper_bound":58501.90090397852},"point_estimate":47818.08467058391,"standard_error":4298.195635348099}}