{"mean":{"confidence_interval":{"confidence_level":0.99,"lower_bound":51502121.486600004,"upper_bound":53684139.72},"point_estimate":52559375.75,"standard_error":420006.2786291122},"median":{"confidence_interval":{"confidence_level":0.99,"lower_bound":51211936.0,"upper_bound":53815587.0},"point_estimate":52213379.0,"standard_error":528005.2565117581},"median_abs_dev":{"confidence_interval":{"confidence_level":0.99,"lower_bound":2786901.733222604,"upper_bound":5429508.682706952},"point_estimate":4054089.5676255226,"standard_error":500038.45746171434},"slope":null,"std_dev":{"confidence_interval":{"confidence_level":0.99,"lower_bound":3368141.3728790483,"upper_bound":5055924.133938752},"point_estimate":4227558.134468612,"standard_error":332288.5305424811}}