{"mean":{"confidence_interval":{"confidence_level":0.99,"lower_bound":115114306.41759999,"upper_bound":115797768.08704999},"point_estimate":115427827.36,"standard_error":132955.1588873541},"median":{"confidence_interval":{"confidence_level":0.99,"lower_bound":114913224.0,"upper_bound":115355860.0},"point_estimate":115108834.5,"standard_error":88147.3039327961},"median_abs_dev":{"confidence_interval":{"confidence_level":0.99,"lower_bound":474455.7131767273,"upper_bound":1109687.5326991081},"point_estimate":845843.3000832796,"standard_error":126241.93019278155},"slope":null,"std_dev":{"confidence_interval":{"confidence_level":0.99,"lower_bound":871841.2727984216,"upper_bound":1754699.6901620093},"point_estimate":1333237.4896430066,"standard_error":173937.99383635967}}