{"mean":{"confidence_interval":{"confidence_level":0.99,"lower_bound":26345857.320100002,"upper_bound":26558920.20645},"point_estimate":26410019.99,"standard_error":46200.57663151875},"median":{"confidence_interval":{"confidence_level":0.99,"lower_bound":26337960.0,"upper_bound":26361650.0},"point_estimate":26349670.0,"standard_error":4094.3764388878467},"median_abs_dev":{"confidence_interval":{"confidence_level":0.99,"lower_bound":25494.047847390175,"upper_bound":56102.328010484576},"point_estimate":38363.015618920326,"standard_error":6564.517837111907},"slope":null,"std_dev":{"confidence_interval":{"confidence_level":0.99,"lower_bound":34715.567505329294,"upper_bound":898062.1526460754},"point_estimate":465601.68213914125,"standard_error":241438.9677619326}}