{"mean":{"confidence_interval":{"confidence_level":0.99,"lower_bound":26820420.11,"upper_bound":26912744.217499997},"point_estimate":26864190.53,"standard_error":17843.859387293796},"median":{"confidence_interval":{"confidence_level":0.99,"lower_bound":26767146.0,"upper_bound":26850907.5},"point_estimate":26806927.0,"standard_error":15354.370460133261},"median_abs_dev":{"confidence_interval":{"confidence_level":0.99,"lower_bound":81173.08985888958,"upper_bound":203881.95928037167},"point_estimate":135599.33489263058,"standard_error":25037.953032653528},"slope":null,"std_dev":{"confidence_interval":{"confidence_level":0.99,"lower_bound":137671.27886989794,"upper_bound":215231.70562311335},"point_estimate":179037.3692056209,"standard_error":15205.1629121792}}