{"mean":{"confidence_interval":{"confidence_level":0.99,"lower_bound":28465125.11815,"upper_bound":28516334.50715},"point_estimate":28486575.67,"standard_error":10069.036954185332},"median":{"confidence_interval":{"confidence_level":0.99,"lower_bound":28458142.0,"upper_bound":28480047.5},"point_estimate":28469292.5,"standard_error":4806.888821289193},"median_abs_dev":{"confidence_interval":{"confidence_level":0.99,"lower_bound":24172.97343434394,"upper_bound":47757.53259113433},"point_estimate":33759.54270064831,"standard_error":4563.836018149455},"slope":null,"std_dev":{"confidence_interval":{"confidence_level":0.99,"lower_bound":35245.033677306645,"upper_bound":156918.95783098278},"point_estimate":101294.86677203712,"standard_error":24647.14694974212}}