{"mean":{"confidence_interval":{"confidence_level":0.99,"lower_bound":26635241.38735,"upper_bound":26995351.12},"point_estimate":26774667.81,"standard_error":73009.59285652277},"median":{"confidence_interval":{"confidence_level":0.99,"lower_bound":26622978.0,"upper_bound":26637442.0},"point_estimate":26628692.5,"standard_error":2719.0268941520926},"median_abs_dev":{"confidence_interval":{"confidence_level":0.99,"lower_bound":16975.769698619843,"upper_bound":39274.9665692301},"point_estimate":25797.239542007446,"standard_error":4137.428404989048},"slope":null,"std_dev":{"confidence_interval":{"confidence_level":0.99,"lower_bound":46473.41642480477,"upper_bound":1177029.9343145336},"point_estimate":731813.7786151085,"standard_error":224310.70703302827}}