{"mean":{"confidence_interval":{"confidence_level":0.99,"lower_bound":28691545.924349997,"upper_bound":28823228.211200003},"point_estimate":28756378.22,"standard_error":25385.761828597435},"median":{"confidence_interval":{"confidence_level":0.99,"lower_bound":28685662.0,"upper_bound":28811713.0},"point_estimate":28756018.0,"standard_error":22524.84044954162},"median_abs_dev":{"confidence_interval":{"confidence_level":0.99,"lower_bound":146376.88413079086,"upper_bound":302830.79271867883},"point_estimate":209286.03618443012,"standard_error":31126.487517767626},"slope":null,"std_dev":{"confidence_interval":{"confidence_level":0.99,"lower_bound":205215.84754650362,"upper_bound":298286.33066104125},"point_estimate":254312.2941579713,"standard_error":18172.04648203391}}