{"mean":{"confidence_interval":{"confidence_level":0.99,"lower_bound":90961572.87065001,"upper_bound":95457619.92870001},"point_estimate":92937055.59,"standard_error":884362.7714103963},"median":{"confidence_interval":{"confidence_level":0.99,"lower_bound":89981577.5,"upper_bound":90274474.0},"point_estimate":90085329.0,"standard_error":56385.506595510065},"median_abs_dev":{"confidence_interval":{"confidence_level":0.99,"lower_bound":254684.7299784422,"upper_bound":660103.0160013301},"point_estimate":419209.59035754204,"standard_error":75269.73801024909},"slope":null,"std_dev":{"confidence_interval":{"confidence_level":0.99,"lower_bound":3973530.7402037717,"upper_bound":11999098.874410516},"point_estimate":8883929.31609061,"standard_error":1492199.2247653813}}