{"mean":{"confidence_interval":{"confidence_level":0.99,"lower_bound":27229708.72645,"upper_bound":27250363.76405},"point_estimate":27239787.57,"standard_error":4011.5057261899296},"median":{"confidence_interval":{"confidence_level":0.99,"lower_bound":27228561.0,"upper_bound":27245526.0},"point_estimate":27238981.5,"standard_error":4221.4036203699925},"median_abs_dev":{"confidence_interval":{"confidence_level":0.99,"lower_bound":22559.130004495393,"upper_bound":52335.78648385406},"point_estimate":38740.33731222153,"standard_error":5378.867217833299},"slope":null,"std_dev":{"confidence_interval":{"confidence_level":0.99,"lower_bound":32454.390229949746,"upper_bound":47112.19810915604},"point_estimate":40170.156327035686,"standard_error":2849.683879760103}}