{"mean":{"confidence_interval":{"confidence_level":0.99,"lower_bound":116816945.59504999,"upper_bound":117273743.16330001},"point_estimate":117041550.54,"standard_error":88510.78553558089},"median":{"confidence_interval":{"confidence_level":0.99,"lower_bound":116737439.0,"upper_bound":117180840.0},"point_estimate":116934498.0,"standard_error":82730.3064607934},"median_abs_dev":{"confidence_interval":{"confidence_level":0.99,"lower_bound":466903.27848730993,"upper_bound":883898.6762076616},"point_estimate":687824.0883886814,"standard_error":83668.58714462553},"slope":null,"std_dev":{"confidence_interval":{"confidence_level":0.99,"lower_bound":666201.222500778,"upper_bound":1095071.9573176305},"point_estimate":887606.2499601565,"standard_error":83396.03430829955}}