{"mean":{"confidence_interval":{"confidence_level":0.99,"lower_bound":66996189.43,"upper_bound":67232328.52475},"point_estimate":67109301.11,"standard_error":45938.17568037114},"median":{"confidence_interval":{"confidence_level":0.99,"lower_bound":67035676.0,"upper_bound":67128718.0},"point_estimate":67081682.5,"standard_error":18953.135775867995},"median_abs_dev":{"confidence_interval":{"confidence_level":0.99,"lower_bound":114983.7822586298,"upper_bound":626780.9996724129},"point_estimate":363179.91345226765,"standard_error":109087.35612711142},"slope":null,"std_dev":{"confidence_interval":{"confidence_level":0.99,"lower_bound":349159.27266207983,"upper_bound":558452.6826311192},"point_estimate":460835.8455764038,"standard_error":40964.93568176549}}