{"mean":{"confidence_interval":{"confidence_level":0.99,"lower_bound":123853330.7061,"upper_bound":124291141.43115},"point_estimate":124061233.01,"standard_error":85089.54474013642},"median":{"confidence_interval":{"confidence_level":0.99,"lower_bound":123694832.0,"upper_bound":123967019.0},"point_estimate":123857140.5,"standard_error":44243.31441481387},"median_abs_dev":{"confidence_interval":{"confidence_level":0.99,"lower_bound":316351.57815563685,"upper_bound":738314.7717922926},"point_estimate":471159.8934352398,"standard_error":81295.54377227409},"slope":null,"std_dev":{"confidence_interval":{"confidence_level":0.99,"lower_bound":661485.3742802908,"upper_bound":1005445.1719864076},"point_estimate":854792.2572129808,"standard_error":66488.73573407064}}