{"mean":{"confidence_interval":{"confidence_level":0.99,"lower_bound":26101662.914249998,"upper_bound":26132214.1347},"point_estimate":26116588.96,"standard_error":5971.1321972604665},"median":{"confidence_interval":{"confidence_level":0.99,"lower_bound":26091924.0,"upper_bound":26123514.0},"point_estimate":26103273.0,"standard_error":5326.811901626924},"median_abs_dev":{"confidence_interval":{"confidence_level":0.99,"lower_bound":34744.73038315773,"upper_bound":78476.41100576536},"point_estimate":51838.36677968502,"standard_error":8962.083229280006},"slope":null,"std_dev":{"confidence_interval":{"confidence_level":0.99,"lower_bound":49039.666889286775,"upper_bound":69697.77287336446},"point_estimate":60027.466622114676,"standard_error":4015.824252227417}}