{"mean":{"confidence_interval":{"confidence_level":0.99,"lower_bound":27441070.08495,"upper_bound":27816192.42},"point_estimate":27579210.38,"standard_error":75168.33451546243},"median":{"confidence_interval":{"confidence_level":0.99,"lower_bound":27412225.0,"upper_bound":27431920.0},"point_estimate":27422640.5,"standard_error":3822.507481626255},"median_abs_dev":{"confidence_interval":{"confidence_level":0.99,"lower_bound":28385.859096050262,"upper_bound":74353.12997996807},"point_estimate":51765.71938097477,"standard_error":8402.89787921968},"slope":null,"std_dev":{"confidence_interval":{"confidence_level":0.99,"lower_bound":171162.57467006575,"upper_bound":1354957.1807170005},"point_estimate":754880.0086819038,"standard_error":283729.8651559608}}