{"mean":{"confidence_interval":{"confidence_level":0.99,"lower_bound":67880552.5264,"upper_bound":70421316.562},"point_estimate":69033598.91,"standard_error":499306.52955130965},"median":{"confidence_interval":{"confidence_level":0.99,"lower_bound":67152653.0,"upper_bound":67261084.0},"point_estimate":67219344.0,"standard_error":21321.82095860202},"median_abs_dev":{"confidence_interval":{"confidence_level":0.99,"lower_bound":151597.3299086094,"upper_bound":590197.8453218937},"point_estimate":298969.2498922348,"standard_error":82624.09145700082},"slope":null,"std_dev":{"confidence_interval":{"confidence_level":0.99,"lower_bound":3188515.5943395137,"upper_bound":6367522.162346702},"point_estimate":5035822.928204203,"standard_error":620281.2994094533}}