{"mean":{"confidence_interval":{"confidence_level":0.99,"lower_bound":218347603.56,"upper_bound":218419298.9266},"point_estimate":218370937.07,"standard_error":14870.157445877087},"median":{"confidence_interval":{"confidence_level":0.99,"lower_bound":218338722.5,"upper_bound":218362860.0},"point_estimate":218349884.5,"standard_error":4933.4590952112585},"median_abs_dev":{"confidence_interval":{"confidence_level":0.99,"lower_bound":21735.656914114952,"upper_bound":41497.28014777605},"point_estimate":29207.2194814682,"standard_error":3614.7701873841593},"slope":null,"std_dev":{"confidence_interval":{"confidence_level":0.99,"lower_bound":30475.574957453922,"upper_bound":285233.0491888206},"point_estimate":149074.14031322257,"standard_error":72927.53256074812}}