{"mean":{"confidence_interval":{"confidence_level":0.99,"lower_bound":156733578.8619,"upper_bound":157025740.66},"point_estimate":156883429.73,"standard_error":56103.241092184304},"median":{"confidence_interval":{"confidence_level":0.99,"lower_bound":156755948.0,"upper_bound":157120126.5},"point_estimate":156988465.5,"standard_error":71324.8883514532},"median_abs_dev":{"confidence_interval":{"confidence_level":0.99,"lower_bound":337190.6772136688,"upper_bound":667880.8948427439},"point_estimate":482138.54624032974,"standard_error":61144.78762615015},"slope":null,"std_dev":{"confidence_interval":{"confidence_level":0.99,"lower_bound":438716.7680092814,"upper_bound":677098.5995694472},"point_estimate":562905.7867236817,"standard_error":46810.244884453794}}