{"mean":{"confidence_interval":{"confidence_level":0.99,"lower_bound":27959449.9638,"upper_bound":28431724.447850004},"point_estimate":28091372.85,"standard_error":108315.23137800631},"median":{"confidence_interval":{"confidence_level":0.99,"lower_bound":27951774.0,"upper_bound":27971045.0},"point_estimate":27957699.5,"standard_error":3087.91977691642},"median_abs_dev":{"confidence_interval":{"confidence_level":0.99,"lower_bound":22550.312241151933,"upper_bound":46013.305613100594},"point_estimate":32462.267723679543,"standard_error":4578.599271392127},"slope":null,"std_dev":{"confidence_interval":{"confidence_level":0.99,"lower_bound":43573.908025113415,"upper_bound":2132420.2242022757},"point_estimate":1088168.4709633219,"standard_error":626144.6232053161}}