{"mean":{"confidence_interval":{"confidence_level":0.99,"lower_bound":109637462.43475,"upper_bound":110237913.88579999},"point_estimate":109917802.07,"standard_error":117594.02884582723},"median":{"confidence_interval":{"confidence_level":0.99,"lower_bound":109543507.0,"upper_bound":109676386.0},"point_estimate":109618509.5,"standard_error":30919.40466379196},"median_abs_dev":{"confidence_interval":{"confidence_level":0.99,"lower_bound":146701.04349553585,"upper_bound":424352.29600574175},"point_estimate":289356.8129628897,"standard_error":57677.941234026955},"slope":null,"std_dev":{"confidence_interval":{"confidence_level":0.99,"lower_bound":776431.0864770468,"upper_bound":1482174.3819529386},"point_estimate":1182503.2221152529,"standard_error":137588.7747707007}}