{"mean":{"confidence_interval":{"confidence_level":0.99,"lower_bound":1346664922.94155,"upper_bound":1346690470.0321},"point_estimate":1346677435.1,"standard_error":4932.59556901204},"median":{"confidence_interval":{"confidence_level":0.99,"lower_bound":1346652667.5,"upper_bound":1346691475.0},"point_estimate":1346668281.5,"standard_error":9204.709870731978},"median_abs_dev":{"confidence_interval":{"confidence_level":0.99,"lower_bound":35763.27656507492,"upper_bound":66809.66131389141},"point_estimate":48482.501739263535,"standard_error":5785.111865298509},"slope":null,"std_dev":{"confidence_interval":{"confidence_level":0.99,"lower_bound":39928.69571727931,"upper_bound":60402.93327512493},"point_estimate":49609.46568148079,"standard_error":4062.8550305964886}}