{"mean":{"confidence_interval":{"confidence_level":0.99,"lower_bound":194737173.4227,"upper_bound":195103682.87030002},"point_estimate":194875292.62,"standard_error":73903.82244356174},"median":{"confidence_interval":{"confidence_level":0.99,"lower_bound":194696904.5,"upper_bound":194798799.0},"point_estimate":194740259.0,"standard_error":18080.428598081293},"median_abs_dev":{"confidence_interval":{"confidence_level":0.99,"lower_bound":102508.21868361534,"upper_bound":189511.1177355051},"point_estimate":150591.38582646847,"standard_error":16405.104967242485},"slope":null,"std_dev":{"confidence_interval":{"confidence_level":0.99,"lower_bound":128759.6578010981,"upper_bound":1325048.8548912369},"point_estimate":746744.908533133,"standard_error":273149.22575252294}}