{"mean":{"confidence_interval":{"confidence_level":0.99,"lower_bound":87245784.78,"upper_bound":87521504.80135},"point_estimate":87378133.09,"standard_error":53375.889962007386},"median":{"confidence_interval":{"confidence_level":0.99,"lower_bound":87053452.0,"upper_bound":87624347.0},"point_estimate":87408526.0,"standard_error":147973.74686342996},"median_abs_dev":{"confidence_interval":{"confidence_level":0.99,"lower_bound":349828.3593893051,"upper_bound":709953.375595808},"point_estimate":586161.4668935537,"standard_error":62535.81899766173},"slope":null,"std_dev":{"confidence_interval":{"confidence_level":0.99,"lower_bound":411794.5237955075,"upper_bound":692928.6926977416},"point_estimate":535912.7265962248,"standard_error":58872.678543179914}}