{"mean":{"confidence_interval":{"confidence_level":0.99,"lower_bound":109625968.2922,"upper_bound":110843439.2709},"point_estimate":110126006.36,"standard_error":241888.29979188868},"median":{"confidence_interval":{"confidence_level":0.99,"lower_bound":109417471.5,"upper_bound":109605779.0},"point_estimate":109484442.0,"standard_error":34003.08484456363},"median_abs_dev":{"confidence_interval":{"confidence_level":0.99,"lower_bound":187967.6459134073,"upper_bound":400075.15509724617},"point_estimate":290345.7071453333,"standard_error":39337.00786400625},"slope":null,"std_dev":{"confidence_interval":{"confidence_level":0.99,"lower_bound":624904.9317757732,"upper_bound":3747184.8721308596},"point_estimate":2431840.1784221837,"standard_error":637370.3638578973}}