{"mean":{"confidence_interval":{"confidence_level":0.99,"lower_bound":271803092.42399997,"upper_bound":272915164.95570004},"point_estimate":272102623.18,"standard_error":263949.8443072119},"median":{"confidence_interval":{"confidence_level":0.99,"lower_bound":271828842.0,"upper_bound":271871142.0},"point_estimate":271848663.5,"standard_error":8917.654780414505},"median_abs_dev":{"confidence_interval":{"confidence_level":0.99,"lower_bound":53116.367956995964,"upper_bound":99108.84304046631},"point_estimate":76594.07984018326,"standard_error":8840.9869291625},"slope":null,"std_dev":{"confidence_interval":{"confidence_level":0.99,"lower_bound":82248.1066598912,"upper_bound":5216936.120714154},"point_estimate":2649565.3557539177,"standard_error":1598719.5918949652}}