{"mean":{"confidence_interval":{"confidence_level":0.99,"lower_bound":26231490.34045,"upper_bound":26455672.38605},"point_estimate":26307889.54,"standard_error":46177.554242437924},"median":{"confidence_interval":{"confidence_level":0.99,"lower_bound":26199873.0,"upper_bound":26260943.0},"point_estimate":26220657.0,"standard_error":11149.298129343246},"median_abs_dev":{"confidence_interval":{"confidence_level":0.99,"lower_bound":40407.5209826231,"upper_bound":90906.39575108889},"point_estimate":68141.77739024162,"standard_error":9712.530986150226},"slope":null,"std_dev":{"confidence_interval":{"confidence_level":0.99,"lower_bound":68015.88661128609,"upper_bound":860647.8795714118},"point_estimate":464273.0880544168,"standard_error":199686.63063239254}}