{"mean":{"confidence_interval":{"confidence_level":0.99,"lower_bound":419738042.76845,"upper_bound":420194517.7202},"point_estimate":419969086.67,"standard_error":88896.70472818575},"median":{"confidence_interval":{"confidence_level":0.99,"lower_bound":419742647.0,"upper_bound":420310663.0},"point_estimate":419988162.5,"standard_error":84646.59581898789},"median_abs_dev":{"confidence_interval":{"confidence_level":0.99,"lower_bound":639059.1958324314,"upper_bound":1159276.054018736},"point_estimate":916489.1888290644,"standard_error":97286.19113289488},"slope":null,"std_dev":{"confidence_interval":{"confidence_level":0.99,"lower_bound":694569.7016436205,"upper_bound":1093850.0841049862},"point_estimate":892253.0444886552,"standard_error":78866.84609219228}}