{"mean":{"confidence_interval":{"confidence_level":0.99,"lower_bound":30122638.1874,"upper_bound":30189456.176},"point_estimate":30154836.51,"standard_error":13020.422476895692},"median":{"confidence_interval":{"confidence_level":0.99,"lower_bound":30097972.0,"upper_bound":30192483.0},"point_estimate":30150228.0,"standard_error":16096.812650517186},"median_abs_dev":{"confidence_interval":{"confidence_level":0.99,"lower_bound":76533.29324126244,"upper_bound":162628.50011126755},"point_estimate":114553.82826626301,"standard_error":15121.276063399977},"slope":null,"std_dev":{"confidence_interval":{"confidence_level":0.99,"lower_bound":99479.20250180116,"upper_bound":163123.88210656424},"point_estimate":130898.18941787805,"standard_error":12726.322715698177}}