{"mean":{"confidence_interval":{"confidence_level":0.99,"lower_bound":26099576.19245,"upper_bound":26458770.722550005},"point_estimate":26250300.85,"standard_error":70572.52347129176},"median":{"confidence_interval":{"confidence_level":0.99,"lower_bound":26049098.0,"upper_bound":26079692.5},"point_estimate":26060357.5,"standard_error":5685.835524350998},"median_abs_dev":{"confidence_interval":{"confidence_level":0.99,"lower_bound":30260.59934976697,"upper_bound":73352.37499773502},"point_estimate":48918.38613152504,"standard_error":8654.365275041326},"slope":null,"std_dev":{"confidence_interval":{"confidence_level":0.99,"lower_bound":139386.91167228663,"upper_bound":1036131.7084978286},"point_estimate":708596.2758998947,"standard_error":154068.55843267846}}