{"mean":{"confidence_interval":{"confidence_level":0.99,"lower_bound":134824529.2128,"upper_bound":136793773.58485},"point_estimate":135627026.74,"standard_error":393365.88774481765},"median":{"confidence_interval":{"confidence_level":0.99,"lower_bound":134883250.0,"upper_bound":135049244.0},"point_estimate":134975127.0,"standard_error":29025.23630112491},"median_abs_dev":{"confidence_interval":{"confidence_level":0.99,"lower_bound":193876.6333580017,"upper_bound":504075.836750865},"point_estimate":376733.10111165047,"standard_error":62444.60414901814},"slope":null,"std_dev":{"confidence_interval":{"confidence_level":0.99,"lower_bound":717440.4544675939,"upper_bound":6185866.958627228},"point_estimate":3950365.7043191325,"standard_error":1092671.7335031366}}