{"mean":{"confidence_interval":{"confidence_level":0.99,"lower_bound":26745800.51755,"upper_bound":26975198.14},"point_estimate":26857011.53,"standard_error":44196.77484336865},"median":{"confidence_interval":{"confidence_level":0.99,"lower_bound":26824569.0,"upper_bound":27005170.0},"point_estimate":26918055.0,"standard_error":39853.85428000351},"median_abs_dev":{"confidence_interval":{"confidence_level":0.99,"lower_bound":200226.6090452671,"upper_bound":676821.6324410153},"point_estimate":380067.4684524536,"standard_error":111713.13227092914},"slope":null,"std_dev":{"confidence_interval":{"confidence_level":0.99,"lower_bound":344615.39815691015,"upper_bound":557572.9770083389},"point_estimate":444031.16202628537,"standard_error":43170.92758921347}}