{"mean":{"confidence_interval":{"confidence_level":0.99,"lower_bound":72916784.75115,"upper_bound":74155598.98535},"point_estimate":73449486.52,"standard_error":242959.19962620654},"median":{"confidence_interval":{"confidence_level":0.99,"lower_bound":72638634.0,"upper_bound":72818197.0},"point_estimate":72695925.0,"standard_error":35162.90696228581},"median_abs_dev":{"confidence_interval":{"confidence_level":0.99,"lower_bound":186463.63348960876,"upper_bound":482079.78709687345},"point_estimate":278601.29145383835,"standard_error":61667.68762793221},"slope":null,"std_dev":{"confidence_interval":{"confidence_level":0.99,"lower_bound":741853.043551687,"upper_bound":3480245.7052533072},"point_estimate":2448929.6132466155,"standard_error":489767.15229449}}