{"mean":{"confidence_interval":{"confidence_level":0.99,"lower_bound":164106760.00975,"upper_bound":165395180.00895},"point_estimate":164635546.87,"standard_error":251399.62028514905},"median":{"confidence_interval":{"confidence_level":0.99,"lower_bound":163884958.0,"upper_bound":164320780.0},"point_estimate":164057948.5,"standard_error":87057.95017406682},"median_abs_dev":{"confidence_interval":{"confidence_level":0.99,"lower_bound":473168.50876007974,"upper_bound":942218.2287722826},"point_estimate":668788.987326622,"standard_error":87188.57507459044},"slope":null,"std_dev":{"confidence_interval":{"confidence_level":0.99,"lower_bound":1067985.0922795618,"upper_bound":4195123.413109593},"point_estimate":2530652.3664637893,"standard_error":716024.3162328154}}