{"mean":{"confidence_interval":{"confidence_level":0.99,"lower_bound":149140213.60195,"upper_bound":149801903.33905},"point_estimate":149455621.98,"standard_error":128350.3342442794},"median":{"confidence_interval":{"confidence_level":0.99,"lower_bound":148672557.0,"upper_bound":149096343.0},"point_estimate":148775845.0,"standard_error":56370.34389928668},"median_abs_dev":{"confidence_interval":{"confidence_level":0.99,"lower_bound":205874.5736449957,"upper_bound":856364.4929599917},"point_estimate":398200.4074305296,"standard_error":105201.62267623244},"slope":null,"std_dev":{"confidence_interval":{"confidence_level":0.99,"lower_bound":1029304.5702236876,"upper_bound":1475859.4505298608},"point_estimate":1286758.532849481,"standard_error":86130.43561816285}}