{"mean":{"confidence_interval":{"confidence_level":0.99,"lower_bound":111947468.43599999,"upper_bound":112474052.09955001},"point_estimate":112208257.08,"standard_error":102525.50816977424},"median":{"confidence_interval":{"confidence_level":0.99,"lower_bound":111801081.0,"upper_bound":112506284.0},"point_estimate":112186404.5,"standard_error":119155.70535898893},"median_abs_dev":{"confidence_interval":{"confidence_level":0.99,"lower_bound":720742.722623259,"upper_bound":1263099.5946274996},"point_estimate":989897.9026257992,"standard_error":102873.27038170448},"slope":null,"std_dev":{"confidence_interval":{"confidence_level":0.99,"lower_bound":822854.7500142464,"upper_bound":1243385.685523075},"point_estimate":1033072.8368134315,"standard_error":81722.75064226217}}