{"mean":{"confidence_interval":{"confidence_level":0.99,"lower_bound":1221890005.8032,"upper_bound":1222130326.0657},"point_estimate":1222010671.27,"standard_error":46891.87092341616},"median":{"confidence_interval":{"confidence_level":0.99,"lower_bound":1221868979.0,"upper_bound":1222140547.5},"point_estimate":1222004904.5,"standard_error":54562.31567282118},"median_abs_dev":{"confidence_interval":{"confidence_level":0.99,"lower_bound":281307.0364058018,"upper_bound":597170.023740113},"point_estimate":473317.817696929,"standard_error":60395.191178977475},"slope":null,"std_dev":{"confidence_interval":{"confidence_level":0.99,"lower_bound":382903.94739879906,"upper_bound":548106.0882146085},"point_estimate":470336.84314290475,"standard_error":31840.940290553128}}