{"mean":{"confidence_interval":{"confidence_level":0.99,"lower_bound":26812528.484100003,"upper_bound":27176019.664950002},"point_estimate":26962931.1,"standard_error":71197.18975372495},"median":{"confidence_interval":{"confidence_level":0.99,"lower_bound":26655872.0,"upper_bound":27015045.0},"point_estimate":26869064.0,"standard_error":66024.19835903849},"median_abs_dev":{"confidence_interval":{"confidence_level":0.99,"lower_bound":327293.91467437154,"upper_bound":624248.7189173698},"point_estimate":439409.273698926,"standard_error":60884.23705568076},"slope":null,"std_dev":{"confidence_interval":{"confidence_level":0.99,"lower_bound":351176.5413986779,"upper_bound":1208015.2798315822},"point_estimate":712938.9131885245,"standard_error":217136.45675352108}}