{"mean":{"confidence_interval":{"confidence_level":0.99,"lower_bound":26558484.33,"upper_bound":26830588.31615},"point_estimate":26632288.43,"standard_error":63819.94081506447},"median":{"confidence_interval":{"confidence_level":0.99,"lower_bound":26553995.0,"upper_bound":26578545.0},"point_estimate":26563040.0,"standard_error":4070.066883298962},"median_abs_dev":{"confidence_interval":{"confidence_level":0.99,"lower_bound":24640.74484553934,"upper_bound":47828.67515087128},"point_estimate":33684.67140197754,"standard_error":4585.196351181085},"slope":null,"std_dev":{"confidence_interval":{"confidence_level":0.99,"lower_bound":31557.24446486499,"upper_bound":1259228.8429971617},"point_estimate":640247.2330254243,"standard_error":380656.102662441}}