{"mean":{"confidence_interval":{"confidence_level":0.99,"lower_bound":26265204.84115,"upper_bound":26298086.51915},"point_estimate":26281768.56,"standard_error":6358.200481509819},"median":{"confidence_interval":{"confidence_level":0.99,"lower_bound":26256971.0,"upper_bound":26303862.0},"point_estimate":26284297.0,"standard_error":11266.420449933528},"median_abs_dev":{"confidence_interval":{"confidence_level":0.99,"lower_bound":46931.70216679573,"upper_bound":86213.92976939678},"point_estimate":64648.77185225487,"standard_error":7451.8476345664385},"slope":null,"std_dev":{"confidence_interval":{"confidence_level":0.99,"lower_bound":53525.62796237014,"upper_bound":73899.8556985847},"point_estimate":64226.12179050582,"standard_error":4002.88471213416}}