{"mean":{"confidence_interval":{"confidence_level":0.99,"lower_bound":27034039.166300002,"upper_bound":27530209.5915},"point_estimate":27201757.81,"standard_error":102772.02147861497},"median":{"confidence_interval":{"confidence_level":0.99,"lower_bound":27024032.0,"upper_bound":27038272.0},"point_estimate":27032717.0,"standard_error":3299.3743823272002},"median_abs_dev":{"confidence_interval":{"confidence_level":0.99,"lower_bound":19541.40895307064,"upper_bound":41334.88726615906},"point_estimate":31749.87843632698,"standard_error":4000.0170869555905},"slope":null,"std_dev":{"confidence_interval":{"confidence_level":0.99,"lower_bound":41280.49166252018,"upper_bound":1878809.4079565075},"point_estimate":1034430.0471336001,"standard_error":430956.69799937704}}