{"mean":{"confidence_interval":{"confidence_level":0.99,"lower_bound":27082996.5416,"upper_bound":27644776.05765},"point_estimate":27294125.89,"standard_error":113026.14999493783},"median":{"confidence_interval":{"confidence_level":0.99,"lower_bound":27067141.0,"upper_bound":27086186.5},"point_estimate":27078101.0,"standard_error":3877.5370305924994},"median_abs_dev":{"confidence_interval":{"confidence_level":0.99,"lower_bound":26160.443177059296,"upper_bound":58000.052270293236},"point_estimate":40141.39428734779,"standard_error":6598.502530652976},"slope":null,"std_dev":{"confidence_interval":{"confidence_level":0.99,"lower_bound":63125.86933674761,"upper_bound":1939002.597012129},"point_estimate":1141841.3095510027,"standard_error":387568.2044789991}}