{"mean":{"confidence_interval":{"confidence_level":0.99,"lower_bound":164977472.78419998,"upper_bound":166646737.893},"point_estimate":165755207.66,"standard_error":323079.0643054483},"median":{"confidence_interval":{"confidence_level":0.99,"lower_bound":165622352.5,"upper_bound":166115962.0},"point_estimate":165854360.0,"standard_error":87085.42876632874},"median_abs_dev":{"confidence_interval":{"confidence_level":0.99,"lower_bound":598685.7301712036,"upper_bound":1132872.431087494},"point_estimate":967953.9404153824,"standard_error":107550.10842563222},"slope":null,"std_dev":{"confidence_interval":{"confidence_level":0.99,"lower_bound":1660476.2580799006,"upper_bound":4620664.620870113},"point_estimate":3256494.1847130987,"standard_error":586040.9422950197}}