{"mean":{"confidence_interval":{"confidence_level":0.99,"lower_bound":1840753552.68,"upper_bound":1841595478.29},"point_estimate":1841176681.21,"standard_error":162567.08698898248},"median":{"confidence_interval":{"confidence_level":0.99,"lower_bound":1840793138.0,"upper_bound":1841714090.0},"point_estimate":1841234826.0,"standard_error":189475.12221147784},"median_abs_dev":{"confidence_interval":{"confidence_level":0.99,"lower_bound":834183.3925902843,"upper_bound":1950014.7491568357},"point_estimate":1261846.7679977417,"standard_error":218351.47999572847},"slope":null,"std_dev":{"confidence_interval":{"confidence_level":0.99,"lower_bound":1306869.4932632286,"upper_bound":1950484.6786215238},"point_estimate":1642306.5936296983,"standard_error":124359.13910740546}}