{"mean":{"confidence_interval":{"confidence_level":0.99,"lower_bound":82985015.58425,"upper_bound":85322497.5689},"point_estimate":84083651.06,"standard_error":456229.40727215505},"median":{"confidence_interval":{"confidence_level":0.99,"lower_bound":81731023.0,"upper_bound":82368627.5},"point_estimate":81987315.0,"standard_error":128094.71766369088},"median_abs_dev":{"confidence_interval":{"confidence_level":0.99,"lower_bound":539416.5723234415,"upper_bound":1304641.738250481},"point_estimate":850467.5294011831,"standard_error":133926.87950298097},"slope":null,"std_dev":{"confidence_interval":{"confidence_level":0.99,"lower_bound":3332793.3971799733,"upper_bound":5442676.107084451},"point_estimate":4586137.148277945,"standard_error":406101.83252719935}}