{"mean":{"confidence_interval":{"confidence_level":0.99,"lower_bound":130665891.18205,"upper_bound":131842521.66250001},"point_estimate":131125482.26,"standard_error":231086.12716462393},"median":{"confidence_interval":{"confidence_level":0.99,"lower_bound":130414462.0,"upper_bound":130822989.0},"point_estimate":130604464.5,"standard_error":72522.14048770997},"median_abs_dev":{"confidence_interval":{"confidence_level":0.99,"lower_bound":369532.11303949356,"upper_bound":720884.9632647346},"point_estimate":540597.4632024765,"standard_error":60964.78841308634},"slope":null,"std_dev":{"confidence_interval":{"confidence_level":0.99,"lower_bound":814723.0127086414,"upper_bound":4071270.7653541635},"point_estimate":2338087.2277602106,"standard_error":786387.933299201}}