{"mean":{"confidence_interval":{"confidence_level":0.99,"lower_bound":424030582.22965,"upper_bound":424693799.09515},"point_estimate":424353242.0,"standard_error":129367.14555953798},"median":{"confidence_interval":{"confidence_level":0.99,"lower_bound":423559759.0,"upper_bound":424544650.0},"point_estimate":423870755.0,"standard_error":224709.46347411562},"median_abs_dev":{"confidence_interval":{"confidence_level":0.99,"lower_bound":626901.8315702677,"upper_bound":1688568.8518014106},"point_estimate":1042007.5852006674,"standard_error":217592.50192156708},"slope":null,"std_dev":{"confidence_interval":{"confidence_level":0.99,"lower_bound":1079267.89749368,"upper_bound":1476165.6551536554},"point_estimate":1297320.6494069758,"standard_error":76926.88755048721}}