{"mean":{"confidence_interval":{"confidence_level":0.99,"lower_bound":145914311.08535,"upper_bound":147539346.31525},"point_estimate":146746042.16,"standard_error":314829.00749102724},"median":{"confidence_interval":{"confidence_level":0.99,"lower_bound":147325522.0,"upper_bound":147683463.0},"point_estimate":147444781.5,"standard_error":80391.24389012635},"median_abs_dev":{"confidence_interval":{"confidence_level":0.99,"lower_bound":393341.64932928997,"upper_bound":842937.3040593719},"point_estimate":590788.6614114046,"standard_error":88488.2410266171},"slope":null,"std_dev":{"confidence_interval":{"confidence_level":0.99,"lower_bound":1986017.4748956654,"upper_bound":4204268.544291542},"point_estimate":3171174.7917441656,"standard_error":429676.13492048177}}