{"mean":{"confidence_interval":{"confidence_level":0.99,"lower_bound":124856681.77055,"upper_bound":127891928.62775},"point_estimate":125891884.67,"standard_error":614172.4184490495},"median":{"confidence_interval":{"confidence_level":0.99,"lower_bound":124444232.0,"upper_bound":124727979.0},"point_estimate":124545369.5,"standard_error":61731.3655662489},"median_abs_dev":{"confidence_interval":{"confidence_level":0.99,"lower_bound":273189.8015499115,"upper_bound":650505.5644512177},"point_estimate":433054.85021173954,"standard_error":76614.3218272428},"slope":null,"std_dev":{"confidence_interval":{"confidence_level":0.99,"lower_bound":930044.2429414986,"upper_bound":11512687.945892856},"point_estimate":6174316.943412387,"standard_error":2697035.872623293}}