{"mean":{"confidence_interval":{"confidence_level":0.99,"lower_bound":130888428.95545,"upper_bound":131263889.29635},"point_estimate":131056257.04,"standard_error":73084.08903595812},"median":{"confidence_interval":{"confidence_level":0.99,"lower_bound":130903657.0,"upper_bound":131075580.0},"point_estimate":130991308.5,"standard_error":37126.5418025964},"median_abs_dev":{"confidence_interval":{"confidence_level":0.99,"lower_bound":214699.7499883175,"upper_bound":430305.4463970513},"point_estimate":333251.4090836048,"standard_error":40072.97930934739},"slope":null,"std_dev":{"confidence_interval":{"confidence_level":0.99,"lower_bound":331738.79819168063,"upper_bound":1086555.4991853216},"point_estimate":734390.9043341464,"standard_error":153259.63319688014}}