{"mean":{"confidence_interval":{"confidence_level":0.99,"lower_bound":114804686.90065001,"upper_bound":115258131.35365},"point_estimate":115023876.78,"standard_error":87353.38932271757},"median":{"confidence_interval":{"confidence_level":0.99,"lower_bound":114811933.5,"upper_bound":115234770.0},"point_estimate":114992674.0,"standard_error":72648.02522972967},"median_abs_dev":{"confidence_interval":{"confidence_level":0.99,"lower_bound":424301.57996714115,"upper_bound":778721.9184184234},"point_estimate":620817.9825782776,"standard_error":73866.33757756217},"slope":null,"std_dev":{"confidence_interval":{"confidence_level":0.99,"lower_bound":590816.1816219154,"upper_bound":1141198.0087660963},"point_estimate":876507.2437012596,"standard_error":108727.20941703366}}