{"mean":{"confidence_interval":{"confidence_level":0.99,"lower_bound":108065810.819,"upper_bound":108698816.74965},"point_estimate":108368920.04,"standard_error":122364.20936591038},"median":{"confidence_interval":{"confidence_level":0.99,"lower_bound":107821251.0,"upper_bound":108506968.0},"point_estimate":108326149.0,"standard_error":145605.09717407072},"median_abs_dev":{"confidence_interval":{"confidence_level":0.99,"lower_bound":725436.9491924198,"upper_bound":1338359.3048393726},"point_estimate":1032389.2178714275,"standard_error":126171.37002248388},"slope":null,"std_dev":{"confidence_interval":{"confidence_level":0.99,"lower_bound":866284.1776494513,"upper_bound":1612278.282155076},"point_estimate":1227573.90143104,"standard_error":150696.79602815805}}