{"mean":{"confidence_interval":{"confidence_level":0.99,"lower_bound":95335555.4751,"upper_bound":96129553.56815},"point_estimate":95683361.41,"standard_error":154392.96963097854},"median":{"confidence_interval":{"confidence_level":0.99,"lower_bound":95201012.0,"upper_bound":95889303.0},"point_estimate":95581715.5,"standard_error":123850.4023722947},"median_abs_dev":{"confidence_interval":{"confidence_level":0.99,"lower_bound":725706.6971381307,"upper_bound":1267943.960389495},"point_estimate":1004537.0947659016,"standard_error":96264.7035923644},"slope":null,"std_dev":{"confidence_interval":{"confidence_level":0.99,"lower_bound":798570.1133947826,"upper_bound":2401503.001358483},"point_estimate":1555101.4169769115,"standard_error":360439.1124463828}}