{"mean":{"confidence_interval":{"confidence_level":0.99,"lower_bound":28644806.04475,"upper_bound":28941500.49},"point_estimate":28787802.29,"standard_error":57654.04066342136},"median":{"confidence_interval":{"confidence_level":0.99,"lower_bound":28322185.0,"upper_bound":29023622.0},"point_estimate":28577687.5,"standard_error":149985.5876500224},"median_abs_dev":{"confidence_interval":{"confidence_level":0.99,"lower_bound":168655.3839057684,"upper_bound":978733.1835240126},"point_estimate":520412.60586082935,"standard_error":170813.2913917854},"slope":null,"std_dev":{"confidence_interval":{"confidence_level":0.99,"lower_bound":485892.0998843875,"upper_bound":653868.9624234547},"point_estimate":578530.1093448215,"standard_error":32788.867044128696}}