{"mean":{"confidence_interval":{"confidence_level":0.99,"lower_bound":26197798.91,"upper_bound":26239357.622},"point_estimate":26216595.3,"standard_error":8026.909837946912},"median":{"confidence_interval":{"confidence_level":0.99,"lower_bound":26176611.0,"upper_bound":26205516.0},"point_estimate":26191976.0,"standard_error":5181.230100475004},"median_abs_dev":{"confidence_interval":{"confidence_level":0.99,"lower_bound":23987.615079134714,"upper_bound":56873.27629029751},"point_estimate":41326.732966303825,"standard_error":7126.8760624503375},"slope":null,"std_dev":{"confidence_interval":{"confidence_level":0.99,"lower_bound":50213.6146178842,"upper_bound":116410.11944334333},"point_estimate":80546.5154213089,"standard_error":13885.50264090575}}