{"mean":{"confidence_interval":{"confidence_level":0.99,"lower_bound":83950089.0336,"upper_bound":84099626.59285},"point_estimate":84026516.08,"standard_error":28742.2220754145},"median":{"confidence_interval":{"confidence_level":0.99,"lower_bound":83991232.0,"upper_bound":84103803.0},"point_estimate":84033277.5,"standard_error":21881.9677699154},"median_abs_dev":{"confidence_interval":{"confidence_level":0.99,"lower_bound":126436.8670552969,"upper_bound":251243.6154395342},"point_estimate":191879.57119345665,"standard_error":25433.757022848396},"slope":null,"std_dev":{"confidence_interval":{"confidence_level":0.99,"lower_bound":182647.5891358984,"upper_bound":397375.3582926031},"point_estimate":289846.4272830373,"standard_error":42781.075244051935}}