{"mean":{"confidence_interval":{"confidence_level":0.99,"lower_bound":96235968.3946,"upper_bound":97458175.95195},"point_estimate":96802807.95,"standard_error":237499.33587979322},"median":{"confidence_interval":{"confidence_level":0.99,"lower_bound":95841812.0,"upper_bound":96985527.0},"point_estimate":96358011.5,"standard_error":221592.75980723032},"median_abs_dev":{"confidence_interval":{"confidence_level":0.99,"lower_bound":1062673.0977472812,"upper_bound":2050414.7143843626},"point_estimate":1544013.712388277,"standard_error":189315.41834407268},"slope":null,"std_dev":{"confidence_interval":{"confidence_level":0.99,"lower_bound":1455701.565591701,"upper_bound":3159866.6090272916},"point_estimate":2389221.2695977725,"standard_error":333944.06095365016}}