{"mean":{"confidence_interval":{"confidence_level":0.99,"lower_bound":83064324.25325,"upper_bound":85786973.78700002},"point_estimate":84360366.87,"standard_error":533084.955890181},"median":{"confidence_interval":{"confidence_level":0.99,"lower_bound":81524544.0,"upper_bound":82167268.5},"point_estimate":81869400.5,"standard_error":102343.91311299676},"median_abs_dev":{"confidence_interval":{"confidence_level":0.99,"lower_bound":671291.6160821915,"upper_bound":1527393.76668334},"point_estimate":1010641.7001575232,"standard_error":171150.02730739155},"slope":null,"std_dev":{"confidence_interval":{"confidence_level":0.99,"lower_bound":4094081.918103434,"upper_bound":6191613.251046863},"point_estimate":5355752.9080283325,"standard_error":408019.6673404238}}