{"mean":{"confidence_interval":{"confidence_level":0.99,"lower_bound":126251973.1135,"upper_bound":127700577.73385},"point_estimate":126801776.98,"standard_error":285908.1810611853},"median":{"confidence_interval":{"confidence_level":0.99,"lower_bound":126026270.0,"upper_bound":126440294.5},"point_estimate":126246057.0,"standard_error":86887.65169819057},"median_abs_dev":{"confidence_interval":{"confidence_level":0.99,"lower_bound":502453.13107967377,"upper_bound":894958.5273068111},"point_estimate":735061.2061500549,"standard_error":77340.98546051596},"slope":null,"std_dev":{"confidence_interval":{"confidence_level":0.99,"lower_bound":947861.3990316176,"upper_bound":5117144.571990433},"point_estimate":2876685.549891234,"standard_error":1050341.9269906217}}