{"mean":{"confidence_interval":{"confidence_level":0.99,"lower_bound":1477793371.2961,"upper_bound":1477822198.3627},"point_estimate":1477807949.93,"standard_error":5597.151439838542},"median":{"confidence_interval":{"confidence_level":0.99,"lower_bound":1477796463.0,"upper_bound":1477832782.0},"point_estimate":1477815763.0,"standard_error":7167.179301753592},"median_abs_dev":{"confidence_interval":{"confidence_level":0.99,"lower_bound":38864.87571001053,"upper_bound":73850.53970839085},"point_estimate":56162.369602918625,"standard_error":6897.344356134944},"slope":null,"std_dev":{"confidence_interval":{"confidence_level":0.99,"lower_bound":45960.8859710878,"upper_bound":65420.18243706382},"point_estimate":56160.37751521633,"standard_error":3814.5085459577376}}