{"mean":{"confidence_interval":{"confidence_level":0.99,"lower_bound":25931937.37345,"upper_bound":26039017.676450003},"point_estimate":25979892.0,"standard_error":20993.593114458974},"median":{"confidence_interval":{"confidence_level":0.99,"lower_bound":25891507.0,"upper_bound":25919502.5},"point_estimate":25902207.0,"standard_error":4586.426654686718},"median_abs_dev":{"confidence_interval":{"confidence_level":0.99,"lower_bound":29281.34948015213,"upper_bound":67169.93310749531},"point_estimate":39830.04829287529,"standard_error":7125.828273147244},"slope":null,"std_dev":{"confidence_interval":{"confidence_level":0.99,"lower_bound":126232.87869338442,"upper_bound":278768.9698809137},"point_estimate":211017.24620762756,"standard_error":29576.595055523972}}