{"mean":{"confidence_interval":{"confidence_level":0.99,"lower_bound":622946554.3992,"upper_bound":623378868.99},"point_estimate":623160307.59,"standard_error":83956.42180850395},"median":{"confidence_interval":{"confidence_level":0.99,"lower_bound":622819131.0,"upper_bound":623326675.0},"point_estimate":623101163.0,"standard_error":100149.38512964909},"median_abs_dev":{"confidence_interval":{"confidence_level":0.99,"lower_bound":544155.4066193105,"upper_bound":1103703.8333353414},"point_estimate":790507.4799656868,"standard_error":107991.6363304354},"slope":null,"std_dev":{"confidence_interval":{"confidence_level":0.99,"lower_bound":688676.080484879,"upper_bound":992113.2763367327},"point_estimate":845699.120335133,"standard_error":59880.88454692932}}