{"mean":{"confidence_interval":{"confidence_level":0.99,"lower_bound":90700266.90475,"upper_bound":93778969.90605001},"point_estimate":92141253.55,"standard_error":599918.7317399735},"median":{"confidence_interval":{"confidence_level":0.99,"lower_bound":89871172.0,"upper_bound":90621581.0},"point_estimate":90253291.0,"standard_error":152768.81360685648},"median_abs_dev":{"confidence_interval":{"confidence_level":0.99,"lower_bound":734556.3808590174,"upper_bound":2861324.5454013348},"point_estimate":1407701.988208294,"standard_error":364968.0092919565},"slope":null,"std_dev":{"confidence_interval":{"confidence_level":0.99,"lower_bound":4227687.802908954,"upper_bound":7341795.904873398},"point_estimate":6043845.144694126,"standard_error":601812.6879618667}}