{"mean":{"confidence_interval":{"confidence_level":0.99,"lower_bound":30415260.82785,"upper_bound":30432393.718700003},"point_estimate":30423743.04,"standard_error":3327.5189802269756},"median":{"confidence_interval":{"confidence_level":0.99,"lower_bound":30411565.0,"upper_bound":30432675.5},"point_estimate":30421915.5,"standard_error":4109.907029255848},"median_abs_dev":{"confidence_interval":{"confidence_level":0.99,"lower_bound":23319.748268991716,"upper_bound":44330.48051297665},"point_estimate":32127.94142961502,"standard_error":3938.4009391782038},"slope":null,"std_dev":{"confidence_interval":{"confidence_level":0.99,"lower_bound":27513.285023966146,"upper_bound":38849.89381248699},"point_estimate":33405.42876159291,"standard_error":2220.9020288545676}}