{"mean":{"confidence_interval":{"confidence_level":0.99,"lower_bound":118044287.491,"upper_bound":118372611.09475},"point_estimate":118209432.51,"standard_error":63611.35936113484},"median":{"confidence_interval":{"confidence_level":0.99,"lower_bound":118029908.0,"upper_bound":118393603.0},"point_estimate":118213820.5,"standard_error":63109.509212776335},"median_abs_dev":{"confidence_interval":{"confidence_level":0.99,"lower_bound":404475.5118191242,"upper_bound":723547.334754467},"point_estimate":563244.9191004038,"standard_error":58718.08730396282},"slope":null,"std_dev":{"confidence_interval":{"confidence_level":0.99,"lower_bound":495380.2042490974,"upper_bound":777884.1161689115},"point_estimate":640592.6826206187,"standard_error":55126.21548647875}}