{"mean":{"confidence_interval":{"confidence_level":0.99,"lower_bound":113550916.3856,"upper_bound":121680959.97605},"point_estimate":116832686.07,"standard_error":1589825.0205232832},"median":{"confidence_interval":{"confidence_level":0.99,"lower_bound":113377772.24,"upper_bound":113524012.0},"point_estimate":113432483.5,"standard_error":25877.815575080764},"median_abs_dev":{"confidence_interval":{"confidence_level":0.99,"lower_bound":116978.53156721593,"upper_bound":243998.89066815376},"point_estimate":186477.7181893587,"standard_error":23775.184662471867},"slope":null,"std_dev":{"confidence_interval":{"confidence_level":0.99,"lower_bound":565323.8642216736,"upper_bound":24463958.02177355},"point_estimate":15992085.09254365,"standard_error":4139862.166889371}}