{"mean":{"confidence_interval":{"confidence_level":0.99,"lower_bound":26284667.95855,"upper_bound":26323175.05465},"point_estimate":26302958.16,"standard_error":7456.222273107975},"median":{"confidence_interval":{"confidence_level":0.99,"lower_bound":26264835.0,"upper_bound":26299861.0},"point_estimate":26283861.0,"standard_error":7895.476030571574},"median_abs_dev":{"confidence_interval":{"confidence_level":0.99,"lower_bound":27755.63549923898,"upper_bound":66703.65541577339},"point_estimate":43982.06951916218,"standard_error":7357.598356435174},"slope":null,"std_dev":{"confidence_interval":{"confidence_level":0.99,"lower_bound":51064.85753619674,"upper_bound":95284.7664857494},"point_estimate":74836.17811299558,"standard_error":8754.469737442474}}