{"mean":{"confidence_interval":{"confidence_level":0.99,"lower_bound":26181344.2269,"upper_bound":26212239.808700003},"point_estimate":26196190.65,"standard_error":5960.072722065309},"median":{"confidence_interval":{"confidence_level":0.99,"lower_bound":26168491.0,"upper_bound":26192541.0},"point_estimate":26178236.5,"standard_error":4847.2056008408645},"median_abs_dev":{"confidence_interval":{"confidence_level":0.99,"lower_bound":25976.634138822556,"upper_bound":59113.484850525856},"point_estimate":39571.334597468376,"standard_error":6261.167644317742},"slope":null,"std_dev":{"confidence_interval":{"confidence_level":0.99,"lower_bound":45709.68839269059,"upper_bound":72646.73139632182},"point_estimate":59970.49475819695,"standard_error":5215.885747990875}}