{"mean":{"confidence_interval":{"confidence_level":0.99,"lower_bound":26618584.469049998,"upper_bound":26673599.73},"point_estimate":26642956.43,"standard_error":10691.858354049615},"median":{"confidence_interval":{"confidence_level":0.99,"lower_bound":26598305.0,"upper_bound":26627206.0},"point_estimate":26610570.0,"standard_error":4967.940188319162},"median_abs_dev":{"confidence_interval":{"confidence_level":0.99,"lower_bound":27035.951820015907,"upper_bound":62344.81149315834},"point_estimate":39451.98529958725,"standard_error":6808.458859667073},"slope":null,"std_dev":{"confidence_interval":{"confidence_level":0.99,"lower_bound":57070.23656327106,"upper_bound":160022.85879314382},"point_estimate":107156.20981795971,"standard_error":21366.174582086576}}