{"mean":{"confidence_interval":{"confidence_level":0.99,"lower_bound":26699454.853400003,"upper_bound":26929321.03},"point_estimate":26774226.17,"standard_error":47723.02839674923},"median":{"confidence_interval":{"confidence_level":0.99,"lower_bound":26643435.0,"upper_bound":26752176.0},"point_estimate":26689225.0,"standard_error":17872.304474789467},"median_abs_dev":{"confidence_interval":{"confidence_level":0.99,"lower_bound":68666.61778092384,"upper_bound":174236.63150668144},"point_estimate":113441.87828600407,"standard_error":21310.32541799921},"slope":null,"std_dev":{"confidence_interval":{"confidence_level":0.99,"lower_bound":111169.73702078775,"upper_bound":924361.0215779643},"point_estimate":482196.6624388569,"standard_error":237948.0941989578}}