{"mean":{"confidence_interval":{"confidence_level":0.99,"lower_bound":120019695.1594,"upper_bound":120547372.0591},"point_estimate":120270491.85,"standard_error":102615.80352286804},"median":{"confidence_interval":{"confidence_level":0.99,"lower_bound":119808099.0,"upper_bound":120171538.0},"point_estimate":119981708.5,"standard_error":70686.42286545817},"median_abs_dev":{"confidence_interval":{"confidence_level":0.99,"lower_bound":377589.7510829419,"upper_bound":848202.5577148949},"point_estimate":542704.2377650738,"standard_error":98456.28482213305},"slope":null,"std_dev":{"confidence_interval":{"confidence_level":0.99,"lower_bound":771235.9507810859,"upper_bound":1233166.4328836303},"point_estimate":1029742.8115857732,"standard_error":89357.68465914545}}