{"mean":{"confidence_interval":{"confidence_level":0.99,"lower_bound":26964509.67385,"upper_bound":27203859.692950003},"point_estimate":27056055.78,"standard_error":47377.79843328016},"median":{"confidence_interval":{"confidence_level":0.99,"lower_bound":26926249.0,"upper_bound":26950464.0},"point_estimate":26940024.0,"standard_error":5245.407067755804},"median_abs_dev":{"confidence_interval":{"confidence_level":0.99,"lower_bound":25353.94214987755,"upper_bound":73129.43273319321},"point_estimate":39749.24659430981,"standard_error":9166.044238300441},"slope":null,"std_dev":{"confidence_interval":{"confidence_level":0.99,"lower_bound":96128.27696395999,"upper_bound":833762.9586807964},"point_estimate":477397.4542523216,"standard_error":161901.70086571036}}