{"mean":{"confidence_interval":{"confidence_level":0.99,"lower_bound":44226196.14815,"upper_bound":45943755.479849994},"point_estimate":44998762.22,"standard_error":335723.61960001633},"median":{"confidence_interval":{"confidence_level":0.99,"lower_bound":43799414.0,"upper_bound":44051781.5},"point_estimate":43917780.0,"standard_error":60440.47278713369},"median_abs_dev":{"confidence_interval":{"confidence_level":0.99,"lower_bound":269388.61166189617,"upper_bound":777762.7577784513},"point_estimate":436317.3114538193,"standard_error":107107.42869316673},"slope":null,"std_dev":{"confidence_interval":{"confidence_level":0.99,"lower_bound":1850118.3405665911,"upper_bound":4467904.52101498},"point_estimate":3381160.906606474,"standard_error":502528.0265191598}}