{"mean":{"confidence_interval":{"confidence_level":0.99,"lower_bound":77062042.0572,"upper_bound":80726855.17},"point_estimate":78657004.18,"standard_error":721154.6083921278},"median":{"confidence_interval":{"confidence_level":0.99,"lower_bound":75680413.0,"upper_bound":77339165.5},"point_estimate":77027018.5,"standard_error":278090.2310907192},"median_abs_dev":{"confidence_interval":{"confidence_level":0.99,"lower_bound":768249.947860837,"upper_bound":2627198.0062639136},"point_estimate":2055293.5024112463,"standard_error":362960.0518465188},"slope":null,"std_dev":{"confidence_interval":{"confidence_level":0.99,"lower_bound":2915646.494343818,"upper_bound":10109793.236616448},"point_estimate":7235788.541106747,"standard_error":1359200.7285339618}}