{"mean":{"confidence_interval":{"confidence_level":0.99,"lower_bound":36447277.24,"upper_bound":37242874.37625},"point_estimate":36655963.18,"standard_error":191950.46825273108},"median":{"confidence_interval":{"confidence_level":0.99,"lower_bound":36437777.0,"upper_bound":36467717.0},"point_estimate":36448531.5,"standard_error":7126.978752829739},"median_abs_dev":{"confidence_interval":{"confidence_level":0.99,"lower_bound":30683.147755265236,"upper_bound":61824.493032395905},"point_estimate":44062.87121772766,"standard_error":6291.747192121989},"slope":null,"std_dev":{"confidence_interval":{"confidence_level":0.99,"lower_bound":43558.92960545641,"upper_bound":3791451.96855743},"point_estimate":1925618.583030867,"standard_error":1174263.8733422998}}