{"mean":{"confidence_interval":{"confidence_level":0.99,"lower_bound":91841383.41254999,"upper_bound":92403647.83500001},"point_estimate":92123727.6,"standard_error":109291.84376554415},"median":{"confidence_interval":{"confidence_level":0.99,"lower_bound":91710882.0,"upper_bound":92665857.0},"point_estimate":92241691.0,"standard_error":183585.9205969642},"median_abs_dev":{"confidence_interval":{"confidence_level":0.99,"lower_bound":712170.6038564444,"upper_bound":1355620.4750329256},"point_estimate":1052375.4068166018,"standard_error":119688.30989547443},"slope":null,"std_dev":{"confidence_interval":{"confidence_level":0.99,"lower_bound":889031.7476911264,"upper_bound":1306076.4905490363},"point_estimate":1099446.4160964247,"standard_error":81328.9844695892}}