{"mean":{"confidence_interval":{"confidence_level":0.99,"lower_bound":27110826.6237,"upper_bound":27131233.703500003},"point_estimate":27120757.52,"standard_error":3970.8473442092372},"median":{"confidence_interval":{"confidence_level":0.99,"lower_bound":27100973.0,"upper_bound":27130823.0},"point_estimate":27115313.0,"standard_error":6029.890750457995},"median_abs_dev":{"confidence_interval":{"confidence_level":0.99,"lower_bound":26880.278822779655,"upper_bound":49919.14111375809},"point_estimate":37620.97433209419,"standard_error":4256.157888994536},"slope":null,"std_dev":{"confidence_interval":{"confidence_level":0.99,"lower_bound":31963.011213454007,"upper_bound":46715.162289654894},"point_estimate":39882.64841602629,"standard_error":2862.541506340897}}