{"mean":{"confidence_interval":{"confidence_level":0.99,"lower_bound":28770499.40805,"upper_bound":29077511.13555},"point_estimate":28923642.98,"standard_error":59611.06590727248},"median":{"confidence_interval":{"confidence_level":0.99,"lower_bound":28761041.0,"upper_bound":29191979.5},"point_estimate":29031097.5,"standard_error":99338.76518495151},"median_abs_dev":{"confidence_interval":{"confidence_level":0.99,"lower_bound":432455.20894588536,"upper_bound":899716.9022703323},"point_estimate":649637.5021666288,"standard_error":87240.80655747265},"slope":null,"std_dev":{"confidence_interval":{"confidence_level":0.99,"lower_bound":510401.9406022139,"upper_bound":677485.8826018497},"point_estimate":600611.3600495459,"standard_error":32639.638281349133}}