{"mean":{"confidence_interval":{"confidence_level":0.99,"lower_bound":647531112.80555,"upper_bound":647570582.6719},"point_estimate":647549792.66,"standard_error":7585.506154197103},"median":{"confidence_interval":{"confidence_level":0.99,"lower_bound":647529625.0,"upper_bound":647560996.2025},"point_estimate":647545018.0,"standard_error":6306.5512300917535},"median_abs_dev":{"confidence_interval":{"confidence_level":0.99,"lower_bound":41010.87616141141,"upper_bound":85898.13597500324},"point_estimate":64309.25645828247,"standard_error":8388.039254703997},"slope":null,"std_dev":{"confidence_interval":{"confidence_level":0.99,"lower_bound":54946.06810114945,"upper_bound":101556.0716262046},"point_estimate":76252.89676871695,"standard_error":9511.040410471025}}