{"mean":{"confidence_interval":{"confidence_level":0.99,"lower_bound":28690086.647299998,"upper_bound":29253723.77135},"point_estimate":28897281.35,"standard_error":112374.8416929034},"median":{"confidence_interval":{"confidence_level":0.99,"lower_bound":28637971.0,"upper_bound":28662487.0},"point_estimate":28653246.0,"standard_error":4720.259570224851},"median_abs_dev":{"confidence_interval":{"confidence_level":0.99,"lower_bound":26449.583530426025,"upper_bound":68192.30810384464},"point_estimate":50393.573105335236,"standard_error":7196.941305689406},"slope":null,"std_dev":{"confidence_interval":{"confidence_level":0.99,"lower_bound":290002.8200317215,"upper_bound":2039521.3174082525},"point_estimate":1133794.074888554,"standard_error":431050.8390160055}}