{"mean":{"confidence_interval":{"confidence_level":0.99,"lower_bound":30574193.8655,"upper_bound":30765771.89475},"point_estimate":30633040.22,"standard_error":41203.609870841115},"median":{"confidence_interval":{"confidence_level":0.99,"lower_bound":30568453.0,"upper_bound":30599864.0},"point_estimate":30580728.0,"standard_error":5229.6177061809185},"median_abs_dev":{"confidence_interval":{"confidence_level":0.99,"lower_bound":30957.428750395775,"upper_bound":60186.220061481064},"point_estimate":44544.7162091732,"standard_error":4801.045831298822},"slope":null,"std_dev":{"confidence_interval":{"confidence_level":0.99,"lower_bound":56298.79591556165,"upper_bound":801204.1689817297},"point_estimate":412610.32095119247,"standard_error":219180.0925022255}}