{"mean":{"confidence_interval":{"confidence_level":0.99,"lower_bound":26337393.3435,"upper_bound":26488718.44},"point_estimate":26389188.53,"standard_error":30786.911170698964},"median":{"confidence_interval":{"confidence_level":0.99,"lower_bound":26309819.0,"upper_bound":26335953.0},"point_estimate":26326239.0,"standard_error":5417.665072166723},"median_abs_dev":{"confidence_interval":{"confidence_level":0.99,"lower_bound":25004.0485560894,"upper_bound":56160.89441594482},"point_estimate":37880.429327487946,"standard_error":5914.5523983283565},"slope":null,"std_dev":{"confidence_interval":{"confidence_level":0.99,"lower_bound":67252.62810224299,"upper_bound":579963.5515520839},"point_estimate":308999.6990541653,"standard_error":138303.07843509348}}