{"mean":{"confidence_interval":{"confidence_level":0.99,"lower_bound":146783571.22615,"upper_bound":147797406.56465},"point_estimate":147367208.29,"standard_error":200753.3782915737},"median":{"confidence_interval":{"confidence_level":0.99,"lower_bound":147773110.0,"upper_bound":147877431.0},"point_estimate":147830935.0,"standard_error":16926.683862191123},"median_abs_dev":{"confidence_interval":{"confidence_level":0.99,"lower_bound":108243.88277828693,"upper_bound":221983.02235901356},"point_estimate":146953.0854910612,"standard_error":21510.106162412074},"slope":null,"std_dev":{"confidence_interval":{"confidence_level":0.99,"lower_bound":564444.2045476147,"upper_bound":2907440.368521904},"point_estimate":2017863.9159471386,"standard_error":422708.0924383177}}