{"mean":{"confidence_interval":{"confidence_level":0.99,"lower_bound":1499539257.4401498,"upper_bound":1500007761.7916},"point_estimate":1499773288.79,"standard_error":90939.10564386801},"median":{"confidence_interval":{"confidence_level":0.99,"lower_bound":1499469092.0,"upper_bound":1499918325.0},"point_estimate":1499732908.5,"standard_error":96825.02914676072},"median_abs_dev":{"confidence_interval":{"confidence_level":0.99,"lower_bound":565714.1893565655,"upper_bound":1267181.5370595322},"point_estimate":874555.3311735392,"standard_error":143333.64321362326},"slope":null,"std_dev":{"confidence_interval":{"confidence_level":0.99,"lower_bound":764848.2990188824,"upper_bound":1061360.1630509794},"point_estimate":919199.9717251963,"standard_error":58252.322723179524}}