{"mean":{"confidence_interval":{"confidence_level":0.99,"lower_bound":26316337.16975,"upper_bound":26340115.28885},"point_estimate":26327850.02,"standard_error":4588.402990827009},"median":{"confidence_interval":{"confidence_level":0.99,"lower_bound":26316535.0,"upper_bound":26339965.0},"point_estimate":26326385.0,"standard_error":3491.53124613903},"median_abs_dev":{"confidence_interval":{"confidence_level":0.99,"lower_bound":23847.51308812202,"upper_bound":48251.957443356514},"point_estimate":35783.29166471958,"standard_error":5258.355885626168},"slope":null,"std_dev":{"confidence_interval":{"confidence_level":0.99,"lower_bound":33458.37699639319,"upper_bound":58162.30289931019},"point_estimate":45933.13117076944,"standard_error":4873.536445619926}}