{"mean":{"confidence_interval":{"confidence_level":0.99,"lower_bound":26392455.33,"upper_bound":26487344.5},"point_estimate":26435442.2,"standard_error":18288.044260859995},"median":{"confidence_interval":{"confidence_level":0.99,"lower_bound":26338589.0,"upper_bound":26381919.5},"point_estimate":26354904.0,"standard_error":8409.69894747599},"median_abs_dev":{"confidence_interval":{"confidence_level":0.99,"lower_bound":31090.862748026848,"upper_bound":102233.42248499393},"point_estimate":56049.69200491905,"standard_error":13862.386669246169},"slope":null,"std_dev":{"confidence_interval":{"confidence_level":0.99,"lower_bound":114891.91302096145,"upper_bound":253345.8152745237},"point_estimate":184061.6359634329,"standard_error":27801.89498813944}}