{"mean":{"confidence_interval":{"confidence_level":0.99,"lower_bound":111540153.73665,"upper_bound":112520023.39405},"point_estimate":111962357.94,"standard_error":190707.26535344846},"median":{"confidence_interval":{"confidence_level":0.99,"lower_bound":111202557.0,"upper_bound":111936308.0},"point_estimate":111592937.0,"standard_error":125968.17766914534},"median_abs_dev":{"confidence_interval":{"confidence_level":0.99,"lower_bound":672671.1753576994,"upper_bound":1317379.158632845},"point_estimate":914628.5258620977,"standard_error":124973.58412779961},"slope":null,"std_dev":{"confidence_interval":{"confidence_level":0.99,"lower_bound":869442.6485264197,"upper_bound":2869980.722051775},"point_estimate":1924538.92391569,"standard_error":412708.1907494535}}