{"mean":{"confidence_interval":{"confidence_level":0.99,"lower_bound":116904451.98435001,"upper_bound":117282231.86299999},"point_estimate":117094030.57,"standard_error":72957.81552207163},"median":{"confidence_interval":{"confidence_level":0.99,"lower_bound":116907023.0,"upper_bound":117344210.0},"point_estimate":117102833.0,"standard_error":69763.63659601641},"median_abs_dev":{"confidence_interval":{"confidence_level":0.99,"lower_bound":430300.1794606447,"upper_bound":889412.0615012805},"point_estimate":661003.8548648357,"standard_error":94312.33800746624},"slope":null,"std_dev":{"confidence_interval":{"confidence_level":0.99,"lower_bound":578339.3644565514,"upper_bound":880198.2433593192},"point_estimate":732643.9916088236,"standard_error":59276.49342631466}}