{"mean":{"confidence_interval":{"confidence_level":0.99,"lower_bound":1239957542.2344,"upper_bound":1240005592.2002},"point_estimate":1239981767.82,"standard_error":9351.64015686203},"median":{"confidence_interval":{"confidence_level":0.99,"lower_bound":1239945533.0,"upper_bound":1240020605.0},"point_estimate":1239976050.0,"standard_error":16272.885400418225},"median_abs_dev":{"confidence_interval":{"confidence_level":0.99,"lower_bound":77353.91232669353,"upper_bound":133721.69986246532},"point_estimate":115312.1781527996,"standard_error":11452.690904928335},"slope":null,"std_dev":{"confidence_interval":{"confidence_level":0.99,"lower_bound":78974.9207302156,"upper_bound":108120.03743820112},"point_estimate":94170.91387325944,"standard_error":5668.7300805290215}}