{"mean":{"confidence_interval":{"confidence_level":0.99,"lower_bound":310141817.25060004,"upper_bound":310396286.13530004},"point_estimate":310269025.35,"standard_error":49627.73547373501},"median":{"confidence_interval":{"confidence_level":0.99,"lower_bound":310119847.0,"upper_bound":310444150.0},"point_estimate":310223618.0,"standard_error":70048.28730409402},"median_abs_dev":{"confidence_interval":{"confidence_level":0.99,"lower_bound":294825.38296580315,"upper_bound":623824.6953248978},"point_estimate":419950.1490443945,"standard_error":61757.968228403275},"slope":null,"std_dev":{"confidence_interval":{"confidence_level":0.99,"lower_bound":403871.5482239753,"upper_bound":590874.3928293932},"point_estimate":500903.6163899324,"standard_error":36505.32212835709}}