{"mean":{"confidence_interval":{"confidence_level":0.99,"lower_bound":27082080.28,"upper_bound":27391076.66},"point_estimate":27210031.21,"standard_error":60418.03275570924},"median":{"confidence_interval":{"confidence_level":0.99,"lower_bound":27052601.0,"upper_bound":27077092.0},"point_estimate":27066711.0,"standard_error":4961.567116902469},"median_abs_dev":{"confidence_interval":{"confidence_level":0.99,"lower_bound":30869.2140519619,"upper_bound":75894.40755410503},"point_estimate":46842.746168375015,"standard_error":9157.27626958392},"slope":null,"std_dev":{"confidence_interval":{"confidence_level":0.99,"lower_bound":152382.09591414427,"upper_bound":910911.2879866727},"point_estimate":604719.5296891114,"standard_error":141994.90424935307}}