{"mean":{"confidence_interval":{"confidence_level":0.99,"lower_bound":26962886.05125,"upper_bound":27222785.93},"point_estimate":27074621.86,"standard_error":51087.25195028993},"median":{"confidence_interval":{"confidence_level":0.99,"lower_bound":26914896.0,"upper_bound":26938376.0},"point_estimate":26924426.0,"standard_error":4508.760478477522},"median_abs_dev":{"confidence_interval":{"confidence_level":0.99,"lower_bound":20022.512644529343,"upper_bound":61187.6422137022},"point_estimate":36375.59035420418,"standard_error":7433.770513147084},"slope":null,"std_dev":{"confidence_interval":{"confidence_level":0.99,"lower_bound":202839.47275352938,"upper_bound":729535.324143515},"point_estimate":513185.49823793495,"standard_error":101113.4683314401}}