{"mean":{"confidence_interval":{"confidence_level":0.99,"lower_bound":26171093.891050003,"upper_bound":26204290.83585},"point_estimate":26186420.85,"standard_error":6474.53407666661},"median":{"confidence_interval":{"confidence_level":0.99,"lower_bound":26162117.0,"upper_bound":26182512.0},"point_estimate":26173987.0,"standard_error":3821.846545664458},"median_abs_dev":{"confidence_interval":{"confidence_level":0.99,"lower_bound":22898.686169967063,"upper_bound":42721.11824154854},"point_estimate":30727.625754475594,"standard_error":3586.1443891226663},"slope":null,"std_dev":{"confidence_interval":{"confidence_level":0.99,"lower_bound":40981.517094517876,"upper_bound":88816.31379371118},"point_estimate":64856.03275591146,"standard_error":9582.509781419672}}