{"mean":{"confidence_interval":{"confidence_level":0.99,"lower_bound":124920490.6587,"upper_bound":125274040.508},"point_estimate":125095707.32,"standard_error":68342.5009285194},"median":{"confidence_interval":{"confidence_level":0.99,"lower_bound":124903340.0,"upper_bound":125229959.5},"point_estimate":125071255.0,"standard_error":67377.57223105396},"median_abs_dev":{"confidence_interval":{"confidence_level":0.99,"lower_bound":331294.19920635223,"upper_bound":608002.3884057999},"point_estimate":445547.23758995533,"standard_error":53795.80073353148},"slope":null,"std_dev":{"confidence_interval":{"confidence_level":0.99,"lower_bound":499339.250958805,"upper_bound":870178.5072115292},"point_estimate":687165.8865209322,"standard_error":72331.42364812465}}