{"mean":{"confidence_interval":{"confidence_level":0.99,"lower_bound":27913367.077299997,"upper_bound":27941865.1512},"point_estimate":27926768.03,"standard_error":5512.360633032847},"median":{"confidence_interval":{"confidence_level":0.99,"lower_bound":27909518.0,"upper_bound":27932858.0},"point_estimate":27916458.0,"standard_error":4605.154605283891},"median_abs_dev":{"confidence_interval":{"confidence_level":0.99,"lower_bound":24818.723559379578,"upper_bound":55538.228372499376},"point_estimate":40438.65558207035,"standard_error":6082.937721965375},"slope":null,"std_dev":{"confidence_interval":{"confidence_level":0.99,"lower_bound":39008.54284352586,"upper_bound":74140.67136623715},"point_estimate":55480.40363428635,"standard_error":7181.081501221866}}