{"mean":{"confidence_interval":{"confidence_level":0.99,"lower_bound":116818781.80019999,"upper_bound":117245029.23925},"point_estimate":117023054.85,"standard_error":82894.73783035182},"median":{"confidence_interval":{"confidence_level":0.99,"lower_bound":116722982.0,"upper_bound":117117122.0},"point_estimate":116885315.0,"standard_error":71988.6762196899},"median_abs_dev":{"confidence_interval":{"confidence_level":0.99,"lower_bound":395872.53273385763,"upper_bound":764358.9494794175},"point_estimate":573134.6022248268,"standard_error":73526.13945374601},"slope":null,"std_dev":{"confidence_interval":{"confidence_level":0.99,"lower_bound":592744.0705387915,"upper_bound":1036447.6517278911},"point_estimate":833816.457272869,"standard_error":86932.75680981188}}