{"mean":{"confidence_interval":{"confidence_level":0.99,"lower_bound":27358571.318899997,"upper_bound":27803291.236449998},"point_estimate":27488051.11,"standard_error":98089.71580403749},"median":{"confidence_interval":{"confidence_level":0.99,"lower_bound":27341433.0,"upper_bound":27371828.0},"point_estimate":27358753.0,"standard_error":6342.437024802715},"median_abs_dev":{"confidence_interval":{"confidence_level":0.99,"lower_bound":33745.45800089836,"upper_bound":69231.48837089539},"point_estimate":49088.88512849808,"standard_error":6448.000038789907},"slope":null,"std_dev":{"confidence_interval":{"confidence_level":0.99,"lower_bound":72989.09907168042,"upper_bound":1922588.1546675006},"point_estimate":986318.3666940494,"standard_error":541996.1096309179}}