{"mean":{"confidence_interval":{"confidence_level":0.99,"lower_bound":31553317.99,"upper_bound":31727437.13035},"point_estimate":31612287.59,"standard_error":35405.65177267927},"median":{"confidence_interval":{"confidence_level":0.99,"lower_bound":31537271.0,"upper_bound":31563131.0},"point_estimate":31551306.0,"standard_error":4851.240562023728},"median_abs_dev":{"confidence_interval":{"confidence_level":0.99,"lower_bound":27316.05572654308,"upper_bound":58296.57226502895},"point_estimate":42432.75254666805,"standard_error":5498.534796805926},"slope":null,"std_dev":{"confidence_interval":{"confidence_level":0.99,"lower_bound":49860.5917303593,"upper_bound":663677.2225418141},"point_estimate":355073.37833900284,"standard_error":157093.3454361707}}