{"mean":{"confidence_interval":{"confidence_level":0.99,"lower_bound":26100707.07835,"upper_bound":26425441.10235},"point_estimate":26235035.39,"standard_error":63978.909790617494},"median":{"confidence_interval":{"confidence_level":0.99,"lower_bound":26069693.0,"upper_bound":26093617.5},"point_estimate":26078148.0,"standard_error":5004.779819767918},"median_abs_dev":{"confidence_interval":{"confidence_level":0.99,"lower_bound":24464.382165670395,"upper_bound":56294.32470707595},"point_estimate":39134.70890522003,"standard_error":6208.30570350993},"slope":null,"std_dev":{"confidence_interval":{"confidence_level":0.99,"lower_bound":76991.85099249205,"upper_bound":974248.1010838231},"point_estimate":642048.9216359897,"standard_error":161102.50688784223}}