{"mean":{"confidence_interval":{"confidence_level":0.99,"lower_bound":26742684.41045,"upper_bound":26780045.48945},"point_estimate":26758531.88,"standard_error":7230.134696636496},"median":{"confidence_interval":{"confidence_level":0.99,"lower_bound":26733260.0,"upper_bound":26755240.0},"point_estimate":26744259.5,"standard_error":4578.682585551699},"median_abs_dev":{"confidence_interval":{"confidence_level":0.99,"lower_bound":22490.300300717354,"upper_bound":46249.709885403514},"point_estimate":33033.0687135458,"standard_error":4414.691221913449},"slope":null,"std_dev":{"confidence_interval":{"confidence_level":0.99,"lower_bound":36951.908290975494,"upper_bound":117733.11358379091},"point_estimate":72821.39827130124,"standard_error":18800.197320424973}}