{"mean":{"confidence_interval":{"confidence_level":0.99,"lower_bound":111017874.84165001,"upper_bound":111788731.10495},"point_estimate":111368687.88,"standard_error":148730.04222808758},"median":{"confidence_interval":{"confidence_level":0.99,"lower_bound":110693240.0,"upper_bound":111430898.0},"point_estimate":111030508.5,"standard_error":158385.73429589946},"median_abs_dev":{"confidence_interval":{"confidence_level":0.99,"lower_bound":581950.1416683197,"upper_bound":1252785.513554113},"point_estimate":883339.7360175848,"standard_error":128695.75140970129},"slope":null,"std_dev":{"confidence_interval":{"confidence_level":0.99,"lower_bound":912700.1794786269,"upper_bound":2095069.9827006892},"point_estimate":1497352.6250438006,"standard_error":241074.84886424182}}