{"mean":{"confidence_interval":{"confidence_level":0.99,"lower_bound":104663770.6641,"upper_bound":106142031.6408},"point_estimate":105258097.35,"standard_error":290089.31577398576},"median":{"confidence_interval":{"confidence_level":0.99,"lower_bound":104192389.5,"upper_bound":104692171.0},"point_estimate":104374330.0,"standard_error":110369.55389171121},"median_abs_dev":{"confidence_interval":{"confidence_level":0.99,"lower_bound":424152.2265522929,"upper_bound":964705.5638730526},"point_estimate":628787.6987367868,"standard_error":114255.72455817323},"slope":null,"std_dev":{"confidence_interval":{"confidence_level":0.99,"lower_bound":1250590.8074014587,"upper_bound":4907981.860680517},"point_estimate":2907011.4937386904,"standard_error":883052.6462784386}}