{"mean":{"confidence_interval":{"confidence_level":0.99,"lower_bound":29195058.2261,"upper_bound":30346648.8446},"point_estimate":29717108.2,"standard_error":225518.4322020274},"median":{"confidence_interval":{"confidence_level":0.99,"lower_bound":28887120.0,"upper_bound":28932900.0},"point_estimate":28907975.5,"standard_error":9379.93159855035},"median_abs_dev":{"confidence_interval":{"confidence_level":0.99,"lower_bound":52973.96052302421,"upper_bound":119705.8631747961},"point_estimate":81729.06484901905,"standard_error":13640.700325284313},"slope":null,"std_dev":{"confidence_interval":{"confidence_level":0.99,"lower_bound":1320152.4289152832,"upper_bound":2933702.0302030384},"point_estimate":2276317.261737081,"standard_error":307808.22806952364}}