{"mean":{"confidence_interval":{"confidence_level":0.99,"lower_bound":89281399.2782,"upper_bound":92498738.11115},"point_estimate":90770563.04,"standard_error":625159.5538854587},"median":{"confidence_interval":{"confidence_level":0.99,"lower_bound":87979085.0,"upper_bound":88124059.0},"point_estimate":88046721.5,"standard_error":23655.844928516424},"median_abs_dev":{"confidence_interval":{"confidence_level":0.99,"lower_bound":195713.61549688881,"upper_bound":522947.1105158329},"point_estimate":335052.02675163746,"standard_error":66185.53259493058},"slope":null,"std_dev":{"confidence_interval":{"confidence_level":0.99,"lower_bound":4198274.199642611,"upper_bound":7692967.236379373},"point_estimate":6270993.659644474,"standard_error":669886.4509001141}}