{"mean":{"confidence_interval":{"confidence_level":0.99,"lower_bound":1015214065.0438999,"upper_bound":1015268990.86635},"point_estimate":1015243889.89,"standard_error":10721.45657195039},"median":{"confidence_interval":{"confidence_level":0.99,"lower_bound":1015218225.0,"upper_bound":1015291695.0},"point_estimate":1015244457.5,"standard_error":11491.59308970246},"median_abs_dev":{"confidence_interval":{"confidence_level":0.99,"lower_bound":55593.740622013815,"upper_bound":99922.79042601585},"point_estimate":81022.6059615612,"standard_error":8033.98577418224},"slope":null,"std_dev":{"confidence_interval":{"confidence_level":0.99,"lower_bound":65173.6697675607,"upper_bound":155256.33392581195},"point_estimate":108198.8992975899,"standard_error":18593.567102664998}}