{"mean":{"confidence_interval":{"confidence_level":0.99,"lower_bound":97150071.06,"upper_bound":99644559.94129999},"point_estimate":98145203.4,"standard_error":495841.1514083254},"median":{"confidence_interval":{"confidence_level":0.99,"lower_bound":96762744.5,"upper_bound":97373089.0},"point_estimate":96953257.5,"standard_error":128431.34691275125},"median_abs_dev":{"confidence_interval":{"confidence_level":0.99,"lower_bound":584196.2806284428,"upper_bound":1295178.5806059837},"point_estimate":890182.6761960983,"standard_error":128514.69310794475},"slope":null,"std_dev":{"confidence_interval":{"confidence_level":0.99,"lower_bound":1060307.7544106958,"upper_bound":7791977.935299478},"point_estimate":4979636.785450976,"standard_error":1384104.9566626393}}