{"mean":{"confidence_interval":{"confidence_level":0.99,"lower_bound":69760296.52445,"upper_bound":71224391.84035},"point_estimate":70480391.87,"standard_error":282530.7521355637},"median":{"confidence_interval":{"confidence_level":0.99,"lower_bound":69417528.0,"upper_bound":70861391.0},"point_estimate":69887722.0,"standard_error":237278.85397337237},"median_abs_dev":{"confidence_interval":{"confidence_level":0.99,"lower_bound":1593512.5364094973,"upper_bound":3551362.3445822163},"point_estimate":2294394.624066353,"standard_error":356644.4163641389},"slope":null,"std_dev":{"confidence_interval":{"confidence_level":0.99,"lower_bound":2322914.964739676,"upper_bound":3307212.7069498184},"point_estimate":2844775.040135123,"standard_error":190359.75007746217}}