{"mean":{"confidence_interval":{"confidence_level":0.99,"lower_bound":26355013.438449997,"upper_bound":26370132.6097},"point_estimate":26362559.04,"standard_error":2932.726721323784},"median":{"confidence_interval":{"confidence_level":0.99,"lower_bound":26353883.0,"upper_bound":26372963.0},"point_estimate":26359913.5,"standard_error":3948.1955035180645},"median_abs_dev":{"confidence_interval":{"confidence_level":0.99,"lower_bound":20445.05363702774,"upper_bound":40209.731026634705},"point_estimate":27969.24850344658,"standard_error":3854.5709125055623},"slope":null,"std_dev":{"confidence_interval":{"confidence_level":0.99,"lower_bound":24240.234905815298,"upper_bound":34700.560456614294},"point_estimate":29618.817085321574,"standard_error":2035.412640650618}}