{"mean":{"confidence_interval":{"confidence_level":0.99,"lower_bound":617993042.7831999,"upper_bound":618561189.4943},"point_estimate":618276267.92,"standard_error":110075.05769953107},"median":{"confidence_interval":{"confidence_level":0.99,"lower_bound":617881076.0,"upper_bound":618525571.5},"point_estimate":618135038.5,"standard_error":140753.0425468102},"median_abs_dev":{"confidence_interval":{"confidence_level":0.99,"lower_bound":747234.093233943,"upper_bound":1549404.4458925724},"point_estimate":1226497.87812531,"standard_error":166825.55281937093},"slope":null,"std_dev":{"confidence_interval":{"confidence_level":0.99,"lower_bound":913926.8386123284,"upper_bound":1279580.257360077},"point_estimate":1105039.2717731267,"standard_error":70890.68200342749}}