{"mean":{"confidence_interval":{"confidence_level":0.99,"lower_bound":108050412.41765,"upper_bound":108713474.83375},"point_estimate":108368128.71,"standard_error":129211.53823947207},"median":{"confidence_interval":{"confidence_level":0.99,"lower_bound":107682883.0,"upper_bound":108511326.5},"point_estimate":108053846.5,"standard_error":154142.60140516487},"median_abs_dev":{"confidence_interval":{"confidence_level":0.99,"lower_bound":774165.5217558146,"upper_bound":1473315.9660019178},"point_estimate":1052509.5821142197,"standard_error":142083.90150953998},"slope":null,"std_dev":{"confidence_interval":{"confidence_level":0.99,"lower_bound":991449.9731641776,"upper_bound":1555120.3291040736},"point_estimate":1296385.4865040216,"standard_error":109630.27266281324}}