{"mean":{"confidence_interval":{"confidence_level":0.99,"lower_bound":399224625.6,"upper_bound":399654113.3},"point_estimate":399439918.11,"standard_error":84563.8328516028},"median":{"confidence_interval":{"confidence_level":0.99,"lower_bound":399055012.0,"upper_bound":399691596.0},"point_estimate":399442645.0,"standard_error":130383.94092059576},"median_abs_dev":{"confidence_interval":{"confidence_level":0.99,"lower_bound":660443.4320747852,"upper_bound":1181054.7063320875},"point_estimate":904399.3273437023,"standard_error":96653.56972945227},"slope":null,"std_dev":{"confidence_interval":{"confidence_level":0.99,"lower_bound":710344.2115475887,"upper_bound":1032161.0872016737},"point_estimate":867904.3902140526,"standard_error":61092.70071559218}}