{"mean":{"confidence_interval":{"confidence_level":0.99,"lower_bound":117305527.54905,"upper_bound":117691299.28684999},"point_estimate":117490704.4,"standard_error":75082.28042659187},"median":{"confidence_interval":{"confidence_level":0.99,"lower_bound":117251054.0,"upper_bound":117537402.0},"point_estimate":117343616.5,"standard_error":72647.8435743234},"median_abs_dev":{"confidence_interval":{"confidence_level":0.99,"lower_bound":322088.9138817787,"upper_bound":722030.1605494039},"point_estimate":487661.2311422825,"standard_error":74142.7462911319},"slope":null,"std_dev":{"confidence_interval":{"confidence_level":0.99,"lower_bound":551642.5765893104,"upper_bound":948501.6168571392},"point_estimate":754322.1483715688,"standard_error":77831.70630840772}}