{"mean":{"confidence_interval":{"confidence_level":0.99,"lower_bound":111662474.25195,"upper_bound":112263698.06455001},"point_estimate":111943905.64,"standard_error":116249.57983203515},"median":{"confidence_interval":{"confidence_level":0.99,"lower_bound":111475077.0,"upper_bound":112202050.0},"point_estimate":111890757.5,"standard_error":171093.21440315188},"median_abs_dev":{"confidence_interval":{"confidence_level":0.99,"lower_bound":726453.571700871,"upper_bound":1346582.545593381},"point_estimate":1038060.904070735,"standard_error":119875.30716629676},"slope":null,"std_dev":{"confidence_interval":{"confidence_level":0.99,"lower_bound":813284.313667799,"upper_bound":1693543.1619089104},"point_estimate":1174781.2716954567,"standard_error":198690.30457146122}}