{"mean":{"confidence_interval":{"confidence_level":0.99,"lower_bound":2723870961.07,"upper_bound":2725371771.0479503},"point_estimate":2724604872.17,"standard_error":288673.0535124131},"median":{"confidence_interval":{"confidence_level":0.99,"lower_bound":2723967692.0,"upper_bound":2725610984.0},"point_estimate":2724606967.5,"standard_error":305160.0597004054},"median_abs_dev":{"confidence_interval":{"confidence_level":0.99,"lower_bound":1730858.3740711212,"upper_bound":3449351.864361763},"point_estimate":2642036.889794469,"standard_error":337566.1368658579},"slope":null,"std_dev":{"confidence_interval":{"confidence_level":0.99,"lower_bound":2293259.1425329717,"upper_bound":3455891.534456483},"point_estimate":2906714.616672343,"standard_error":226155.3942449445}}