{"mean":{"confidence_interval":{"confidence_level":0.99,"lower_bound":131392995.89375001,"upper_bound":137465397.3159},"point_estimate":134278478.45,"standard_error":1186397.5232386095},"median":{"confidence_interval":{"confidence_level":0.99,"lower_bound":126697898.5,"upper_bound":127516203.0},"point_estimate":126915473.0,"standard_error":324804.4752853416},"median_abs_dev":{"confidence_interval":{"confidence_level":0.99,"lower_bound":610726.1247084439,"upper_bound":2851299.6454528174},"point_estimate":959819.6556597948,"standard_error":523380.15454937564},"slope":null,"std_dev":{"confidence_interval":{"confidence_level":0.99,"lower_bound":9099494.49832785,"upper_bound":14359220.74934409},"point_estimate":11901955.56569368,"standard_error":1035684.1655997036}}