{"mean":{"confidence_interval":{"confidence_level":0.99,"lower_bound":28335213.0061,"upper_bound":29349128.37875},"point_estimate":28753475.68,"standard_error":199705.56085139205},"median":{"confidence_interval":{"confidence_level":0.99,"lower_bound":28248358.5,"upper_bound":28286418.0},"point_estimate":28261513.0,"standard_error":7287.272717446814},"median_abs_dev":{"confidence_interval":{"confidence_level":0.99,"lower_bound":41840.45385718346,"upper_bound":98356.42355382442},"point_estimate":63351.4968752861,"standard_error":9245.112711050566},"slope":null,"std_dev":{"confidence_interval":{"confidence_level":0.99,"lower_bound":286909.8555434638,"upper_bound":3037773.2259782576},"point_estimate":2003956.0926517167,"standard_error":492779.4568996062}}