{"mean":{"confidence_interval":{"confidence_level":0.99,"lower_bound":27138291.09895,"upper_bound":27400718.42},"point_estimate":27244918.93,"standard_error":51615.49126623861},"median":{"confidence_interval":{"confidence_level":0.99,"lower_bound":27092210.0,"upper_bound":27126850.0},"point_estimate":27103135.5,"standard_error":5810.384265671406},"median_abs_dev":{"confidence_interval":{"confidence_level":0.99,"lower_bound":38925.66230893135,"upper_bound":96822.1512645634},"point_estimate":56725.01629292965,"standard_error":9776.13194053773},"slope":null,"std_dev":{"confidence_interval":{"confidence_level":0.99,"lower_bound":120494.32614634538,"upper_bound":823110.0503294732},"point_estimate":520823.1378747512,"standard_error":138880.5847052907}}