{"mean":{"confidence_interval":{"confidence_level":0.99,"lower_bound":295692701.70570004,"upper_bound":295746303.94375},"point_estimate":295718894.05,"standard_error":10476.54367670816},"median":{"confidence_interval":{"confidence_level":0.99,"lower_bound":295682786.0,"upper_bound":295752477.0},"point_estimate":295714316.0,"standard_error":13448.873494587278},"median_abs_dev":{"confidence_interval":{"confidence_level":0.99,"lower_bound":72678.5333096981,"upper_bound":132919.53544020653},"point_estimate":100841.26110970974,"standard_error":12008.460651185147},"slope":null,"std_dev":{"confidence_interval":{"confidence_level":0.99,"lower_bound":83010.17689305432,"upper_bound":129380.57978968567},"point_estimate":105322.79658503388,"standard_error":9180.066390558888}}