{"mean":{"confidence_interval":{"confidence_level":0.99,"lower_bound":617678217.8089501,"upper_bound":618378830.32965},"point_estimate":618017933.15,"standard_error":137204.6998034679},"median":{"confidence_interval":{"confidence_level":0.99,"lower_bound":617376210.0,"upper_bound":618105796.0},"point_estimate":617730193.0,"standard_error":132621.8022549706},"median_abs_dev":{"confidence_interval":{"confidence_level":0.99,"lower_bound":797850.05633533,"upper_bound":1687220.2677458525},"point_estimate":1265256.0066372156,"standard_error":163419.63807872857},"slope":null,"std_dev":{"confidence_interval":{"confidence_level":0.99,"lower_bound":1098989.6171336232,"upper_bound":1620549.0054874427},"point_estimate":1376746.2001395593,"standard_error":101900.25750428606}}