{"mean":{"confidence_interval":{"confidence_level":0.99,"lower_bound":92833861.43284999,"upper_bound":94725759.78240001},"point_estimate":93602655.71,"standard_error":375339.26125959004},"median":{"confidence_interval":{"confidence_level":0.99,"lower_bound":92701121.0,"upper_bound":93269908.0},"point_estimate":92991293.5,"standard_error":108516.9172895521},"median_abs_dev":{"confidence_interval":{"confidence_level":0.99,"lower_bound":717081.7162692547,"upper_bound":1390847.4803615224},"point_estimate":1054679.3671756983,"standard_error":135372.42081351066},"slope":null,"std_dev":{"confidence_interval":{"confidence_level":0.99,"lower_bound":974805.0723146831,"upper_bound":5925786.820283271},"point_estimate":3764957.9385958845,"standard_error":1013924.6368795637}}