{"mean":{"confidence_interval":{"confidence_level":0.99,"lower_bound":615515738.35,"upper_bound":616057916.3648499},"point_estimate":615793057.1,"standard_error":105584.95097420254},"median":{"confidence_interval":{"confidence_level":0.99,"lower_bound":615565047.0,"upper_bound":616077800.0},"point_estimate":615859369.0,"standard_error":107339.51797941138},"median_abs_dev":{"confidence_interval":{"confidence_level":0.99,"lower_bound":608664.3692940474,"upper_bound":1161833.909623325},"point_estimate":849358.5446208715,"standard_error":104543.83201872456},"slope":null,"std_dev":{"confidence_interval":{"confidence_level":0.99,"lower_bound":824258.7781295924,"upper_bound":1280976.4856823513},"point_estimate":1057240.480065506,"standard_error":89123.94822178537}}