{"mean":{"confidence_interval":{"confidence_level":0.99,"lower_bound":26871343.449699998,"upper_bound":26897318.3002},"point_estimate":26883305.42,"standard_error":5072.710887687107},"median":{"confidence_interval":{"confidence_level":0.99,"lower_bound":26870176.0,"upper_bound":26890006.0},"point_estimate":26881386.0,"standard_error":4234.24686721688},"median_abs_dev":{"confidence_interval":{"confidence_level":0.99,"lower_bound":20837.942630052567,"upper_bound":50082.37537086024},"point_estimate":33322.175708413124,"standard_error":5903.1942031654335},"slope":null,"std_dev":{"confidence_interval":{"confidence_level":0.99,"lower_bound":31563.224407823578,"upper_bound":74868.31412628271},"point_estimate":51093.41646063413,"standard_error":9269.435428650015}}