{"mean":{"confidence_interval":{"confidence_level":0.99,"lower_bound":122289868.67035,"upper_bound":122900747.02489999},"point_estimate":122592936.56,"standard_error":118345.47662317219},"median":{"confidence_interval":{"confidence_level":0.99,"lower_bound":122286146.0,"upper_bound":122661276.0},"point_estimate":122454444.5,"standard_error":69340.72788248402},"median_abs_dev":{"confidence_interval":{"confidence_level":0.99,"lower_bound":419600.2257986069,"upper_bound":1044369.3669587374},"point_estimate":685554.9691289663,"standard_error":128358.3639051179},"slope":null,"std_dev":{"confidence_interval":{"confidence_level":0.99,"lower_bound":929209.4553095278,"upper_bound":1424717.927200384},"point_estimate":1189483.878009998,"standard_error":95675.07585267382}}