{"mean":{"confidence_interval":{"confidence_level":0.99,"lower_bound":165639827.80895,"upper_bound":165856998.23},"point_estimate":165747267.88,"standard_error":42369.167011787045},"median":{"confidence_interval":{"confidence_level":0.99,"lower_bound":165606015.0,"upper_bound":165887616.0},"point_estimate":165698850.5,"standard_error":54188.61199304711},"median_abs_dev":{"confidence_interval":{"confidence_level":0.99,"lower_bound":314825.6566107273,"upper_bound":585157.0054113865},"point_estimate":454116.6654378176,"standard_error":53787.053068418245},"slope":null,"std_dev":{"confidence_interval":{"confidence_level":0.99,"lower_bound":351001.3479739596,"upper_bound":495092.81086619315},"point_estimate":426210.20513637335,"standard_error":28029.06787490118}}