{"mean":{"confidence_interval":{"confidence_level":0.99,"lower_bound":26257074.62275,"upper_bound":26332612.2915},"point_estimate":26292092.99,"standard_error":14657.991233912047},"median":{"confidence_interval":{"confidence_level":0.99,"lower_bound":26232366.5,"upper_bound":26295897.0},"point_estimate":26261751.5,"standard_error":12339.498789338186},"median_abs_dev":{"confidence_interval":{"confidence_level":0.99,"lower_bound":64390.79945683479,"upper_bound":125169.2440778017},"point_estimate":101091.82050526142,"standard_error":12301.810415002139},"slope":null,"std_dev":{"confidence_interval":{"confidence_level":0.99,"lower_bound":93614.97272048511,"upper_bound":190266.4352604683},"point_estimate":147027.20175322567,"standard_error":18920.793285786945}}