{"mean":{"confidence_interval":{"confidence_level":0.99,"lower_bound":91929441.38980001,"upper_bound":93457461.2596},"point_estimate":92692032.93,"standard_error":295309.83192629565},"median":{"confidence_interval":{"confidence_level":0.99,"lower_bound":92057988.0,"upper_bound":92576338.0},"point_estimate":92319901.0,"standard_error":101225.00481992401},"median_abs_dev":{"confidence_interval":{"confidence_level":0.99,"lower_bound":528261.8644779772,"upper_bound":1284996.6028967518},"point_estimate":791640.9276455641,"standard_error":150853.1294478026},"slope":null,"std_dev":{"confidence_interval":{"confidence_level":0.99,"lower_bound":2227726.5693772878,"upper_bound":3582929.813207418},"point_estimate":2953830.2768949536,"standard_error":262896.0105764134}}