{"mean":{"confidence_interval":{"confidence_level":0.99,"lower_bound":26304940.736100003,"upper_bound":26356144.4241},"point_estimate":26330489.86,"standard_error":9856.048814363783},"median":{"confidence_interval":{"confidence_level":0.99,"lower_bound":26288684.0,"upper_bound":26358499.0},"point_estimate":26331399.0,"standard_error":13976.008962632633},"median_abs_dev":{"confidence_interval":{"confidence_level":0.99,"lower_bound":70522.0916479826,"upper_bound":137097.5021660328},"point_estimate":100054.00052368641,"standard_error":12532.26326819011},"slope":null,"std_dev":{"confidence_interval":{"confidence_level":0.99,"lower_bound":82535.96474504854,"upper_bound":115157.83636990657},"point_estimate":99404.72783962084,"standard_error":6363.203744369197}}