{"mean":{"confidence_interval":{"confidence_level":0.99,"lower_bound":27041230.136099998,"upper_bound":27064032.628599998},"point_estimate":27052591.39,"standard_error":4439.908169241747},"median":{"confidence_interval":{"confidence_level":0.99,"lower_bound":27038663.0,"upper_bound":27069074.0},"point_estimate":27054883.5,"standard_error":6447.6992395445295},"median_abs_dev":{"confidence_interval":{"confidence_level":0.99,"lower_bound":27130.067266345028,"upper_bound":53210.513055324554},"point_estimate":35374.83537197113,"standard_error":4572.356148980316},"slope":null,"std_dev":{"confidence_interval":{"confidence_level":0.99,"lower_bound":34326.82069779123,"upper_bound":54400.802676644475},"point_estimate":44618.45663945324,"standard_error":3926.4900714739265}}