{"mean":{"confidence_interval":{"confidence_level":0.99,"lower_bound":26149518.97885,"upper_bound":26255742.6891},"point_estimate":26202060.78,"standard_error":20653.01740921365},"median":{"confidence_interval":{"confidence_level":0.99,"lower_bound":26070014.0,"upper_bound":26223445.0},"point_estimate":26138134.5,"standard_error":29478.904393262343},"median_abs_dev":{"confidence_interval":{"confidence_level":0.99,"lower_bound":122790.40500703454,"upper_bound":285627.54029309767},"point_estimate":192717.9814785719,"standard_error":34688.092960256574},"slope":null,"std_dev":{"confidence_interval":{"confidence_level":0.99,"lower_bound":175153.74534672475,"upper_bound":234122.8873931598},"point_estimate":207792.18172717906,"standard_error":11428.574285797724}}