{"mean":{"confidence_interval":{"confidence_level":0.99,"lower_bound":32778490.32,"upper_bound":32829822.54895},"point_estimate":32798993.68,"standard_error":10058.734502475567},"median":{"confidence_interval":{"confidence_level":0.99,"lower_bound":32768938.0,"upper_bound":32805788.0},"point_estimate":32786053.0,"standard_error":5924.52229331125},"median_abs_dev":{"confidence_interval":{"confidence_level":0.99,"lower_bound":36730.64710240066,"upper_bound":65635.44213473797},"point_estimate":52098.56307506561,"standard_error":5458.5300957129075},"slope":null,"std_dev":{"confidence_interval":{"confidence_level":0.99,"lower_bound":41180.37311049123,"upper_bound":176020.90215102857},"point_estimate":100963.22108848962,"standard_error":33716.40450071573}}