{"mean":{"confidence_interval":{"confidence_level":0.99,"lower_bound":65390255.35,"upper_bound":65558436.47415},"point_estimate":65466956.27,"standard_error":32993.407554135076},"median":{"confidence_interval":{"confidence_level":0.99,"lower_bound":65273168.5,"upper_bound":65411499.0},"point_estimate":65334684.0,"standard_error":26813.28340630631},"median_abs_dev":{"confidence_interval":{"confidence_level":0.99,"lower_bound":86598.66446256638,"upper_bound":271142.1493677672},"point_estimate":157698.22880029678,"standard_error":36583.01253324865},"slope":null,"std_dev":{"confidence_interval":{"confidence_level":0.99,"lower_bound":220820.5858021174,"upper_bound":469339.176389549},"point_estimate":332087.61938994034,"standard_error":53412.94776338094}}