{"mean":{"confidence_interval":{"confidence_level":0.99,"lower_bound":36861779.29,"upper_bound":38049749.4457},"point_estimate":37264920.73,"standard_error":269346.42678308743},"median":{"confidence_interval":{"confidence_level":0.99,"lower_bound":36852091.0,"upper_bound":36888272.0},"point_estimate":36866101.0,"standard_error":7408.708482499878},"median_abs_dev":{"confidence_interval":{"confidence_level":0.99,"lower_bound":45456.515192985535,"upper_bound":91543.17243978384},"point_estimate":68577.66178250313,"standard_error":10034.190395970103},"slope":null,"std_dev":{"confidence_interval":{"confidence_level":0.99,"lower_bound":70938.70724130241,"upper_bound":4606170.322764143},"point_estimate":2708772.7501509427,"standard_error":1141568.5867134253}}