{"mean":{"confidence_interval":{"confidence_level":0.99,"lower_bound":26053109.38185,"upper_bound":26341778.567500003},"point_estimate":26169277.22,"standard_error":57489.496713295586},"median":{"confidence_interval":{"confidence_level":0.99,"lower_bound":26015443.5,"upper_bound":26051854.0},"point_estimate":26032173.5,"standard_error":7395.179069925222},"median_abs_dev":{"confidence_interval":{"confidence_level":0.99,"lower_bound":26998.842342674736,"upper_bound":64952.8938783558},"point_estimate":47702.6541531086,"standard_error":8750.961165059083},"slope":null,"std_dev":{"confidence_interval":{"confidence_level":0.99,"lower_bound":80777.31914172883,"upper_bound":900185.718100709},"point_estimate":577287.6577597068,"standard_error":159086.59694406035}}