{"mean":{"confidence_interval":{"confidence_level":0.99,"lower_bound":105708906.1389,"upper_bound":107027437.51685001},"point_estimate":106253428.25,"standard_error":258480.5390882394},"median":{"confidence_interval":{"confidence_level":0.99,"lower_bound":105523712.0,"upper_bound":105678366.0},"point_estimate":105615090.0,"standard_error":31796.928323845998},"median_abs_dev":{"confidence_interval":{"confidence_level":0.99,"lower_bound":173483.47072005272,"upper_bound":435665.9756333837},"point_estimate":280797.02201485634,"standard_error":50996.05142895196},"slope":null,"std_dev":{"confidence_interval":{"confidence_level":0.99,"lower_bound":850044.9094910391,"upper_bound":3939345.8906532736},"point_estimate":2597512.9347073594,"standard_error":628798.0238495214}}