{"mean":{"confidence_interval":{"confidence_level":0.99,"lower_bound":1082718433.65,"upper_bound":1082757520.10385},"point_estimate":1082738307.36,"standard_error":7603.669598378107},"median":{"confidence_interval":{"confidence_level":0.99,"lower_bound":1082722299.0,"upper_bound":1082762065.0},"point_estimate":1082737502.0,"standard_error":6707.798159295021},"median_abs_dev":{"confidence_interval":{"confidence_level":0.99,"lower_bound":44588.45290839672,"upper_bound":87759.7848709526},"point_estimate":60744.344821572304,"standard_error":8304.698773240518},"slope":null,"std_dev":{"confidence_interval":{"confidence_level":0.99,"lower_bound":58927.58963217981,"upper_bound":93766.5057287114},"point_estimate":76128.38196810184,"standard_error":6837.33018058106}}