{"mean":{"confidence_interval":{"confidence_level":0.99,"lower_bound":61809027.788200006,"upper_bound":63503978.09},"point_estimate":62623498.34,"standard_error":330206.9971376638},"median":{"confidence_interval":{"confidence_level":0.99,"lower_bound":60370930.0,"upper_bound":60859857.5},"point_estimate":60531455.5,"standard_error":77675.32013035385},"median_abs_dev":{"confidence_interval":{"confidence_level":0.99,"lower_bound":252547.5621163845,"upper_bound":998708.5902608793},"point_estimate":485421.763882041,"standard_error":114457.84451079201},"slope":null,"std_dev":{"confidence_interval":{"confidence_level":0.99,"lower_bound":2819739.1231865943,"upper_bound":3592250.186883292},"point_estimate":3310532.3849516776,"standard_error":149793.0055715113}}