{"mean":{"confidence_interval":{"confidence_level":0.99,"lower_bound":26776627.92,"upper_bound":26839614.78675},"point_estimate":26805083.14,"standard_error":12328.626592635508},"median":{"confidence_interval":{"confidence_level":0.99,"lower_bound":26760915.0,"upper_bound":26800105.0},"point_estimate":26779619.5,"standard_error":7871.501555404221},"median_abs_dev":{"confidence_interval":{"confidence_level":0.99,"lower_bound":48021.41314744949,"upper_bound":101091.82050526142},"point_estimate":77822.41391837597,"standard_error":10138.669281267872},"slope":null,"std_dev":{"confidence_interval":{"confidence_level":0.99,"lower_bound":69932.26481967774,"upper_bound":183218.65936177003},"point_estimate":124038.66316197746,"standard_error":23264.5782915793}}