{"mean":{"confidence_interval":{"confidence_level":0.99,"lower_bound":26229738.85,"upper_bound":26329578.09615},"point_estimate":26267809.09,"standard_error":20021.649764684833},"median":{"confidence_interval":{"confidence_level":0.99,"lower_bound":26211395.0,"upper_bound":26237575.0},"point_estimate":26224955.5,"standard_error":5239.222892874373},"median_abs_dev":{"confidence_interval":{"confidence_level":0.99,"lower_bound":23906.924575567245,"upper_bound":49867.991414666176},"point_estimate":31966.338032484055,"standard_error":5429.156390710508},"slope":null,"std_dev":{"confidence_interval":{"confidence_level":0.99,"lower_bound":46375.227402267476,"upper_bound":341194.92243243713},"point_estimate":200385.12023001575,"standard_error":66877.31105703556}}