{"mean":{"confidence_interval":{"confidence_level":0.99,"lower_bound":96425877.78315,"upper_bound":97750165.7107},"point_estimate":97095011.88,"standard_error":259425.27998676786},"median":{"confidence_interval":{"confidence_level":0.99,"lower_bound":95860356.0,"upper_bound":98344771.0},"point_estimate":97251124.5,"standard_error":689024.128091598},"median_abs_dev":{"confidence_interval":{"confidence_level":0.99,"lower_bound":2431972.010485366,"upper_bound":3910764.404270053},"point_estimate":3160994.3237811327,"standard_error":278949.4982827563},"slope":null,"std_dev":{"confidence_interval":{"confidence_level":0.99,"lower_bound":2253214.2898763684,"upper_bound":2916178.3081124527},"point_estimate":2602027.182519236,"standard_error":128531.26635799151}}