{"mean":{"confidence_interval":{"confidence_level":0.99,"lower_bound":306367802.6785,"upper_bound":306636446.19605},"point_estimate":306502079.31,"standard_error":51840.66417692818},"median":{"confidence_interval":{"confidence_level":0.99,"lower_bound":306351776.0,"upper_bound":306709029.0},"point_estimate":306505118.0,"standard_error":66176.692501929},"median_abs_dev":{"confidence_interval":{"confidence_level":0.99,"lower_bound":365864.16070461273,"upper_bound":724087.001144886},"point_estimate":549471.5653449297,"standard_error":72342.66833084264},"slope":null,"std_dev":{"confidence_interval":{"confidence_level":0.99,"lower_bound":434400.95146887994,"upper_bound":602733.2464613696},"point_estimate":522083.0946876563,"standard_error":32962.78727259425}}