{"mean":{"confidence_interval":{"confidence_level":0.99,"lower_bound":26364337.101999998,"upper_bound":26675214.91},"point_estimate":26501397.42,"standard_error":61528.69692414575},"median":{"confidence_interval":{"confidence_level":0.99,"lower_bound":26284324.0,"upper_bound":26304454.0},"point_estimate":26291573.5,"standard_error":4242.623851164184},"median_abs_dev":{"confidence_interval":{"confidence_level":0.99,"lower_bound":24278.315868973732,"upper_bound":75687.4699562788},"point_estimate":43025.05123615265,"standard_error":11049.03468027716},"slope":null,"std_dev":{"confidence_interval":{"confidence_level":0.99,"lower_bound":301882.5493070962,"upper_bound":850662.0953111826},"point_estimate":618704.858605853,"standard_error":105771.5930547004}}