{"mean":{"confidence_interval":{"confidence_level":0.99,"lower_bound":29333779.694450002,"upper_bound":30054566.1598},"point_estimate":29528436.81,"standard_error":170098.54109788977},"median":{"confidence_interval":{"confidence_level":0.99,"lower_bound":29316303.0,"upper_bound":29365214.0},"point_estimate":29336954.0,"standard_error":11130.741363422238},"median_abs_dev":{"confidence_interval":{"confidence_level":0.99,"lower_bound":44449.08851087093,"upper_bound":78837.9949003458},"point_estimate":57822.140273451805,"standard_error":7014.489232263249},"slope":null,"std_dev":{"confidence_interval":{"confidence_level":0.99,"lower_bound":57233.31877581372,"upper_bound":3346706.3292941954},"point_estimate":1702261.5232311354,"standard_error":1014243.6668534818}}