{"mean":{"confidence_interval":{"confidence_level":0.99,"lower_bound":30470556.3845,"upper_bound":30550779.916449998},"point_estimate":30510264.47,"standard_error":15493.53786557825},"median":{"confidence_interval":{"confidence_level":0.99,"lower_bound":30455574.0,"upper_bound":30548964.0},"point_estimate":30489848.5,"standard_error":18124.34510846081},"median_abs_dev":{"confidence_interval":{"confidence_level":0.99,"lower_bound":111194.99802589417,"upper_bound":211722.68924117088},"point_estimate":156437.27752268314,"standard_error":18228.432956145454},"slope":null,"std_dev":{"confidence_interval":{"confidence_level":0.99,"lower_bound":126752.02896399896,"upper_bound":183503.27073563772},"point_estimate":156067.61673855863,"standard_error":10989.543668310307}}