{"mean":{"confidence_interval":{"confidence_level":0.99,"lower_bound":391569473.8613,"upper_bound":394631485.36974996},"point_estimate":393150248.51,"standard_error":576695.5497502639},"median":{"confidence_interval":{"confidence_level":0.99,"lower_bound":393005043.0,"upper_bound":393332257.0},"point_estimate":393187352.5,"standard_error":78113.13053571954},"median_abs_dev":{"confidence_interval":{"confidence_level":0.99,"lower_bound":322234.94997918606,"upper_bound":599518.8809329128},"point_estimate":448154.3896436691,"standard_error":57494.946987147356},"slope":null,"std_dev":{"confidence_interval":{"confidence_level":0.99,"lower_bound":1964959.52724546,"upper_bound":8703745.045981599},"point_estimate":5788420.0778962765,"standard_error":1265427.9307833249}}