{"mean":{"confidence_interval":{"confidence_level":0.99,"lower_bound":121404183.374,"upper_bound":121465924.1339},"point_estimate":121427423.75,"standard_error":12186.848559450305},"median":{"confidence_interval":{"confidence_level":0.99,"lower_bound":121391777.0,"upper_bound":121410189.0},"point_estimate":121403286.0,"standard_error":3338.8112301030287},"median_abs_dev":{"confidence_interval":{"confidence_level":0.99,"lower_bound":23069.255590438843,"upper_bound":55443.30861568451},"point_estimate":37865.60332775116,"standard_error":6498.820225892988},"slope":null,"std_dev":{"confidence_interval":{"confidence_level":0.99,"lower_bound":46214.075655134475,"upper_bound":220018.95077429828},"point_estimate":122257.97479319223,"standard_error":46719.74118638421}}