{"mean":{"confidence_interval":{"confidence_level":0.99,"lower_bound":26203840.02,"upper_bound":26229626.8722},"point_estimate":26215646.04,"standard_error":5011.540018255788},"median":{"confidence_interval":{"confidence_level":0.99,"lower_bound":26195642.0,"upper_bound":26217983.0},"point_estimate":26207863.0,"standard_error":4201.802120983238},"median_abs_dev":{"confidence_interval":{"confidence_level":0.99,"lower_bound":21067.745625972748,"upper_bound":40564.67657983303},"point_estimate":31625.34003853798,"standard_error":3654.7278414581674},"slope":null,"std_dev":{"confidence_interval":{"confidence_level":0.99,"lower_bound":30926.93748019905,"upper_bound":66853.27744265326},"point_estimate":50240.0286312326,"standard_error":7049.8716788254005}}