{"mean":{"confidence_interval":{"confidence_level":0.99,"lower_bound":112344822.46255,"upper_bound":112899193.0528},"point_estimate":112619713.18,"standard_error":108333.43387002849},"median":{"confidence_interval":{"confidence_level":0.99,"lower_bound":112198926.5,"upper_bound":112874688.0},"point_estimate":112456328.5,"standard_error":120830.30841355852},"median_abs_dev":{"confidence_interval":{"confidence_level":0.99,"lower_bound":703217.9683933856,"upper_bound":1456268.968494059},"point_estimate":972054.0706425905,"standard_error":152086.56140010222},"slope":null,"std_dev":{"confidence_interval":{"confidence_level":0.99,"lower_bound":895743.6277174858,"upper_bound":1271723.1111619065},"point_estimate":1090974.850121942,"standard_error":73075.13460999058}}