{"mean":{"confidence_interval":{"confidence_level":0.99,"lower_bound":421716137.43395,"upper_bound":422101162.25444996},"point_estimate":421913441.67,"standard_error":74872.97632413793},"median":{"confidence_interval":{"confidence_level":0.99,"lower_bound":421625649.0,"upper_bound":422318439.0},"point_estimate":422097809.0,"standard_error":121610.63813307356},"median_abs_dev":{"confidence_interval":{"confidence_level":0.99,"lower_bound":550097.9638338089,"upper_bound":1052546.6471135616},"point_estimate":796477.1687597036,"standard_error":101255.89139265241},"slope":null,"std_dev":{"confidence_interval":{"confidence_level":0.99,"lower_bound":631326.1274796622,"upper_bound":871623.1857128462},"point_estimate":756256.8389704634,"standard_error":46732.472648135365}}