{"mean":{"confidence_interval":{"confidence_level":0.99,"lower_bound":55787213.170499995,"upper_bound":57004315.85},"point_estimate":56369056.14,"standard_error":238076.0522575115},"median":{"confidence_interval":{"confidence_level":0.99,"lower_bound":54847487.0,"upper_bound":55354071.22},"point_estimate":55026943.0,"standard_error":113931.75628266971},"median_abs_dev":{"confidence_interval":{"confidence_level":0.99,"lower_bound":412477.8451770544,"upper_bound":1224428.9098620415},"point_estimate":611073.5942512751,"standard_error":165694.629698391},"slope":null,"std_dev":{"confidence_interval":{"confidence_level":0.99,"lower_bound":1979349.669433811,"upper_bound":2634272.891245908},"point_estimate":2379550.6747010928,"standard_error":127795.49172132109}}