{"mean":{"confidence_interval":{"confidence_level":0.99,"lower_bound":470845907.51005,"upper_bound":473914093.00385},"point_estimate":472383161.17,"standard_error":598966.2348445841},"median":{"confidence_interval":{"confidence_level":0.99,"lower_bound":469902608.0,"upper_bound":474210016.0},"point_estimate":472203725.0,"standard_error":693030.8269375602},"median_abs_dev":{"confidence_interval":{"confidence_level":0.99,"lower_bound":4668584.131588563,"upper_bound":8236417.361274362},"point_estimate":6297027.594405413,"standard_error":700919.9317676666},"slope":null,"std_dev":{"confidence_interval":{"confidence_level":0.99,"lower_bound":4975879.297643362,"upper_bound":7023811.88548696},"point_estimate":6025858.802783492,"standard_error":399529.3469783793}}