{"mean":{"confidence_interval":{"confidence_level":0.99,"lower_bound":26271643.76,"upper_bound":26377683.24385},"point_estimate":26318081.35,"standard_error":20905.577921167933},"median":{"confidence_interval":{"confidence_level":0.99,"lower_bound":26243472.0,"upper_bound":26265323.0},"point_estimate":26253747.5,"standard_error":3466.638906323646},"median_abs_dev":{"confidence_interval":{"confidence_level":0.99,"lower_bound":21230.764906078584,"upper_bound":45449.88426460329},"point_estimate":31564.553439617157,"standard_error":4800.667767281828},"slope":null,"std_dev":{"confidence_interval":{"confidence_level":0.99,"lower_bound":94949.01258358685,"upper_bound":297786.2193383161},"point_estimate":209679.71684001441,"standard_error":39504.813894965155}}