{"mean":{"confidence_interval":{"confidence_level":0.99,"lower_bound":27142188.01,"upper_bound":27186305.6557},"point_estimate":27158004.96,"standard_error":8718.269050597417},"median":{"confidence_interval":{"confidence_level":0.99,"lower_bound":27137344.0,"upper_bound":27165124.0},"point_estimate":27150624.5,"standard_error":6515.851844381182},"median_abs_dev":{"confidence_interval":{"confidence_level":0.99,"lower_bound":27027.797520160675,"upper_bound":52706.503194272584},"point_estimate":40126.56828761101,"standard_error":4531.174239274776},"slope":null,"std_dev":{"confidence_interval":{"confidence_level":0.99,"lower_bound":30539.258925979135,"upper_bound":163193.989567341},"point_estimate":87830.96103264259,"standard_error":37418.81931639269}}