{"mean":{"confidence_interval":{"confidence_level":0.99,"lower_bound":26354482.2493,"upper_bound":26883215.09},"point_estimate":26570035.28,"standard_error":104531.07256252352},"median":{"confidence_interval":{"confidence_level":0.99,"lower_bound":26304154.0,"upper_bound":26339024.0},"point_estimate":26323539.0,"standard_error":7630.805010050484},"median_abs_dev":{"confidence_interval":{"confidence_level":0.99,"lower_bound":30623.102456331253,"upper_bound":68036.51279211044},"point_estimate":46553.63917350769,"standard_error":6530.114235065654},"slope":null,"std_dev":{"confidence_interval":{"confidence_level":0.99,"lower_bound":121662.44132891834,"upper_bound":1665421.9458838762},"point_estimate":1049853.784059784,"standard_error":283212.843382705}}