{"mean":{"confidence_interval":{"confidence_level":0.99,"lower_bound":101538148.2235,"upper_bound":101928973.8461},"point_estimate":101745968.14,"standard_error":74999.73521075955},"median":{"confidence_interval":{"confidence_level":0.99,"lower_bound":101566405.0,"upper_bound":101890494.3925},"point_estimate":101721401.0,"standard_error":61795.92572179495},"median_abs_dev":{"confidence_interval":{"confidence_level":0.99,"lower_bound":363592.0762449503,"upper_bound":643812.3668700457},"point_estimate":503571.75275981426,"standard_error":56362.57571867093},"slope":null,"std_dev":{"confidence_interval":{"confidence_level":0.99,"lower_bound":455543.1930697783,"upper_bound":1070379.1898947866},"point_estimate":757371.9793474051,"standard_error":127124.78267979868}}