{"mean":{"confidence_interval":{"confidence_level":0.99,"lower_bound":26228095.61285,"upper_bound":26265175.20585},"point_estimate":26245369.29,"standard_error":7190.88891873443},"median":{"confidence_interval":{"confidence_level":0.99,"lower_bound":26215962.0,"upper_bound":26239812.5},"point_estimate":26224913.0,"standard_error":4251.929944875324},"median_abs_dev":{"confidence_interval":{"confidence_level":0.99,"lower_bound":25181.115470945846,"upper_bound":54434.39933359623},"point_estimate":33938.19599747658,"standard_error":5822.082815698682},"slope":null,"std_dev":{"confidence_interval":{"confidence_level":0.99,"lower_bound":49240.51201324322,"upper_bound":91775.48529545635},"point_estimate":72130.05594572371,"standard_error":8327.090848405887}}