{"mean":{"confidence_interval":{"confidence_level":0.99,"lower_bound":137435329.03335,"upper_bound":144935467.16540003},"point_estimate":141024261.11,"standard_error":1462540.7483938131},"median":{"confidence_interval":{"confidence_level":0.99,"lower_bound":130649724.0,"upper_bound":131919386.0},"point_estimate":131120563.0,"standard_error":477530.74642489786},"median_abs_dev":{"confidence_interval":{"confidence_level":0.99,"lower_bound":391684.3805462122,"upper_bound":2288459.0350717306},"point_estimate":1073848.6435353756,"standard_error":590317.0798788517},"slope":null,"std_dev":{"confidence_interval":{"confidence_level":0.99,"lower_bound":12799276.05800185,"upper_bound":15680711.03710101},"point_estimate":14715589.391267553,"standard_error":576387.2834858814}}