{"mean":{"confidence_interval":{"confidence_level":0.99,"lower_bound":26286967.9918,"upper_bound":26389043.97},"point_estimate":26326427.36,"standard_error":20390.807465429738},"median":{"confidence_interval":{"confidence_level":0.99,"lower_bound":26272026.0,"upper_bound":26296265.0},"point_estimate":26284436.0,"standard_error":4910.114650428155},"median_abs_dev":{"confidence_interval":{"confidence_level":0.99,"lower_bound":24494.034165143967,"upper_bound":49089.62642848492},"point_estimate":36353.351354599,"standard_error":3973.3573803624813},"slope":null,"std_dev":{"confidence_interval":{"confidence_level":0.99,"lower_bound":40682.271231288156,"upper_bound":351723.672250465},"point_estimate":205255.31029075946,"standard_error":66346.44902955901}}