{"mean":{"confidence_interval":{"confidence_level":0.99,"lower_bound":125567782.3676,"upper_bound":126207070.41695},"point_estimate":125869228.98,"standard_error":125100.88903501167},"median":{"confidence_interval":{"confidence_level":0.99,"lower_bound":125297326.5,"upper_bound":125627368.0},"point_estimate":125458055.5,"standard_error":79791.61468886043},"median_abs_dev":{"confidence_interval":{"confidence_level":0.99,"lower_bound":336151.37463212013,"upper_bound":752587.7580323978},"point_estimate":534991.7527019978,"standard_error":82362.39403528976},"slope":null,"std_dev":{"confidence_interval":{"confidence_level":0.99,"lower_bound":915112.5754443568,"upper_bound":1555424.2585159254},"point_estimate":1256066.844480159,"standard_error":124208.69581917505}}