{"mean":{"confidence_interval":{"confidence_level":0.99,"lower_bound":114650324.5695,"upper_bound":115285831.2736},"point_estimate":114953181.72,"standard_error":123591.52728718352},"median":{"confidence_interval":{"confidence_level":0.99,"lower_bound":114348114.0,"upper_bound":114988607.0},"point_estimate":114543506.5,"standard_error":111398.5155560085},"median_abs_dev":{"confidence_interval":{"confidence_level":0.99,"lower_bound":648838.1139128209,"upper_bound":1350502.9216932827},"point_estimate":884553.2440960407,"standard_error":140762.54834676423},"slope":null,"std_dev":{"confidence_interval":{"confidence_level":0.99,"lower_bound":943645.8442471435,"upper_bound":1500016.9379734793},"point_estimate":1243685.9776844927,"standard_error":108502.8535705714}}