{"mean":{"confidence_interval":{"confidence_level":0.99,"lower_bound":138672637.89565,"upper_bound":145835407.76},"point_estimate":142120097.31,"standard_error":1390821.4987567612},"median":{"confidence_interval":{"confidence_level":0.99,"lower_bound":133866513.0,"upper_bound":134273722.5},"point_estimate":133932539.5,"standard_error":85972.4482267311},"median_abs_dev":{"confidence_interval":{"confidence_level":0.99,"lower_bound":228848.20153713226,"upper_bound":972190.6514586749},"point_estimate":399386.48740947247,"standard_error":141359.68040616822},"slope":null,"std_dev":{"confidence_interval":{"confidence_level":0.99,"lower_bound":11164446.537314957,"upper_bound":15639361.202103876},"point_estimate":13991915.422972076,"standard_error":852281.9605927612}}