{"mean":{"confidence_interval":{"confidence_level":0.99,"lower_bound":207567151.38265,"upper_bound":207901191.57160002},"point_estimate":207735242.0,"standard_error":65769.97926424208},"median":{"confidence_interval":{"confidence_level":0.99,"lower_bound":207526320.5,"upper_bound":207999516.5},"point_estimate":207720029.5,"standard_error":109896.94996174467},"median_abs_dev":{"confidence_interval":{"confidence_level":0.99,"lower_bound":516780.4027178139,"upper_bound":933910.4798197746},"point_estimate":722783.0544680357,"standard_error":79335.390706865},"slope":null,"std_dev":{"confidence_interval":{"confidence_level":0.99,"lower_bound":555203.9877767629,"upper_bound":758634.4314556195},"point_estimate":661845.2171780458,"standard_error":39749.124879551106}}