{"mean":{"confidence_interval":{"confidence_level":0.99,"lower_bound":29951566.236599997,"upper_bound":29997808.02455},"point_estimate":29972339.08,"standard_error":8897.244859604401},"median":{"confidence_interval":{"confidence_level":0.99,"lower_bound":29939812.0,"upper_bound":29972601.0},"point_estimate":29958371.0,"standard_error":7861.721710832035},"median_abs_dev":{"confidence_interval":{"confidence_level":0.99,"lower_bound":34463.77768814564,"upper_bound":69756.3287615776},"point_estimate":53211.254355311394,"standard_error":7171.159695307496},"slope":null,"std_dev":{"confidence_interval":{"confidence_level":0.99,"lower_bound":50283.272128491444,"upper_bound":124747.14847212654},"point_estimate":89467.16436327722,"standard_error":14818.03054866095}}