{"mean":{"confidence_interval":{"confidence_level":0.99,"lower_bound":96325969.182,"upper_bound":98371204.00755},"point_estimate":97278345.89,"standard_error":396858.4518987356},"median":{"confidence_interval":{"confidence_level":0.99,"lower_bound":95503905.0,"upper_bound":95574375.0},"point_estimate":95525815.0,"standard_error":15697.211177173194},"median_abs_dev":{"confidence_interval":{"confidence_level":0.99,"lower_bound":58243.68051096799,"upper_bound":150981.35039104524},"point_estimate":90062.01800107956,"standard_error":18567.059762724697},"slope":null,"std_dev":{"confidence_interval":{"confidence_level":0.99,"lower_bound":2750974.1347342883,"upper_bound":4853893.988605427},"point_estimate":3989471.468456496,"standard_error":407440.5963882228}}