{"mean":{"confidence_interval":{"confidence_level":0.99,"lower_bound":26298216.930499997,"upper_bound":26426589.57565},"point_estimate":26340788.83,"standard_error":26385.764174558022},"median":{"confidence_interval":{"confidence_level":0.99,"lower_bound":26282056.0,"upper_bound":26305326.0},"point_estimate":26295896.5,"standard_error":4256.548271940312},"median_abs_dev":{"confidence_interval":{"confidence_level":0.99,"lower_bound":23084.048231676225,"upper_bound":51772.39108085632},"point_estimate":33225.806710124016,"standard_error":5981.634957070881},"slope":null,"std_dev":{"confidence_interval":{"confidence_level":0.99,"lower_bound":54609.07315438855,"upper_bound":501681.1971630168},"point_estimate":264807.2360625212,"standard_error":124299.33561475574}}