{"mean":{"confidence_interval":{"confidence_level":0.99,"lower_bound":165156626.6751,"upper_bound":165306973.1158},"point_estimate":165231077.21,"standard_error":29256.21287107495},"median":{"confidence_interval":{"confidence_level":0.99,"lower_bound":165139951.0,"upper_bound":165291702.0},"point_estimate":165241302.0,"standard_error":29891.701717768985},"median_abs_dev":{"confidence_interval":{"confidence_level":0.99,"lower_bound":187128.5795778036,"upper_bound":365968.8730342546},"point_estimate":276152.0362973213,"standard_error":32402.222812465166},"slope":null,"std_dev":{"confidence_interval":{"confidence_level":0.99,"lower_bound":236049.87077363217,"upper_bound":345660.6571623054},"point_estimate":292871.3136963194,"standard_error":21361.059534959873}}