{"mean":{"confidence_interval":{"confidence_level":0.99,"lower_bound":221110134.82,"upper_bound":221126391.02},"point_estimate":221117989.24,"standard_error":3167.4188767553974},"median":{"confidence_interval":{"confidence_level":0.99,"lower_bound":221107253.0,"upper_bound":221127406.0},"point_estimate":221116107.0,"standard_error":4710.5168948558385},"median_abs_dev":{"confidence_interval":{"confidence_level":0.99,"lower_bound":21596.292516589165,"upper_bound":41195.52286863327},"point_estimate":30591.226556897163,"standard_error":3866.9786317833496},"slope":null,"std_dev":{"confidence_interval":{"confidence_level":0.99,"lower_bound":25250.678117685875,"upper_bound":38404.65143010385},"point_estimate":31852.236124068808,"standard_error":2584.761561039861}}