{"mean":{"confidence_interval":{"confidence_level":0.99,"lower_bound":35700642.2464,"upper_bound":36223117.5337},"point_estimate":35928131.77,"standard_error":101397.3971344507},"median":{"confidence_interval":{"confidence_level":0.99,"lower_bound":35558431.5,"upper_bound":35663952.0},"point_estimate":35605782.0,"standard_error":23246.221891652156},"median_abs_dev":{"confidence_interval":{"confidence_level":0.99,"lower_bound":106518.8777089119,"upper_bound":228368.2728061531},"point_estimate":155733.78383517265,"standard_error":22452.930723996942},"slope":null,"std_dev":{"confidence_interval":{"confidence_level":0.99,"lower_bound":444324.7507755283,"upper_bound":1449052.0471815388},"point_estimate":1016114.6266563664,"standard_error":191746.85037692165}}