{"mean":{"confidence_interval":{"confidence_level":0.99,"lower_bound":26226400.787299998,"upper_bound":26255039.7234},"point_estimate":26239718.1,"standard_error":5590.463574149362},"median":{"confidence_interval":{"confidence_level":0.99,"lower_bound":26216402.0,"upper_bound":26241423.0},"point_estimate":26228683.0,"standard_error":3742.9992967009675},"median_abs_dev":{"confidence_interval":{"confidence_level":0.99,"lower_bound":24322.78645518422,"upper_bound":47332.74545967579},"point_estimate":37703.99993062019,"standard_error":4643.146076364082},"slope":null,"std_dev":{"confidence_interval":{"confidence_level":0.99,"lower_bound":37086.82078853886,"upper_bound":74222.30169493142},"point_estimate":56221.84245756476,"standard_error":7274.955233832093}}