{"mean":{"confidence_interval":{"confidence_level":0.99,"lower_bound":66268786.594500005,"upper_bound":66514099.83},"point_estimate":66385413.67,"standard_error":47613.22596002289},"median":{"confidence_interval":{"confidence_level":0.99,"lower_bound":66264569.0,"upper_bound":66369590.0},"point_estimate":66320649.0,"standard_error":14945.865105140096},"median_abs_dev":{"confidence_interval":{"confidence_level":0.99,"lower_bound":137497.06285893917,"upper_bound":611287.0886474848},"point_estimate":279249.92894232273,"standard_error":92582.83503038595},"slope":null,"std_dev":{"confidence_interval":{"confidence_level":0.99,"lower_bound":356466.4190051348,"upper_bound":587667.3329762712},"point_estimate":479355.6006546822,"standard_error":45197.31760631076}}