{"mean":{"confidence_interval":{"confidence_level":0.99,"lower_bound":82133336.71745001,"upper_bound":82315526.4643},"point_estimate":82197210.34,"standard_error":37545.63200865626},"median":{"confidence_interval":{"confidence_level":0.99,"lower_bound":82126077.0,"upper_bound":82137776.0},"point_estimate":82133232.5,"standard_error":1952.2131502123382},"median_abs_dev":{"confidence_interval":{"confidence_level":0.99,"lower_bound":13691.810756921768,"upper_bound":25996.652944967154},"point_estimate":20875.00762939453,"standard_error":2476.793281312987},"slope":null,"std_dev":{"confidence_interval":{"confidence_level":0.99,"lower_bound":19187.78405164379,"upper_bound":652029.1374632884},"point_estimate":375765.5622577638,"standard_error":142368.7569440689}}