{"mean":{"confidence_interval":{"confidence_level":0.99,"lower_bound":77271215.0416,"upper_bound":78203854.85065},"point_estimate":77727328.52,"standard_error":181503.59346443086},"median":{"confidence_interval":{"confidence_level":0.99,"lower_bound":77061485.5,"upper_bound":78231044.5},"point_estimate":77658612.5,"standard_error":218545.993724377},"median_abs_dev":{"confidence_interval":{"confidence_level":0.99,"lower_bound":1340843.401095271,"upper_bound":2294121.999876693},"point_estimate":1861391.664853692,"standard_error":191765.13642885027},"slope":null,"std_dev":{"confidence_interval":{"confidence_level":0.99,"lower_bound":1389335.6863918018,"upper_bound":2254849.485720835},"point_estimate":1827856.8898508383,"standard_error":170657.9680793078}}