{"mean":{"confidence_interval":{"confidence_level":0.99,"lower_bound":44752816.6,"upper_bound":46982634.8},"point_estimate":45738861.16,"standard_error":438209.6955754852},"median":{"confidence_interval":{"confidence_level":0.99,"lower_bound":44294319.0,"upper_bound":44406329.0},"point_estimate":44353074.0,"standard_error":28556.61154765412},"median_abs_dev":{"confidence_interval":{"confidence_level":0.99,"lower_bound":169195.79159617424,"upper_bound":392380.57613535307},"point_estimate":251821.088129282,"standard_error":45106.00557632025},"slope":null,"std_dev":{"confidence_interval":{"confidence_level":0.99,"lower_bound":2338419.2705781735,"upper_bound":5923122.008505996},"point_estimate":4422749.483432493,"standard_error":685666.5732887669}}