{"mean":{"confidence_interval":{"confidence_level":0.99,"lower_bound":35833805.01175,"upper_bound":37213595.86090001},"point_estimate":36436560.45,"standard_error":269140.4482497209},"median":{"confidence_interval":{"confidence_level":0.99,"lower_bound":35586043.0,"upper_bound":35640074.0},"point_estimate":35610338.0,"standard_error":11030.644176389065},"median_abs_dev":{"confidence_interval":{"confidence_level":0.99,"lower_bound":54234.98963713646,"upper_bound":118587.24149465561},"point_estimate":84575.65679848194,"standard_error":13000.166211983835},"slope":null,"std_dev":{"confidence_interval":{"confidence_level":0.99,"lower_bound":1379311.8413724576,"upper_bound":3649202.4918940314},"point_estimate":2714957.7126694145,"standard_error":435369.09268869006}}