{"mean":{"confidence_interval":{"confidence_level":0.99,"lower_bound":30275130.0572,"upper_bound":30359138.7457},"point_estimate":30313939.77,"standard_error":16335.651725986856},"median":{"confidence_interval":{"confidence_level":0.99,"lower_bound":30235559.0,"upper_bound":30278298.0},"point_estimate":30258367.5,"standard_error":10184.303434916987},"median_abs_dev":{"confidence_interval":{"confidence_level":0.99,"lower_bound":40558.00487995148,"upper_bound":90838.90780028701},"point_estimate":56063.776704669,"standard_error":10187.280992464754},"slope":null,"std_dev":{"confidence_interval":{"confidence_level":0.99,"lower_bound":110701.27555024507,"upper_bound":210510.55906605776},"point_estimate":163316.94633645262,"standard_error":19481.074560998073}}