{"mean":{"confidence_interval":{"confidence_level":0.99,"lower_bound":615005554.9620501,"upper_bound":615210866.194},"point_estimate":615107204.33,"standard_error":39706.9362813982},"median":{"confidence_interval":{"confidence_level":0.99,"lower_bound":615001066.0,"upper_bound":615207893.0},"point_estimate":615108989.5,"standard_error":36575.52159103066},"median_abs_dev":{"confidence_interval":{"confidence_level":0.99,"lower_bound":252688.40911388397,"upper_bound":530916.0853743553},"point_estimate":376142.28502213955,"standard_error":53151.483648690264},"slope":null,"std_dev":{"confidence_interval":{"confidence_level":0.99,"lower_bound":317628.5758704287,"upper_bound":483755.8834362304},"point_estimate":400925.19458781066,"standard_error":32528.545710823575}}