{"mean":{"confidence_interval":{"confidence_level":0.99,"lower_bound":29010672.11695,"upper_bound":29116776.59635},"point_estimate":29063307.59,"standard_error":20636.276520062547},"median":{"confidence_interval":{"confidence_level":0.99,"lower_bound":28992421.0,"upper_bound":29141512.0},"point_estimate":29046681.5,"standard_error":31375.443428714425},"median_abs_dev":{"confidence_interval":{"confidence_level":0.99,"lower_bound":145103.54202389717,"upper_bound":273822.87173867226},"point_estimate":210359.43856537342,"standard_error":25716.996360786743},"slope":null,"std_dev":{"confidence_interval":{"confidence_level":0.99,"lower_bound":170730.55502130426,"upper_bound":241707.96167788352},"point_estimate":207741.24733374376,"standard_error":13945.955930915437}}