{"mean":{"confidence_interval":{"confidence_level":0.99,"lower_bound":81525095.5076,"upper_bound":83346729.49065},"point_estimate":82407107.38,"standard_error":353475.6725959321},"median":{"confidence_interval":{"confidence_level":0.99,"lower_bound":80044121.0,"upper_bound":80704265.0},"point_estimate":80272101.5,"standard_error":122777.69256071505},"median_abs_dev":{"confidence_interval":{"confidence_level":0.99,"lower_bound":520580.8809578419,"upper_bound":1824385.9695106745},"point_estimate":895571.1858004332,"standard_error":224866.48464659243},"slope":null,"std_dev":{"confidence_interval":{"confidence_level":0.99,"lower_bound":3027007.42517659,"upper_bound":3908850.281011034},"point_estimate":3547696.518334721,"standard_error":166678.5724710571}}