{"mean":{"confidence_interval":{"confidence_level":0.99,"lower_bound":128220713.92,"upper_bound":128535100.87},"point_estimate":128370205.82,"standard_error":60364.121106529274},"median":{"confidence_interval":{"confidence_level":0.99,"lower_bound":128149029.5,"upper_bound":128390647.0},"point_estimate":128246195.0,"standard_error":49758.60880050638},"median_abs_dev":{"confidence_interval":{"confidence_level":0.99,"lower_bound":305588.31747472286,"upper_bound":651332.8552365303},"point_estimate":467110.91290712357,"standard_error":63981.81596367052},"slope":null,"std_dev":{"confidence_interval":{"confidence_level":0.99,"lower_bound":442070.37814270006,"upper_bound":753332.7868200286},"point_estimate":602758.665155825,"standard_error":61743.36392703589}}