{"mean":{"confidence_interval":{"confidence_level":0.99,"lower_bound":169473061.41,"upper_bound":169810520.35},"point_estimate":169650233.78,"standard_error":65306.096676815054},"median":{"confidence_interval":{"confidence_level":0.99,"lower_bound":169550691.0,"upper_bound":169866154.0},"point_estimate":169718522.5,"standard_error":53068.94204590534},"median_abs_dev":{"confidence_interval":{"confidence_level":0.99,"lower_bound":416168.0365115404,"upper_bound":793347.0666302758},"point_estimate":611628.8279414177,"standard_error":73348.64381325843},"slope":null,"std_dev":{"confidence_interval":{"confidence_level":0.99,"lower_bound":476757.36652578646,"upper_bound":906621.8906588394},"point_estimate":658554.0614557397,"standard_error":91725.21933829063}}