{"mean":{"confidence_interval":{"confidence_level":0.99,"lower_bound":26131588.5088,"upper_bound":26174524.03055},"point_estimate":26150890.15,"standard_error":8328.31488186126},"median":{"confidence_interval":{"confidence_level":0.99,"lower_bound":26111812.0,"upper_bound":26155252.0},"point_estimate":26133342.0,"standard_error":8648.167530005974},"median_abs_dev":{"confidence_interval":{"confidence_level":0.99,"lower_bound":34010.84339618683,"upper_bound":81380.65385520458},"point_estimate":54485.54903268814,"standard_error":9488.712693532916},"slope":null,"std_dev":{"confidence_interval":{"confidence_level":0.99,"lower_bound":52294.52400683085,"upper_bound":126616.77562316992},"point_estimate":83780.71457124359,"standard_error":16987.82387771602}}