{"mean":{"confidence_interval":{"confidence_level":0.99,"lower_bound":26343585.8065,"upper_bound":26358727.2497},"point_estimate":26351033.67,"standard_error":2931.8931501332218},"median":{"confidence_interval":{"confidence_level":0.99,"lower_bound":26341093.0,"upper_bound":26358164.0},"point_estimate":26350243.0,"standard_error":3699.8916586325977},"median_abs_dev":{"confidence_interval":{"confidence_level":0.99,"lower_bound":17998.76368045807,"upper_bound":35864.093363285065},"point_estimate":26805.407524108887,"standard_error":3459.2876916523796},"slope":null,"std_dev":{"confidence_interval":{"confidence_level":0.99,"lower_bound":23208.51123599444,"upper_bound":35672.28492812781},"point_estimate":29551.570653725343,"standard_error":2447.7960405262793}}