{"mean":{"confidence_interval":{"confidence_level":0.99,"lower_bound":26335936.792,"upper_bound":26354846.43565},"point_estimate":26345187.87,"standard_error":3665.1975317745887},"median":{"confidence_interval":{"confidence_level":0.99,"lower_bound":26330220.0,"upper_bound":26353555.0},"point_estimate":26338185.5,"standard_error":4944.781486008849},"median_abs_dev":{"confidence_interval":{"confidence_level":0.99,"lower_bound":23061.80552557111,"upper_bound":44099.936217069626},"point_estimate":31616.444438695908,"standard_error":3864.692968305813},"slope":null,"std_dev":{"confidence_interval":{"confidence_level":0.99,"lower_bound":29110.675861863252,"upper_bound":44325.23962028024},"point_estimate":36851.59809307098,"standard_error":2970.9286716375623}}