{"mean":{"confidence_interval":{"confidence_level":0.99,"lower_bound":26189047.89635,"upper_bound":26211871.896250002},"point_estimate":26199814.45,"standard_error":4445.739212537017},"median":{"confidence_interval":{"confidence_level":0.99,"lower_bound":26183951.0,"upper_bound":26202266.5},"point_estimate":26191821.5,"standard_error":3586.3263116779885},"median_abs_dev":{"confidence_interval":{"confidence_level":0.99,"lower_bound":22253.050946429375,"upper_bound":42735.944241285324},"point_estimate":31350.3177434206,"standard_error":3894.1773168948225},"slope":null,"std_dev":{"confidence_interval":{"confidence_level":0.99,"lower_bound":32347.804729678606,"upper_bound":55004.57005825032},"point_estimate":44674.911516618326,"standard_error":4456.086534682847}}