{"mean":{"confidence_interval":{"confidence_level":0.99,"lower_bound":109655504.04,"upper_bound":115731056.30705},"point_estimate":112657308.57,"standard_error":1193528.7248405328},"median":{"confidence_interval":{"confidence_level":0.99,"lower_bound":104394332.0,"upper_bound":105540375.0},"point_estimate":104689433.5,"standard_error":238646.898599862},"median_abs_dev":{"confidence_interval":{"confidence_level":0.99,"lower_bound":409578.6209285259,"upper_bound":2327803.531873226},"point_estimate":901196.9114005566,"standard_error":346103.3908503708},"slope":null,"std_dev":{"confidence_interval":{"confidence_level":0.99,"lower_bound":10151366.594097808,"upper_bound":12588007.549662491},"point_estimate":11811058.411551587,"standard_error":476484.2721513171}}