{"mean":{"confidence_interval":{"confidence_level":0.99,"lower_bound":186738422.35270002,"upper_bound":226265646.42115},"point_estimate":203424865.67,"standard_error":7834899.436581251},"median":{"confidence_interval":{"confidence_level":0.99,"lower_bound":183793171.0,"upper_bound":183816873.0},"point_estimate":183805282.5,"standard_error":4586.056395376877},"median_abs_dev":{"confidence_interval":{"confidence_level":0.99,"lower_bound":29287.279880046844,"upper_bound":56206.940264627425},"point_estimate":43784.14242267609,"standard_error":5304.6950403972105},"slope":null,"std_dev":{"confidence_interval":{"confidence_level":0.99,"lower_bound":29372532.965973243,"upper_bound":113773522.68305108},"point_estimate":78979498.00304325,"standard_error":16276525.23821033}}