{"mean":{"confidence_interval":{"confidence_level":0.99,"lower_bound":117129359.7058,"upper_bound":117637485.042},"point_estimate":117371746.5,"standard_error":99147.4898828723},"median":{"confidence_interval":{"confidence_level":0.99,"lower_bound":116956285.5,"upper_bound":117351535.0},"point_estimate":117182810.5,"standard_error":74643.22026679212},"median_abs_dev":{"confidence_interval":{"confidence_level":0.99,"lower_bound":461381.9168058336,"upper_bound":874274.860323519},"point_estimate":623233.1379354,"standard_error":83625.67606267956},"slope":null,"std_dev":{"confidence_interval":{"confidence_level":0.99,"lower_bound":738021.5379191013,"upper_bound":1197624.640688406},"point_estimate":996742.8991272909,"standard_error":88841.63261323469}}