{"mean":{"confidence_interval":{"confidence_level":0.99,"lower_bound":438658202.9968,"upper_bound":438703541.5776},"point_estimate":438679229.49,"standard_error":8794.591694115266},"median":{"confidence_interval":{"confidence_level":0.99,"lower_bound":438643391.0,"upper_bound":438675399.0},"point_estimate":438657413.5,"standard_error":5980.411728832502},"median_abs_dev":{"confidence_interval":{"confidence_level":0.99,"lower_bound":31861.073434352875,"upper_bound":74632.60007500648},"point_estimate":48451.367139816284,"standard_error":8988.730632459898},"slope":null,"std_dev":{"confidence_interval":{"confidence_level":0.99,"lower_bound":57137.84615951897,"upper_bound":114779.0179145208},"point_estimate":88272.7285486528,"standard_error":11367.933514171855}}