{"mean":{"confidence_interval":{"confidence_level":0.99,"lower_bound":204951014.00955,"upper_bound":205228217.4},"point_estimate":205133007.58,"standard_error":55556.32353743136},"median":{"confidence_interval":{"confidence_level":0.99,"lower_bound":205106734.5,"upper_bound":205243411.0},"point_estimate":205171385.0,"standard_error":25420.920826999434},"median_abs_dev":{"confidence_interval":{"confidence_level":0.99,"lower_bound":144011.6071432829,"upper_bound":267218.630155921},"point_estimate":212051.0851353407,"standard_error":22286.67269841175},"slope":null,"std_dev":{"confidence_interval":{"confidence_level":0.99,"lower_bound":166054.6678827205,"upper_bound":1053323.034364403},"point_estimate":557463.7840567332,"standard_error":254456.07487945253}}