{"mean":{"confidence_interval":{"confidence_level":0.99,"lower_bound":98734257.07315,"upper_bound":101405041.35790001},"point_estimate":99929933.7,"standard_error":520182.70675189},"median":{"confidence_interval":{"confidence_level":0.99,"lower_bound":98187854.0,"upper_bound":98952683.0},"point_estimate":98567098.0,"standard_error":124665.14207086765},"median_abs_dev":{"confidence_interval":{"confidence_level":0.99,"lower_bound":886662.2425585985,"upper_bound":1767705.4312169552},"point_estimate":1344855.3166240454,"standard_error":165360.7229673547},"slope":null,"std_dev":{"confidence_interval":{"confidence_level":0.99,"lower_bound":2599454.7451224434,"upper_bound":7030746.511331575},"point_estimate":5230454.471181664,"standard_error":824441.568834931}}