{"mean":{"confidence_interval":{"confidence_level":0.99,"lower_bound":166148618.15,"upper_bound":166349761.59225002},"point_estimate":166249623.97,"standard_error":38920.455957564496},"median":{"confidence_interval":{"confidence_level":0.99,"lower_bound":166116615.0,"upper_bound":166346917.0},"point_estimate":166223911.0,"standard_error":47256.81624572729},"median_abs_dev":{"confidence_interval":{"confidence_level":0.99,"lower_bound":261607.73055553436,"upper_bound":538981.9852061574},"point_estimate":399726.7441034317,"standard_error":52156.28416224666},"slope":null,"std_dev":{"confidence_interval":{"confidence_level":0.99,"lower_bound":323532.63175467396,"upper_bound":454439.73888917244},"point_estimate":391361.3242770005,"standard_error":25494.03444247094}}