{"mean":{"confidence_interval":{"confidence_level":0.99,"lower_bound":124502362.24059999,"upper_bound":125053895.3004},"point_estimate":124763187.64,"standard_error":106985.89527578482},"median":{"confidence_interval":{"confidence_level":0.99,"lower_bound":124282640.0,"upper_bound":124662945.0},"point_estimate":124492830.5,"standard_error":62931.223766470015},"median_abs_dev":{"confidence_interval":{"confidence_level":0.99,"lower_bound":422717.84443625814,"upper_bound":861992.5202965736},"point_estimate":613627.3727059364,"standard_error":77855.93914570723},"slope":null,"std_dev":{"confidence_interval":{"confidence_level":0.99,"lower_bound":800488.5851205813,"upper_bound":1290459.1484812356},"point_estimate":1078265.7208220002,"standard_error":94695.79918506069}}