{"mean":{"confidence_interval":{"confidence_level":0.99,"lower_bound":163464670.6593,"upper_bound":163672488.77715},"point_estimate":163568825.36,"standard_error":40036.198348601516},"median":{"confidence_interval":{"confidence_level":0.99,"lower_bound":163433354.0,"upper_bound":163700916.0},"point_estimate":163568319.5,"standard_error":68724.34902128506},"median_abs_dev":{"confidence_interval":{"confidence_level":0.99,"lower_bound":275802.88400352,"upper_bound":550524.9526262283},"point_estimate":403187.87374198437,"standard_error":51778.646167319515},"slope":null,"std_dev":{"confidence_interval":{"confidence_level":0.99,"lower_bound":331596.5781926185,"upper_bound":464653.3166063254},"point_estimate":401383.75989582774,"standard_error":25757.38510202353}}