{"mean":{"confidence_interval":{"confidence_level":0.99,"lower_bound":28047611.307749998,"upper_bound":28533768.63605},"point_estimate":28227194.54,"standard_error":96875.59435574128},"median":{"confidence_interval":{"confidence_level":0.99,"lower_bound":28009515.5,"upper_bound":28043995.0},"point_estimate":28027825.0,"standard_error":5862.727079315496},"median_abs_dev":{"confidence_interval":{"confidence_level":0.99,"lower_bound":33706.91040158272,"upper_bound":65019.421845674515},"point_estimate":45932.42978453636,"standard_error":5751.716983861203},"slope":null,"std_dev":{"confidence_interval":{"confidence_level":0.99,"lower_bound":128161.25956420574,"upper_bound":1728456.674895123},"point_estimate":971843.5320690431,"standard_error":350883.12771827646}}