{"mean":{"confidence_interval":{"confidence_level":0.99,"lower_bound":31987721.165200002,"upper_bound":33686550.35845},"point_estimate":32751455.35,"standard_error":332141.1704569079},"median":{"confidence_interval":{"confidence_level":0.99,"lower_bound":31775908.5,"upper_bound":31846939.0},"point_estimate":31811098.5,"standard_error":13021.978147563868},"median_abs_dev":{"confidence_interval":{"confidence_level":0.99,"lower_bound":84250.22610425949,"upper_bound":172658.42978020015},"point_estimate":140039.72181379795,"standard_error":17149.476971702472},"slope":null,"std_dev":{"confidence_interval":{"confidence_level":0.99,"lower_bound":1332947.6107957764,"upper_bound":4560133.312287182},"point_estimate":3334452.1366643226,"standard_error":585165.3052887283}}