{"mean":{"confidence_interval":{"confidence_level":0.99,"lower_bound":216658424.6489,"upper_bound":216704166.02745},"point_estimate":216676569.57,"standard_error":9082.414013369202},"median":{"confidence_interval":{"confidence_level":0.99,"lower_bound":216649382.0,"upper_bound":216673724.0},"point_estimate":216663422.5,"standard_error":4772.636336854739},"median_abs_dev":{"confidence_interval":{"confidence_level":0.99,"lower_bound":28072.997143104676,"upper_bound":48831.65403306484},"point_estimate":38882.66690969467,"standard_error":4093.7177332465326},"slope":null,"std_dev":{"confidence_interval":{"confidence_level":0.99,"lower_bound":31606.3173862661,"upper_bound":158769.41576045766},"point_estimate":91511.58220002882,"standard_error":30346.813733183466}}