{"mean":{"confidence_interval":{"confidence_level":0.99,"lower_bound":26283182.609249998,"upper_bound":26333620.1539},"point_estimate":26307852.82,"standard_error":9789.401249089526},"median":{"confidence_interval":{"confidence_level":0.99,"lower_bound":26265705.0,"upper_bound":26334156.0},"point_estimate":26289896.0,"standard_error":12024.425382525904},"median_abs_dev":{"confidence_interval":{"confidence_level":0.99,"lower_bound":60734.70792174339,"upper_bound":108638.25437128544},"point_estimate":84263.5695040226,"standard_error":8639.117658760044},"slope":null,"std_dev":{"confidence_interval":{"confidence_level":0.99,"lower_bound":75296.87466126082,"upper_bound":119106.85539083343},"point_estimate":98057.88131572539,"standard_error":8502.499313419079}}