{"mean":{"confidence_interval":{"confidence_level":0.99,"lower_bound":45634288.96065,"upper_bound":45701557.18},"point_estimate":45666976.38,"standard_error":13164.601093568446},"median":{"confidence_interval":{"confidence_level":0.99,"lower_bound":45633256.5,"upper_bound":45688408.0},"point_estimate":45666952.0,"standard_error":12109.112099669994},"median_abs_dev":{"confidence_interval":{"confidence_level":0.99,"lower_bound":78935.10519862175,"upper_bound":148513.5590283573},"point_estimate":131122.62427210808,"standard_error":13025.2386633556},"slope":null,"std_dev":{"confidence_interval":{"confidence_level":0.99,"lower_bound":99016.91826149893,"upper_bound":164014.75128636748},"point_estimate":132493.35240940363,"standard_error":12766.94825545432}}