{"mean":{"confidence_interval":{"confidence_level":0.99,"lower_bound":842405840.7979,"upper_bound":842768863.52115},"point_estimate":842585459.84,"standard_error":69899.24303921778},"median":{"confidence_interval":{"confidence_level":0.99,"lower_bound":842362801.0,"upper_bound":842699555.0},"point_estimate":842510678.5,"standard_error":66050.71135729158},"median_abs_dev":{"confidence_interval":{"confidence_level":0.99,"lower_bound":394181.8202018738,"upper_bound":742908.711592734},"point_estimate":562332.3788166046,"standard_error":62959.97226804895},"slope":null,"std_dev":{"confidence_interval":{"confidence_level":0.99,"lower_bound":544025.5219815518,"upper_bound":868140.9321530594},"point_estimate":706753.7956872949,"standard_error":63423.53463312814}}