{"mean":{"confidence_interval":{"confidence_level":0.99,"lower_bound":467775310.87285,"upper_bound":472917374.69},"point_estimate":470309606.29,"standard_error":1001947.1849733397},"median":{"confidence_interval":{"confidence_level":0.99,"lower_bound":466325869.0,"upper_bound":472831769.0},"point_estimate":470375991.5,"standard_error":938914.7977966788},"median_abs_dev":{"confidence_interval":{"confidence_level":0.99,"lower_bound":6931088.797466576,"upper_bound":14316658.446228504},"point_estimate":10717358.64442885,"standard_error":1522235.028967852},"slope":null,"std_dev":{"confidence_interval":{"confidence_level":0.99,"lower_bound":8389907.706688099,"upper_bound":11691995.167837352},"point_estimate":10103957.30942287,"standard_error":639697.5063467389}}