{"mean":{"confidence_interval":{"confidence_level":0.99,"lower_bound":48135379.52,"upper_bound":49878524.12},"point_estimate":48864860.48,"standard_error":340813.70321748906},"median":{"confidence_interval":{"confidence_level":0.99,"lower_bound":47874432.0,"upper_bound":48010962.0},"point_estimate":47902306.5,"standard_error":20974.948362759103},"median_abs_dev":{"confidence_interval":{"confidence_level":0.99,"lower_bound":98400.90155303478,"upper_bound":322649.4478668301},"point_estimate":176927.55045890808,"standard_error":33708.58645829122},"slope":null,"std_dev":{"confidence_interval":{"confidence_level":0.99,"lower_bound":544709.8974921575,"upper_bound":5217292.131087847},"point_estimate":3441891.1509021637,"standard_error":846011.9408869335}}