{"mean":{"confidence_interval":{"confidence_level":0.99,"lower_bound":27255983.160550002,"upper_bound":27464334.9207},"point_estimate":27362713.95,"standard_error":40379.46319370145},"median":{"confidence_interval":{"confidence_level":0.99,"lower_bound":27259715.5,"upper_bound":27553988.0},"point_estimate":27421176.5,"standard_error":41172.366130954964},"median_abs_dev":{"confidence_interval":{"confidence_level":0.99,"lower_bound":263349.04422461987,"upper_bound":518292.0801834765},"point_estimate":402454.7280550003,"standard_error":52851.80425236087},"slope":null,"std_dev":{"confidence_interval":{"confidence_level":0.99,"lower_bound":326761.71843033883,"upper_bound":476554.4343091741},"point_estimate":404961.6555788199,"standard_error":29405.47755747762}}