{"mean":{"confidence_interval":{"confidence_level":0.99,"lower_bound":29968979.284649998,"upper_bound":30025571.0139},"point_estimate":29995608.06,"standard_error":11048.278340953695},"median":{"confidence_interval":{"confidence_level":0.99,"lower_bound":29947899.0,"upper_bound":29987514.0},"point_estimate":29965313.0,"standard_error":7189.068658710801},"median_abs_dev":{"confidence_interval":{"confidence_level":0.99,"lower_bound":42446.837246418,"upper_bound":87778.81404161453},"point_estimate":64805.18614947796,"standard_error":8968.229438973332},"slope":null,"std_dev":{"confidence_interval":{"confidence_level":0.99,"lower_bound":72737.18795516744,"upper_bound":144821.9786407942},"point_estimate":111648.4764926404,"standard_error":14059.972128589312}}