{"mean":{"confidence_interval":{"confidence_level":0.99,"lower_bound":26305029.51,"upper_bound":26384489.61},"point_estimate":26336544.36,"standard_error":15783.585169039457},"median":{"confidence_interval":{"confidence_level":0.99,"lower_bound":26287488.0,"upper_bound":26309973.0},"point_estimate":26294412.5,"standard_error":4220.029888623196},"median_abs_dev":{"confidence_interval":{"confidence_level":0.99,"lower_bound":19770.470649003983,"upper_bound":46525.4697740078},"point_estimate":28718.702790141106,"standard_error":4946.957396161048},"slope":null,"std_dev":{"confidence_interval":{"confidence_level":0.99,"lower_bound":43909.94237048902,"upper_bound":256803.9600830957},"point_estimate":158278.6043280351,"standard_error":47086.563871891885}}