{"mean":{"confidence_interval":{"confidence_level":0.99,"lower_bound":26639280.458800003,"upper_bound":26821550.30375},"point_estimate":26694768.28,"standard_error":39635.545151313505},"median":{"confidence_interval":{"confidence_level":0.99,"lower_bound":26631309.0,"upper_bound":26657369.0},"point_estimate":26642584.0,"standard_error":4735.4696152363895},"median_abs_dev":{"confidence_interval":{"confidence_level":0.99,"lower_bound":33758.80140066147,"upper_bound":62980.846881866455},"point_estimate":48429.869440197945,"standard_error":5326.371203535867},"slope":null,"std_dev":{"confidence_interval":{"confidence_level":0.99,"lower_bound":47492.385900971196,"upper_bound":769550.6490421281},"point_estimate":396566.47439887444,"standard_error":211104.24841281975}}