{"mean":{"confidence_interval":{"confidence_level":0.99,"lower_bound":222166713.50285003,"upper_bound":231902260.16105005},"point_estimate":226347072.22,"standard_error":1900358.5114457523},"median":{"confidence_interval":{"confidence_level":0.99,"lower_bound":217186020.0,"upper_bound":222140229.5},"point_estimate":222059737.0,"standard_error":1026363.645428193},"median_abs_dev":{"confidence_interval":{"confidence_level":0.99,"lower_bound":275344.7420791537,"upper_bound":7503440.746284798},"point_estimate":7318054.1660785675,"standard_error":1425160.8021682843},"slope":null,"std_dev":{"confidence_interval":{"confidence_level":0.99,"lower_bound":7993353.3592566345,"upper_bound":28344273.17662152},"point_estimate":19116234.873981997,"standard_error":4217552.369285733}}