{"mean":{"confidence_interval":{"confidence_level":0.99,"lower_bound":26461535.10845,"upper_bound":26510295.5724},"point_estimate":26479184.67,"standard_error":9741.995631649857},"median":{"confidence_interval":{"confidence_level":0.99,"lower_bound":26460337.0,"upper_bound":26481127.0},"point_estimate":26471261.5,"standard_error":4817.180736128931},"median_abs_dev":{"confidence_interval":{"confidence_level":0.99,"lower_bound":21609.635916352272,"upper_bound":46562.564425349265},"point_estimate":30312.49776184559,"standard_error":4575.199685469591},"slope":null,"std_dev":{"confidence_interval":{"confidence_level":0.99,"lower_bound":30720.894079833866,"upper_bound":181854.10967809852},"point_estimate":97902.4988870271,"standard_error":41734.56854600514}}