{"mean":{"confidence_interval":{"confidence_level":0.99,"lower_bound":117505107.84325,"upper_bound":118026379.44305001},"point_estimate":117751675.27,"standard_error":101142.49283992895},"median":{"confidence_interval":{"confidence_level":0.99,"lower_bound":117390863.0,"upper_bound":117768872.0},"point_estimate":117655159.5,"standard_error":69227.51392595895},"median_abs_dev":{"confidence_interval":{"confidence_level":0.99,"lower_bound":377219.39390301704,"upper_bound":844198.8743224745},"point_estimate":659009.0166002512,"standard_error":85990.74256122443},"slope":null,"std_dev":{"confidence_interval":{"confidence_level":0.99,"lower_bound":734536.6274162355,"upper_bound":1233748.44138863},"point_estimate":1012434.7639970958,"standard_error":96881.31149714733}}