{"mean":{"confidence_interval":{"confidence_level":0.99,"lower_bound":26204429.263749998,"upper_bound":26234234.6807},"point_estimate":26218065.45,"standard_error":5794.710958477344},"median":{"confidence_interval":{"confidence_level":0.99,"lower_bound":26195562.0,"upper_bound":26217143.0},"point_estimate":26205213.0,"standard_error":4305.256604735298},"median_abs_dev":{"confidence_interval":{"confidence_level":0.99,"lower_bound":24240.36501614751,"upper_bound":47220.07156817615},"point_estimate":35849.26736354828,"standard_error":4346.774912029436},"slope":null,"std_dev":{"confidence_interval":{"confidence_level":0.99,"lower_bound":37662.766636946515,"upper_bound":79698.89738180103},"point_estimate":58355.49822837883,"standard_error":8465.247404812655}}