{"mean":{"confidence_interval":{"confidence_level":0.99,"lower_bound":113950324.50755,"upper_bound":117071218.93035},"point_estimate":115280527.22,"standard_error":621725.1726913004},"median":{"confidence_interval":{"confidence_level":0.99,"lower_bound":113582113.0,"upper_bound":113913961.0},"point_estimate":113749257.0,"standard_error":73582.33506633974},"median_abs_dev":{"confidence_interval":{"confidence_level":0.99,"lower_bound":376004.9851450773,"upper_bound":913766.8165183965},"point_estimate":512235.3257060051,"standard_error":100204.49936580041},"slope":null,"std_dev":{"confidence_interval":{"confidence_level":0.99,"lower_bound":1518695.5415007435,"upper_bound":8922519.600857705},"point_estimate":6228124.357759575,"standard_error":1302192.8208713685}}