{"mean":{"confidence_interval":{"confidence_level":0.99,"lower_bound":165747773.50495,"upper_bound":165975385.8673},"point_estimate":165861671.64,"standard_error":44565.79899892284},"median":{"confidence_interval":{"confidence_level":0.99,"lower_bound":165711382.0,"upper_bound":166065905.0},"point_estimate":165940499.0,"standard_error":73680.09724517948},"median_abs_dev":{"confidence_interval":{"confidence_level":0.99,"lower_bound":282890.4531776905,"upper_bound":584478.0821119413},"point_estimate":432679.011118412,"standard_error":56221.20270486646},"slope":null,"std_dev":{"confidence_interval":{"confidence_level":0.99,"lower_bound":369591.99205624236,"upper_bound":522852.3319200804},"point_estimate":448442.12506140216,"standard_error":29646.422672795063}}