{"mean":{"confidence_interval":{"confidence_level":0.99,"lower_bound":113317614.17125,"upper_bound":113461428.16265},"point_estimate":113388214.23,"standard_error":27984.844785861143},"median":{"confidence_interval":{"confidence_level":0.99,"lower_bound":113272838.0,"upper_bound":113463261.5},"point_estimate":113377285.5,"standard_error":34615.697021120155},"median_abs_dev":{"confidence_interval":{"confidence_level":0.99,"lower_bound":185419.88310813904,"upper_bound":411356.25829696655},"point_estimate":270336.53790056705,"standard_error":45650.22019943656},"slope":null,"std_dev":{"confidence_interval":{"confidence_level":0.99,"lower_bound":231460.54652157327,"upper_bound":334065.50926196127},"point_estimate":281565.38901901885,"standard_error":20132.68263115322}}