{"mean":{"confidence_interval":{"confidence_level":0.99,"lower_bound":123162496.13085,"upper_bound":123918750.1729},"point_estimate":123453251.98,"standard_error":148394.59795071714},"median":{"confidence_interval":{"confidence_level":0.99,"lower_bound":123002945.5,"upper_bound":123385377.0},"point_estimate":123153665.0,"standard_error":64528.478966687944},"median_abs_dev":{"confidence_interval":{"confidence_level":0.99,"lower_bound":436430.7303518057,"upper_bound":764418.1682288647},"point_estimate":634469.0218359232,"standard_error":65966.47019799067},"slope":null,"std_dev":{"confidence_interval":{"confidence_level":0.99,"lower_bound":598655.6078339701,"upper_bound":2634965.8065571142},"point_estimate":1488608.0863814296,"standard_error":534235.1441111292}}