{"mean":{"confidence_interval":{"confidence_level":0.99,"lower_bound":32328288.95,"upper_bound":32374408.8367},"point_estimate":32348881.27,"standard_error":9029.989474489683},"median":{"confidence_interval":{"confidence_level":0.99,"lower_bound":32318736.5,"upper_bound":32345387.0},"point_estimate":32330957.0,"standard_error":5086.360524463333},"median_abs_dev":{"confidence_interval":{"confidence_level":0.99,"lower_bound":29897.369769215584,"upper_bound":57547.11797833443},"point_estimate":44500.979509949684,"standard_error":5163.004466475355},"slope":null,"std_dev":{"confidence_interval":{"confidence_level":0.99,"lower_bound":47799.87191436399,"upper_bound":129920.18553189568},"point_estimate":90561.62251195079,"standard_error":16399.507171144112}}