{"mean":{"confidence_interval":{"confidence_level":0.99,"lower_bound":27051942.29,"upper_bound":27235813.7072},"point_estimate":27145917.16,"standard_error":35600.25106840362},"median":{"confidence_interval":{"confidence_level":0.99,"lower_bound":27018750.0,"upper_bound":27329223.5},"point_estimate":27188902.0,"standard_error":46303.57108144979},"median_abs_dev":{"confidence_interval":{"confidence_level":0.99,"lower_bound":283890.5780549348,"upper_bound":513488.86398375034},"point_estimate":425182.9856514931,"standard_error":40859.976654630125},"slope":null,"std_dev":{"confidence_interval":{"confidence_level":0.99,"lower_bound":304182.73237050296,"upper_bound":403579.774060328},"point_estimate":357596.508607194,"standard_error":19294.537089876918}}