{"mean":{"confidence_interval":{"confidence_level":0.99,"lower_bound":27508232.389849998,"upper_bound":27847728.64415},"point_estimate":27682072.22,"standard_error":65921.39599390423},"median":{"confidence_interval":{"confidence_level":0.99,"lower_bound":27525853.0,"upper_bound":27956180.0},"point_estimate":27783520.0,"standard_error":86786.25315963545},"median_abs_dev":{"confidence_interval":{"confidence_level":0.99,"lower_bound":460899.5269588977,"upper_bound":881319.8788784466},"point_estimate":647183.0579102039,"standard_error":84694.11899996879},"slope":null,"std_dev":{"confidence_interval":{"confidence_level":0.99,"lower_bound":540987.5362245964,"upper_bound":765452.2973663243},"point_estimate":661426.8252775045,"standard_error":44038.555974581}}