{"mean":{"confidence_interval":{"confidence_level":0.99,"lower_bound":26211197.697899997,"upper_bound":26457488.63},"point_estimate":26305984.4,"standard_error":48687.47649901724},"median":{"confidence_interval":{"confidence_level":0.99,"lower_bound":26160932.0,"upper_bound":26208137.0},"point_estimate":26185352.5,"standard_error":8888.904377606115},"median_abs_dev":{"confidence_interval":{"confidence_level":0.99,"lower_bound":37954.44813117386,"upper_bound":91135.57605502024},"point_estimate":56117.15030372143,"standard_error":9599.87392244062},"slope":null,"std_dev":{"confidence_interval":{"confidence_level":0.99,"lower_bound":131325.11810581005,"upper_bound":838881.8393452754},"point_estimate":492171.08698888205,"standard_error":162004.53828452292}}