{"mean":{"confidence_interval":{"confidence_level":0.99,"lower_bound":27556692.85765,"upper_bound":27880399.4618},"point_estimate":27662410.54,"standard_error":68554.44392271804},"median":{"confidence_interval":{"confidence_level":0.99,"lower_bound":27550115.0,"upper_bound":27572935.0},"point_estimate":27561340.0,"standard_error":3747.4710984355243},"median_abs_dev":{"confidence_interval":{"confidence_level":0.99,"lower_bound":29185.718075349927,"upper_bound":57991.897970438},"point_estimate":44922.77920246124,"standard_error":5317.260154146856},"slope":null,"std_dev":{"confidence_interval":{"confidence_level":0.99,"lower_bound":40828.42740391017,"upper_bound":1268807.804932509},"point_estimate":689088.2593779066,"standard_error":303217.06094189896}}