{"mean":{"confidence_interval":{"confidence_level":0.99,"lower_bound":1362334510.5169,"upper_bound":1362778517.80315},"point_estimate":1362554661.43,"standard_error":86158.15112567546},"median":{"confidence_interval":{"confidence_level":0.99,"lower_bound":1362182274.0,"upper_bound":1362897989.0},"point_estimate":1362500531.5,"standard_error":107054.36135840429},"median_abs_dev":{"confidence_interval":{"confidence_level":0.99,"lower_bound":673675.6368398666,"upper_bound":1169417.0378386974},"point_estimate":887572.5589424372,"standard_error":96169.75924528018},"slope":null,"std_dev":{"confidence_interval":{"confidence_level":0.99,"lower_bound":714373.510096208,"upper_bound":993289.7689465616},"point_estimate":862064.3075818012,"standard_error":54627.40599669641}}