{"mean":{"confidence_interval":{"confidence_level":0.99,"lower_bound":842915835.31265,"upper_bound":843510305.0433},"point_estimate":843210275.04,"standard_error":115007.76393620828},"median":{"confidence_interval":{"confidence_level":0.99,"lower_bound":842687600.0,"upper_bound":843578351.0},"point_estimate":843189027.0,"standard_error":185607.16263621688},"median_abs_dev":{"confidence_interval":{"confidence_level":0.99,"lower_bound":919131.9232821465,"upper_bound":1707863.2484793663},"point_estimate":1377769.777339697,"standard_error":162038.1971711058},"slope":null,"std_dev":{"confidence_interval":{"confidence_level":0.99,"lower_bound":969687.3719112609,"upper_bound":1329045.8071485376},"point_estimate":1155149.26860019,"standard_error":70075.91671834954}}