{"mean":{"confidence_interval":{"confidence_level":0.99,"lower_bound":32914744.8969,"upper_bound":33859524.39305},"point_estimate":33169690.81,"standard_error":222211.18544771688},"median":{"confidence_interval":{"confidence_level":0.99,"lower_bound":32892899.0,"upper_bound":32936129.0},"point_estimate":32914793.5,"standard_error":10929.837948698829},"median_abs_dev":{"confidence_interval":{"confidence_level":0.99,"lower_bound":40201.43587978184,"upper_bound":74337.56268024445},"point_estimate":55154.201620817184,"standard_error":6445.5637909006355},"slope":null,"std_dev":{"confidence_interval":{"confidence_level":0.99,"lower_bound":57092.19231168509,"upper_bound":4378137.197150296},"point_estimate":2226896.9275799594,"standard_error":1323033.4538190577}}