{"mean":{"confidence_interval":{"confidence_level":0.99,"lower_bound":26953219.1254,"upper_bound":27355295.071},"point_estimate":27124709.61,"standard_error":79691.66838239659},"median":{"confidence_interval":{"confidence_level":0.99,"lower_bound":26865401.7025,"upper_bound":26891724.5},"point_estimate":26878574.5,"standard_error":5176.491976222682},"median_abs_dev":{"confidence_interval":{"confidence_level":0.99,"lower_bound":29436.989118888978,"upper_bound":78793.81342113046},"point_estimate":45442.43049323559,"standard_error":8787.302204721775},"slope":null,"std_dev":{"confidence_interval":{"confidence_level":0.99,"lower_bound":277512.042584994,"upper_bound":1165648.7041322547},"point_estimate":797062.636645617,"standard_error":169135.38470758699}}