{"mean":{"confidence_interval":{"confidence_level":0.99,"lower_bound":26462700.75455,"upper_bound":26519641.38055},"point_estimate":26487202.12,"standard_error":11149.682300600818},"median":{"confidence_interval":{"confidence_level":0.99,"lower_bound":26444242.0,"upper_bound":26485943.0},"point_estimate":26464352.0,"standard_error":9992.026837809493},"median_abs_dev":{"confidence_interval":{"confidence_level":0.99,"lower_bound":36693.608048558235,"upper_bound":68156.60338997841},"point_estimate":51809.45608019829,"standard_error":5977.064258600493},"slope":null,"std_dev":{"confidence_interval":{"confidence_level":0.99,"lower_bound":50129.88136477767,"upper_bound":169641.71908315085},"point_estimate":111780.2660614714,"standard_error":24874.643359265603}}