{"mean":{"confidence_interval":{"confidence_level":0.99,"lower_bound":26111878.4148,"upper_bound":26147653.484500002},"point_estimate":26128617.9,"standard_error":6989.059949015713},"median":{"confidence_interval":{"confidence_level":0.99,"lower_bound":26097464.0,"upper_bound":26124965.0},"point_estimate":26106765.0,"standard_error":4920.439060532766},"median_abs_dev":{"confidence_interval":{"confidence_level":0.99,"lower_bound":27723.878207802773,"upper_bound":58771.04132160548},"point_estimate":42661.814242601395,"standard_error":5975.8730322844685},"slope":null,"std_dev":{"confidence_interval":{"confidence_level":0.99,"lower_bound":50366.06945484756,"upper_bound":88961.78707957407},"point_estimate":70562.04614201232,"standard_error":7556.243358035387}}