{"mean":{"confidence_interval":{"confidence_level":0.99,"lower_bound":31632714.17,"upper_bound":33105974.161100004},"point_estimate":32267866.52,"standard_error":289164.3747078097},"median":{"confidence_interval":{"confidence_level":0.99,"lower_bound":31340963.5,"upper_bound":31396724.0},"point_estimate":31365624.0,"standard_error":9574.407873503016},"median_abs_dev":{"confidence_interval":{"confidence_level":0.99,"lower_bound":60164.46290686728,"upper_bound":137646.06415629387},"point_estimate":96481.67588710785,"standard_error":15786.31841572017},"slope":null,"std_dev":{"confidence_interval":{"confidence_level":0.99,"lower_bound":961553.940309508,"upper_bound":4130358.539454814},"point_estimate":2916623.6547702523,"standard_error":579673.1924910464}}