{"mean":{"confidence_interval":{"confidence_level":0.99,"lower_bound":49599751.06,"upper_bound":49618972.55},"point_estimate":49609198.53,"standard_error":3645.648203172087},"median":{"confidence_interval":{"confidence_level":0.99,"lower_bound":49593064.5,"upper_bound":49608755.0},"point_estimate":49600030.0,"standard_error":2784.764510674239},"median_abs_dev":{"confidence_interval":{"confidence_level":0.99,"lower_bound":15329.34242784977,"upper_bound":37035.417765989965},"point_estimate":25590.416845679283,"standard_error":4618.440618400583},"slope":null,"std_dev":{"confidence_interval":{"confidence_level":0.99,"lower_bound":27050.259853150616,"upper_bound":45755.4320654935},"point_estimate":36641.528472997335,"standard_error":3727.7547093322983}}