{"mean":{"confidence_interval":{"confidence_level":0.99,"lower_bound":117062425.12685,"upper_bound":117467278.0786},"point_estimate":117258440.55,"standard_error":78910.96673122095},"median":{"confidence_interval":{"confidence_level":0.99,"lower_bound":117107719.5,"upper_bound":117473095.245},"point_estimate":117277503.0,"standard_error":73838.2409258692},"median_abs_dev":{"confidence_interval":{"confidence_level":0.99,"lower_bound":402086.11663654447,"upper_bound":812226.8282800913},"point_estimate":641483.9436113834,"standard_error":83122.90120581418},"slope":null,"std_dev":{"confidence_interval":{"confidence_level":0.99,"lower_bound":587732.0825300342,"upper_bound":996315.9240667887},"point_estimate":791411.3895727189,"standard_error":80455.34860720574}}