{"mean":{"confidence_interval":{"confidence_level":0.99,"lower_bound":26305294.18985,"upper_bound":26322998.58065},"point_estimate":26313983.48,"standard_error":3440.7615036134357},"median":{"confidence_interval":{"confidence_level":0.99,"lower_bound":26302258.0,"upper_bound":26322598.0},"point_estimate":26309963.0,"standard_error":4349.488857326436},"median_abs_dev":{"confidence_interval":{"confidence_level":0.99,"lower_bound":19992.86064505577,"upper_bound":38386.02557051185},"point_estimate":27939.596503973007,"standard_error":3474.685489965211},"slope":null,"std_dev":{"confidence_interval":{"confidence_level":0.99,"lower_bound":26275.65634297082,"upper_bound":43475.19307294028},"point_estimate":34601.87500159289,"standard_error":3401.4686234802857}}