{"mean":{"confidence_interval":{"confidence_level":0.99,"lower_bound":125850000.36095,"upper_bound":126205364.2727},"point_estimate":126013365.79,"standard_error":69144.40426159624},"median":{"confidence_interval":{"confidence_level":0.99,"lower_bound":125802036.0,"upper_bound":126060303.0},"point_estimate":125956111.5,"standard_error":36671.16826095033},"median_abs_dev":{"confidence_interval":{"confidence_level":0.99,"lower_bound":282740.4103538543,"upper_bound":528257.7836215496},"point_estimate":377991.8284893036,"standard_error":48466.03811009798},"slope":null,"std_dev":{"confidence_interval":{"confidence_level":0.99,"lower_bound":416215.3542243432,"upper_bound":937606.2447624363},"point_estimate":696334.1522777475,"standard_error":102834.2497122181}}