{"mean":{"confidence_interval":{"confidence_level":0.99,"lower_bound":26350103.7047,"upper_bound":26543103.04055},"point_estimate":26418842.88,"standard_error":39532.31877184056},"median":{"confidence_interval":{"confidence_level":0.99,"lower_bound":26333883.0,"upper_bound":26361233.0},"point_estimate":26350433.0,"standard_error":5886.410422865215},"median_abs_dev":{"confidence_interval":{"confidence_level":0.99,"lower_bound":30133.10316503048,"upper_bound":56338.79899978638},"point_estimate":41134.73626971245,"standard_error":5529.31394936732},"slope":null,"std_dev":{"confidence_interval":{"confidence_level":0.99,"lower_bound":47761.89644940424,"upper_bound":722042.6517216968},"point_estimate":398998.03801619547,"standard_error":157757.361907759}}