{"mean":{"confidence_interval":{"confidence_level":0.99,"lower_bound":34440811.77,"upper_bound":34566726.285450004},"point_estimate":34501530.8,"standard_error":24340.34632269714},"median":{"confidence_interval":{"confidence_level":0.99,"lower_bound":34417412.0,"upper_bound":34511612.0},"point_estimate":34490892.5,"standard_error":18843.616827689002},"median_abs_dev":{"confidence_interval":{"confidence_level":0.99,"lower_bound":150634.38122570515,"upper_bound":293571.10338807106},"point_estimate":239137.44535446167,"standard_error":28933.219211296633},"slope":null,"std_dev":{"confidence_interval":{"confidence_level":0.99,"lower_bound":183833.74756772886,"upper_bound":304292.9037884755},"point_estimate":244052.94386197632,"standard_error":23761.093431313235}}