{"mean":{"confidence_interval":{"confidence_level":0.99,"lower_bound":26851669.462050002,"upper_bound":27274843.4236},"point_estimate":26972113.6,"standard_error":95991.44266761675},"median":{"confidence_interval":{"confidence_level":0.99,"lower_bound":26835379.0,"upper_bound":26853419.0},"point_estimate":26842774.0,"standard_error":3398.287285377955},"median_abs_dev":{"confidence_interval":{"confidence_level":0.99,"lower_bound":24744.59356069565,"upper_bound":58031.24617373949},"point_estimate":40698.110577464104,"standard_error":7480.1866695242825},"slope":null,"std_dev":{"confidence_interval":{"confidence_level":0.99,"lower_bound":62899.08627886774,"upper_bound":1894830.8565676988},"point_estimate":967263.5734064473,"standard_error":551084.7421892146}}