{"mean":{"confidence_interval":{"confidence_level":0.99,"lower_bound":127606629.89,"upper_bound":128051872.1409},"point_estimate":127821337.76,"standard_error":86516.13996302777},"median":{"confidence_interval":{"confidence_level":0.99,"lower_bound":127510790.0,"upper_bound":127734775.0},"point_estimate":127637093.0,"standard_error":40682.98517640532},"median_abs_dev":{"confidence_interval":{"confidence_level":0.99,"lower_bound":267684.7336421463,"upper_bound":690605.6757422986},"point_estimate":477514.3169224262,"standard_error":79037.05598314613},"slope":null,"std_dev":{"confidence_interval":{"confidence_level":0.99,"lower_bound":635201.995227282,"upper_bound":1086585.902272731},"point_estimate":872837.0901835829,"standard_error":88696.59915196385}}