{"mean":{"confidence_interval":{"confidence_level":0.99,"lower_bound":26260657.08,"upper_bound":26443579.04315},"point_estimate":26334428.84,"standard_error":36537.56826629952},"median":{"confidence_interval":{"confidence_level":0.99,"lower_bound":26235393.0,"upper_bound":26258923.6},"point_estimate":26248158.0,"standard_error":3508.919010349109},"median_abs_dev":{"confidence_interval":{"confidence_level":0.99,"lower_bound":24041.09246018529,"upper_bound":50927.30909585953},"point_estimate":33447.455406188965,"standard_error":5766.554636178451},"slope":null,"std_dev":{"confidence_interval":{"confidence_level":0.99,"lower_bound":71366.7621521809,"upper_bound":604807.2197251404},"point_estimate":368544.14923932764,"standard_error":106274.6140411197}}