{"mean":{"confidence_interval":{"confidence_level":0.99,"lower_bound":26647588.54795,"upper_bound":26866383.8263},"point_estimate":26713513.53,"standard_error":47383.29446555569},"median":{"confidence_interval":{"confidence_level":0.99,"lower_bound":26618635.0,"upper_bound":26660495.0},"point_estimate":26642030.0,"standard_error":9609.956726516662},"median_abs_dev":{"confidence_interval":{"confidence_level":0.99,"lower_bound":40305.03255294265,"upper_bound":87185.7740521431},"point_estimate":61395.206210017204,"standard_error":9306.27352934592},"slope":null,"std_dev":{"confidence_interval":{"confidence_level":0.99,"lower_bound":71168.01309180103,"upper_bound":922063.0370528708},"point_estimate":474126.9149358161,"standard_error":254801.87087131696}}