{"mean":{"confidence_interval":{"confidence_level":0.99,"lower_bound":32493897.9389,"upper_bound":33745401.78},"point_estimate":33018379.8,"standard_error":246327.89493953477},"median":{"confidence_interval":{"confidence_level":0.99,"lower_bound":32359493.0,"upper_bound":32401958.5},"point_estimate":32378693.0,"standard_error":8594.812050442857},"median_abs_dev":{"confidence_interval":{"confidence_level":0.99,"lower_bound":41964.99225497246,"upper_bound":88127.29175242787},"point_estimate":57206.11998438835,"standard_error":8201.421133410733},"slope":null,"std_dev":{"confidence_interval":{"confidence_level":0.99,"lower_bound":475354.2681102612,"upper_bound":3736151.402004057},"point_estimate":2476385.0921030277,"standard_error":591020.822134868}}