{"mean":{"confidence_interval":{"confidence_level":0.99,"lower_bound":26415945.88,"upper_bound":26634496.155899998},"point_estimate":26501353.91,"standard_error":42846.880636542526},"median":{"confidence_interval":{"confidence_level":0.99,"lower_bound":26349075.0,"upper_bound":26404239.5},"point_estimate":26369979.0,"standard_error":9645.223582957138},"median_abs_dev":{"confidence_interval":{"confidence_level":0.99,"lower_bound":38593.55991482735,"upper_bound":129351.06185706043},"point_estimate":69452.3957669735,"standard_error":16420.914195461843},"slope":null,"std_dev":{"confidence_interval":{"confidence_level":0.99,"lower_bound":144037.3999301078,"upper_bound":747170.8750272493},"point_estimate":431377.3170602306,"standard_error":141693.26727877688}}