{"mean":{"confidence_interval":{"confidence_level":0.99,"lower_bound":2568185050.41,"upper_bound":2568756998.99},"point_estimate":2568466461.81,"standard_error":112499.17195780265},"median":{"confidence_interval":{"confidence_level":0.99,"lower_bound":2568046339.0,"upper_bound":2568827024.0},"point_estimate":2568440011.0,"standard_error":167081.20927852154},"median_abs_dev":{"confidence_interval":{"confidence_level":0.99,"lower_bound":787708.3312153816,"upper_bound":1420856.7085922512},"point_estimate":1097785.2201104164,"standard_error":119216.87783426093},"slope":null,"std_dev":{"confidence_interval":{"confidence_level":0.99,"lower_bound":908072.0863004489,"upper_bound":1347361.231408664},"point_estimate":1131919.2974665223,"standard_error":84843.22150208181}}