{"mean":{"confidence_interval":{"confidence_level":0.99,"lower_bound":45235001.72385,"upper_bound":45332748.9386},"point_estimate":45283615.52,"standard_error":18955.70071239055},"median":{"confidence_interval":{"confidence_level":0.99,"lower_bound":45223024.0,"upper_bound":45324225.0},"point_estimate":45273205.0,"standard_error":17203.674812970647},"median_abs_dev":{"confidence_interval":{"confidence_level":0.99,"lower_bound":119670.28077542782,"upper_bound":247944.83049809933},"point_estimate":195311.79013252258,"standard_error":26795.033333873886},"slope":null,"std_dev":{"confidence_interval":{"confidence_level":0.99,"lower_bound":154803.9915685169,"upper_bound":223684.7649073536},"point_estimate":190694.2872201303,"standard_error":13415.932902930364}}