{"mean":{"confidence_interval":{"confidence_level":0.99,"lower_bound":217894518.9471,"upper_bound":217947874.6847},"point_estimate":217920577.93,"standard_error":10399.026611244524},"median":{"confidence_interval":{"confidence_level":0.99,"lower_bound":217889226.0,"upper_bound":217938332.0},"point_estimate":217906865.5,"standard_error":8023.8537354301425},"median_abs_dev":{"confidence_interval":{"confidence_level":0.99,"lower_bound":71079.54923808575,"upper_bound":140851.44529938698},"point_estimate":104459.54634547234,"standard_error":12291.951799699054},"slope":null,"std_dev":{"confidence_interval":{"confidence_level":0.99,"lower_bound":82021.46199603009,"upper_bound":128398.98391655977},"point_estimate":104559.59412826628,"standard_error":9193.443869849178}}