{"mean":{"confidence_interval":{"confidence_level":0.99,"lower_bound":116316834.52165,"upper_bound":116864147.2444},"point_estimate":116570040.77,"standard_error":106263.61293821593},"median":{"confidence_interval":{"confidence_level":0.99,"lower_bound":116189063.0,"upper_bound":116592379.5},"point_estimate":116439240.0,"standard_error":64843.01293905966},"median_abs_dev":{"confidence_interval":{"confidence_level":0.99,"lower_bound":431525.385252893,"upper_bound":773026.1436760426},"point_estimate":591787.933793664,"standard_error":60822.105044842916},"slope":null,"std_dev":{"confidence_interval":{"confidence_level":0.99,"lower_bound":660405.2600348232,"upper_bound":1441449.901984267},"point_estimate":1071117.6016961301,"standard_error":156098.0457831121}}