{"mean":{"confidence_interval":{"confidence_level":0.99,"lower_bound":78108483.78,"upper_bound":81736121.7624},"point_estimate":79647595.3,"standard_error":701469.6714636517},"median":{"confidence_interval":{"confidence_level":0.99,"lower_bound":77441357.0,"upper_bound":77780989.0},"point_estimate":77548968.0,"standard_error":58967.03315255578},"median_abs_dev":{"confidence_interval":{"confidence_level":0.99,"lower_bound":242332.30003774166,"upper_bound":567180.4807305336},"point_estimate":376627.8365135193,"standard_error":49455.33933357078},"slope":null,"std_dev":{"confidence_interval":{"confidence_level":0.99,"lower_bound":1980049.7403931692,"upper_bound":10036751.312464148},"point_estimate":7017654.684346591,"standard_error":1428720.1769200529}}