{"mean":{"confidence_interval":{"confidence_level":0.99,"lower_bound":197709294.16985,"upper_bound":200138866.9183},"point_estimate":198775441.75,"standard_error":480036.1764572881},"median":{"confidence_interval":{"confidence_level":0.99,"lower_bound":197291857.0,"upper_bound":197455751.0},"point_estimate":197363589.5,"standard_error":41604.56333694253},"median_abs_dev":{"confidence_interval":{"confidence_level":0.99,"lower_bound":194493.394947052,"upper_bound":372837.8773203048},"point_estimate":295756.4557492733,"standard_error":36033.04523357057},"slope":null,"std_dev":{"confidence_interval":{"confidence_level":0.99,"lower_bound":2077937.201459027,"upper_bound":6573925.165653956},"point_estimate":4826555.786120546,"standard_error":825583.0556786889}}