{"mean":{"confidence_interval":{"confidence_level":0.99,"lower_bound":27131595.393,"upper_bound":27261246.33165},"point_estimate":27186616.72,"standard_error":25240.470131930946},"median":{"confidence_interval":{"confidence_level":0.99,"lower_bound":27091746.0,"upper_bound":27126196.0},"point_estimate":27111541.0,"standard_error":8282.517089484334},"median_abs_dev":{"confidence_interval":{"confidence_level":0.99,"lower_bound":34061.99309527874,"upper_bound":82130.21192389737},"point_estimate":50934.72209572792,"standard_error":9642.896978700806},"slope":null,"std_dev":{"confidence_interval":{"confidence_level":0.99,"lower_bound":109844.76833461282,"upper_bound":398732.95014559256},"point_estimate":253642.70481092017,"standard_error":59463.12110644432}}