{"mean":{"confidence_interval":{"confidence_level":0.99,"lower_bound":26089604.0082,"upper_bound":26160922.96525},"point_estimate":26115024.19,"standard_error":14259.905598388395},"median":{"confidence_interval":{"confidence_level":0.99,"lower_bound":26077258.5,"upper_bound":26099504.0},"point_estimate":26087308.0,"standard_error":3526.172839048683},"median_abs_dev":{"confidence_interval":{"confidence_level":0.99,"lower_bound":25262.020951509476,"upper_bound":59252.84924805164},"point_estimate":41313.38956654072,"standard_error":8229.053745449992},"slope":null,"std_dev":{"confidence_interval":{"confidence_level":0.99,"lower_bound":43755.970140919846,"upper_bound":265510.520557584},"point_estimate":143175.76375131242,"standard_error":61362.34245506645}}