{"mean":{"confidence_interval":{"confidence_level":0.99,"lower_bound":36772645.03,"upper_bound":37006818.95925},"point_estimate":36888644.57,"standard_error":45495.78424155825},"median":{"confidence_interval":{"confidence_level":0.99,"lower_bound":36738289.0,"upper_bound":37051327.0},"point_estimate":36851785.0,"standard_error":66132.3128617336},"median_abs_dev":{"confidence_interval":{"confidence_level":0.99,"lower_bound":328917.7693605423,"upper_bound":630437.0912075043},"point_estimate":460617.8663223982,"standard_error":57627.16331981608},"slope":null,"std_dev":{"confidence_interval":{"confidence_level":0.99,"lower_bound":378721.15374284476,"upper_bound":525383.6580343733},"point_estimate":454973.0410671206,"standard_error":28704.20139370191}}