{"mean":{"confidence_interval":{"confidence_level":0.99,"lower_bound":31575834.09,"upper_bound":32444716.50685},"point_estimate":31949110.89,"standard_error":169863.3469607962},"median":{"confidence_interval":{"confidence_level":0.99,"lower_bound":31458481.0,"upper_bound":31559592.0},"point_estimate":31500062.0,"standard_error":18493.47661941961},"median_abs_dev":{"confidence_interval":{"confidence_level":0.99,"lower_bound":114865.17426073551,"upper_bound":204437.1929705143},"point_estimate":158068.87879371643,"standard_error":17588.28473926208},"slope":null,"std_dev":{"confidence_interval":{"confidence_level":0.99,"lower_bound":651818.3476109932,"upper_bound":2459105.9947534003},"point_estimate":1718842.2957292316,"standard_error":342262.862677656}}