{"mean":{"confidence_interval":{"confidence_level":0.99,"lower_bound":121031916.94929999,"upper_bound":122061778.12445},"point_estimate":121483651.45,"standard_error":202468.2567047676},"median":{"confidence_interval":{"confidence_level":0.99,"lower_bound":120687164.0,"upper_bound":121125869.04},"point_estimate":120885774.5,"standard_error":72276.86092606335},"median_abs_dev":{"confidence_interval":{"confidence_level":0.99,"lower_bound":425024.4697688074,"upper_bound":883514.6828144789},"point_estimate":615005.4493814707,"standard_error":76741.74250866688},"slope":null,"std_dev":{"confidence_interval":{"confidence_level":0.99,"lower_bound":976491.6283133681,"upper_bound":2855574.458516141},"point_estimate":2033058.8178974248,"standard_error":366534.4793144583}}