{"mean":{"confidence_interval":{"confidence_level":0.99,"lower_bound":27901915.10695,"upper_bound":28022832.132600002},"point_estimate":27940571.25,"standard_error":25398.77602521536},"median":{"confidence_interval":{"confidence_level":0.99,"lower_bound":27891829.0,"upper_bound":27938469.0},"point_estimate":27916574.5,"standard_error":9958.164288164171},"median_abs_dev":{"confidence_interval":{"confidence_level":0.99,"lower_bound":46324.573771074414,"upper_bound":89758.08500647545},"point_estimate":61409.29090976715,"standard_error":8860.635909168253},"slope":null,"std_dev":{"confidence_interval":{"confidence_level":0.99,"lower_bound":54768.927121106506,"upper_bound":490953.83546722},"point_estimate":254495.02396529974,"standard_error":129374.44181761522}}