{"mean":{"confidence_interval":{"confidence_level":0.99,"lower_bound":42189766.6098,"upper_bound":42635888.2273},"point_estimate":42395134.75,"standard_error":86866.5218730699},"median":{"confidence_interval":{"confidence_level":0.99,"lower_bound":42025712.0,"upper_bound":42076582.0},"point_estimate":42046411.5,"standard_error":10455.499264284368},"median_abs_dev":{"confidence_interval":{"confidence_level":0.99,"lower_bound":55368.43731701374,"upper_bound":131173.7739712},"point_estimate":83121.96752429008,"standard_error":14494.32077265789},"slope":null,"std_dev":{"confidence_interval":{"confidence_level":0.99,"lower_bound":565098.1581226095,"upper_bound":1102607.4207613908},"point_estimate":876682.1631933325,"standard_error":103741.74650785947}}