{"mean":{"confidence_interval":{"confidence_level":0.99,"lower_bound":35380168.2073,"upper_bound":36676052.56145},"point_estimate":35824310.21,"standard_error":289421.0485929794},"median":{"confidence_interval":{"confidence_level":0.99,"lower_bound":35333027.0,"upper_bound":35386458.0},"point_estimate":35355603.0,"standard_error":12876.335286511792},"median_abs_dev":{"confidence_interval":{"confidence_level":0.99,"lower_bound":50816.847984820604,"upper_bound":108446.33180469282},"point_estimate":71936.49202287197,"standard_error":10378.82688778123},"slope":null,"std_dev":{"confidence_interval":{"confidence_level":0.99,"lower_bound":137014.9928688542,"upper_bound":4942212.731624605},"point_estimate":2913954.3816651595,"standard_error":1208056.244957356}}