{"mean":{"confidence_interval":{"confidence_level":0.99,"lower_bound":219449664.5063,"upper_bound":219649191.64815},"point_estimate":219546636.76,"standard_error":38720.20212928312},"median":{"confidence_interval":{"confidence_level":0.99,"lower_bound":219355750.5,"upper_bound":219703388.5},"point_estimate":219451987.0,"standard_error":62931.86565553311},"median_abs_dev":{"confidence_interval":{"confidence_level":0.99,"lower_bound":241050.63683849573,"upper_bound":512744.7285244615},"point_estimate":403376.9052386284,"standard_error":53812.575271851616},"slope":null,"std_dev":{"confidence_interval":{"confidence_level":0.99,"lower_bound":316580.49598601845,"upper_bound":458330.24504645634},"point_estimate":387571.0266046942,"standard_error":27826.498008413673}}