{"mean":{"confidence_interval":{"confidence_level":0.99,"lower_bound":111887460.92570001,"upper_bound":112520054.07605},"point_estimate":112175737.33,"standard_error":122142.21535185378},"median":{"confidence_interval":{"confidence_level":0.99,"lower_bound":111894040.0,"upper_bound":112410899.5},"point_estimate":112239690.0,"standard_error":94899.99915446065},"median_abs_dev":{"confidence_interval":{"confidence_level":0.99,"lower_bound":532465.4023468494,"upper_bound":1144060.0526523746},"point_estimate":812990.3672665358,"standard_error":112504.08792755223},"slope":null,"std_dev":{"confidence_interval":{"confidence_level":0.99,"lower_bound":739499.8637527353,"upper_bound":1795609.5880536726},"point_estimate":1227535.2598339233,"standard_error":230357.8724484626}}