{"mean":{"confidence_interval":{"confidence_level":0.99,"lower_bound":33474251.4777,"upper_bound":34925653.63310001},"point_estimate":34085813.03,"standard_error":288093.9635794251},"median":{"confidence_interval":{"confidence_level":0.99,"lower_bound":33271934.0,"upper_bound":33345200.0},"point_estimate":33298280.0,"standard_error":13963.427570903687},"median_abs_dev":{"confidence_interval":{"confidence_level":0.99,"lower_bound":65227.72714197636,"upper_bound":133879.89327965712},"point_estimate":95968.69629621506,"standard_error":11217.569493431674},"slope":null,"std_dev":{"confidence_interval":{"confidence_level":0.99,"lower_bound":627781.9664349051,"upper_bound":4134321.1691967305},"point_estimate":2892151.161515683,"standard_error":610798.0773933828}}