{"mean":{"confidence_interval":{"confidence_level":0.99,"lower_bound":26350498.13,"upper_bound":26393583.86785},"point_estimate":26369679.78,"standard_error":8416.245540939068},"median":{"confidence_interval":{"confidence_level":0.99,"lower_bound":26333659.5,"upper_bound":26359146.0},"point_estimate":26346594.5,"standard_error":5174.560678705487},"median_abs_dev":{"confidence_interval":{"confidence_level":0.99,"lower_bound":23209.187082454577,"upper_bound":48095.54314613342},"point_estimate":35566.83206856251,"standard_error":4648.0506160995},"slope":null,"std_dev":{"confidence_interval":{"confidence_level":0.99,"lower_bound":45047.88400175368,"upper_bound":123437.82397067684},"point_estimate":84481.87593529793,"standard_error":16014.276392205884}}