{"mean":{"confidence_interval":{"confidence_level":0.99,"lower_bound":26419085.5,"upper_bound":26551679.590350002},"point_estimate":26466933.93,"standard_error":26275.998507187516},"median":{"confidence_interval":{"confidence_level":0.99,"lower_bound":26401795.0,"upper_bound":26491196.0},"point_estimate":26433410.0,"standard_error":20650.826786045945},"median_abs_dev":{"confidence_interval":{"confidence_level":0.99,"lower_bound":90291.04263201356,"upper_bound":155230.44114410877},"point_estimate":122123.24243187904,"standard_error":12246.750102501222},"slope":null,"std_dev":{"confidence_interval":{"confidence_level":0.99,"lower_bound":93512.46272687016,"upper_bound":492753.3781338788},"point_estimate":265441.0186839723,"standard_error":112835.64901895016}}