{"mean":{"confidence_interval":{"confidence_level":0.99,"lower_bound":45771110.45175,"upper_bound":46730020.32635},"point_estimate":46245091.0,"standard_error":186717.08761008532},"median":{"confidence_interval":{"confidence_level":0.99,"lower_bound":44675400.0,"upper_bound":47077120.0},"point_estimate":45841354.5,"standard_error":951546.6458562084},"median_abs_dev":{"confidence_interval":{"confidence_level":0.99,"lower_bound":407480.7419657707,"upper_bound":3496786.167919636},"point_estimate":2052180.0424665213,"standard_error":1090598.8329572794},"slope":null,"std_dev":{"confidence_interval":{"confidence_level":0.99,"lower_bound":1623698.6562216526,"upper_bound":2096536.4835674951},"point_estimate":1880542.9910115178,"standard_error":91339.67194610865}}