{"mean":{"confidence_interval":{"confidence_level":0.99,"lower_bound":91868377.9611,"upper_bound":93376636.37895},"point_estimate":92585464.95,"standard_error":291722.7558639487},"median":{"confidence_interval":{"confidence_level":0.99,"lower_bound":91670588.0,"upper_bound":92042482.0},"point_estimate":91866550.0,"standard_error":66396.66956045407},"median_abs_dev":{"confidence_interval":{"confidence_level":0.99,"lower_bound":430335.761860013,"upper_bound":979112.061947287},"point_estimate":651749.465829134,"standard_error":108673.1606823048},"slope":null,"std_dev":{"confidence_interval":{"confidence_level":0.99,"lower_bound":2023749.4429599205,"upper_bound":3772930.0149233644},"point_estimate":2927431.140654279,"standard_error":344633.8947855226}}