{"mean":{"confidence_interval":{"confidence_level":0.99,"lower_bound":128877871.09275001,"upper_bound":130398648.80680001},"point_estimate":129492365.12,"standard_error":302553.3448738483},"median":{"confidence_interval":{"confidence_level":0.99,"lower_bound":128737063.0,"upper_bound":129175983.0},"point_estimate":128949939.5,"standard_error":74331.21164706587},"median_abs_dev":{"confidence_interval":{"confidence_level":0.99,"lower_bound":532130.3347527981,"upper_bound":1231927.9005289078},"point_estimate":760827.3110926151,"standard_error":143789.1697097821},"slope":null,"std_dev":{"confidence_interval":{"confidence_level":0.99,"lower_bound":823119.8555260799,"upper_bound":4843332.489769428},"point_estimate":3023163.060404952,"standard_error":862569.8182967681}}