{"mean":{"confidence_interval":{"confidence_level":0.99,"lower_bound":26161558.7917,"upper_bound":26235400.73235},"point_estimate":26191561.42,"standard_error":14617.192370105367},"median":{"confidence_interval":{"confidence_level":0.99,"lower_bound":26148534.0,"upper_bound":26169664.0},"point_estimate":26157414.5,"standard_error":4201.417465141388},"median_abs_dev":{"confidence_interval":{"confidence_level":0.99,"lower_bound":23433.233883976936,"upper_bound":56620.49299478531},"point_estimate":34959.707379341125,"standard_error":6771.358562904243},"slope":null,"std_dev":{"confidence_interval":{"confidence_level":0.99,"lower_bound":46366.06279303662,"upper_bound":240209.74810920472},"point_estimate":146854.86119543645,"standard_error":41178.964542681904}}