{"mean":{"confidence_interval":{"confidence_level":0.99,"lower_bound":29565745.4921,"upper_bound":29683244.927500002},"point_estimate":29613303.47,"standard_error":22861.509937693605},"median":{"confidence_interval":{"confidence_level":0.99,"lower_bound":29546687.0,"upper_bound":29608507.0},"point_estimate":29578592.0,"standard_error":12429.81452410974},"median_abs_dev":{"confidence_interval":{"confidence_level":0.99,"lower_bound":63033.479180932045,"upper_bound":125948.3503639698},"point_estimate":90149.4913995266,"standard_error":11132.149340008951},"slope":null,"std_dev":{"confidence_interval":{"confidence_level":0.99,"lower_bound":94013.94050771603,"upper_bound":382115.7786417924},"point_estimate":229538.21539657295,"standard_error":63870.38793167766}}