{"mean":{"confidence_interval":{"confidence_level":0.99,"lower_bound":728327448.4110999,"upper_bound":728379469.0812501},"point_estimate":728353751.38,"standard_error":10104.64809955724},"median":{"confidence_interval":{"confidence_level":0.99,"lower_bound":728314937.0,"upper_bound":728409061.5},"point_estimate":728387117.0,"standard_error":14413.944685693503},"median_abs_dev":{"confidence_interval":{"confidence_level":0.99,"lower_bound":67980.9152930975,"upper_bound":152406.8294942379},"point_estimate":114886.67196035385,"standard_error":17436.320733037923},"slope":null,"std_dev":{"confidence_interval":{"confidence_level":0.99,"lower_bound":88558.50507421729,"upper_bound":113020.74545935093},"point_estimate":101961.73143423104,"standard_error":4707.185218765909}}