{"mean":{"confidence_interval":{"confidence_level":0.99,"lower_bound":121380314.6526,"upper_bound":122918232.8435},"point_estimate":122063102.34,"standard_error":300823.8109015823},"median":{"confidence_interval":{"confidence_level":0.99,"lower_bound":120936018.0,"upper_bound":121217674.0},"point_estimate":121043065.0,"standard_error":64560.20148496899},"median_abs_dev":{"confidence_interval":{"confidence_level":0.99,"lower_bound":261594.38715577126,"upper_bound":581020.254964829},"point_estimate":367067.2905832529,"standard_error":52395.366136010496},"slope":null,"std_dev":{"confidence_interval":{"confidence_level":0.99,"lower_bound":1585287.3087139255,"upper_bound":4065830.4446756314},"point_estimate":3028057.2442373787,"standard_error":474780.29553528625}}