{"mean":{"confidence_interval":{"confidence_level":0.99,"lower_bound":26332165.827650003,"upper_bound":26501143.12875},"point_estimate":26393663.73,"standard_error":34364.369677319875},"median":{"confidence_interval":{"confidence_level":0.99,"lower_bound":26319718.0,"upper_bound":26343663.0},"point_estimate":26330328.5,"standard_error":5071.125166204026},"median_abs_dev":{"confidence_interval":{"confidence_level":0.99,"lower_bound":22676.333238914613,"upper_bound":44293.44887213412},"point_estimate":32016.746431589127,"standard_error":3899.58934980173},"slope":null,"std_dev":{"confidence_interval":{"confidence_level":0.99,"lower_bound":39587.794889109726,"upper_bound":615308.4684460262},"point_estimate":344937.02596616227,"standard_error":129760.64710293952}}