{"mean":{"confidence_interval":{"confidence_level":0.99,"lower_bound":27910501.314749997,"upper_bound":28159631.632600002},"point_estimate":28035458.88,"standard_error":48693.69222834018},"median":{"confidence_interval":{"confidence_level":0.99,"lower_bound":27829025.5,"upper_bound":28217990.0},"point_estimate":28066578.0,"standard_error":65186.31819494005},"median_abs_dev":{"confidence_interval":{"confidence_level":0.99,"lower_bound":459662.33063936234,"upper_bound":843415.5426263809},"point_estimate":659964.552283287,"standard_error":74495.01651156848},"slope":null,"std_dev":{"confidence_interval":{"confidence_level":0.99,"lower_bound":426954.0222906604,"upper_bound":544616.3283684147},"point_estimate":489363.99015442905,"standard_error":22745.698302053464}}