{"mean":{"confidence_interval":{"confidence_level":0.99,"lower_bound":26744456.7,"upper_bound":27255788.5192},"point_estimate":26967590.92,"standard_error":100003.75411516},"median":{"confidence_interval":{"confidence_level":0.99,"lower_bound":26627627.0,"upper_bound":26646407.427500002},"point_estimate":26635772.0,"standard_error":4241.577324173651},"median_abs_dev":{"confidence_interval":{"confidence_level":0.99,"lower_bound":21098.13892543316,"upper_bound":54285.39803624153},"point_estimate":31690.574437379837,"standard_error":7405.520210609531},"slope":null,"std_dev":{"confidence_interval":{"confidence_level":0.99,"lower_bound":507046.43587313313,"upper_bound":1382618.0707080858},"point_estimate":1001874.4910235064,"standard_error":168833.66039044256}}