{"mean":{"confidence_interval":{"confidence_level":0.99,"lower_bound":26266343.77925,"upper_bound":26375813.11285},"point_estimate":26298769.44,"standard_error":24072.45535641757},"median":{"confidence_interval":{"confidence_level":0.99,"lower_bound":26258920.0,"upper_bound":26279571.0},"point_estimate":26267120.5,"standard_error":3221.614516990495},"median_abs_dev":{"confidence_interval":{"confidence_level":0.99,"lower_bound":18273.785975575447,"upper_bound":38608.48228356251},"point_estimate":26835.05952358246,"standard_error":3702.7005640883945},"slope":null,"std_dev":{"confidence_interval":{"confidence_level":0.99,"lower_bound":29924.798055954416,"upper_bound":470844.0431999069},"point_estimate":241251.08060365389,"standard_error":132708.29734406783}}