{"mean":{"confidence_interval":{"confidence_level":0.99,"lower_bound":106579241.29915,"upper_bound":109095458.0543},"point_estimate":107632941.46,"standard_error":498212.2953761372},"median":{"confidence_interval":{"confidence_level":0.99,"lower_bound":106441503.0,"upper_bound":106995800.0},"point_estimate":106768680.5,"standard_error":100161.49524644006},"median_abs_dev":{"confidence_interval":{"confidence_level":0.99,"lower_bound":649462.5553697348,"upper_bound":1515415.808137492},"point_estimate":998613.3665710688,"standard_error":170436.6174508593},"slope":null,"std_dev":{"confidence_interval":{"confidence_level":0.99,"lower_bound":1136065.677285967,"upper_bound":7522360.812466214},"point_estimate":5014269.663550059,"standard_error":1180222.317632125}}