{"mean":{"confidence_interval":{"confidence_level":0.99,"lower_bound":186813025.35105,"upper_bound":188218574.8369},"point_estimate":187492425.16,"standard_error":272724.1712914192},"median":{"confidence_interval":{"confidence_level":0.99,"lower_bound":186848122.0,"upper_bound":187830246.0},"point_estimate":187350628.0,"standard_error":176753.32396141958},"median_abs_dev":{"confidence_interval":{"confidence_level":0.99,"lower_bound":1041645.7937420907,"upper_bound":2764679.064456138},"point_estimate":1628043.0310964584,"standard_error":351130.4110613238},"slope":null,"std_dev":{"confidence_interval":{"confidence_level":0.99,"lower_bound":2023670.8174074444,"upper_bound":3399758.921795851},"point_estimate":2729935.8200015374,"standard_error":270826.80365121004}}