{"mean":{"confidence_interval":{"confidence_level":0.99,"lower_bound":51050070.97,"upper_bound":52697671.84},"point_estimate":51813393.21,"standard_error":323103.0105093155},"median":{"confidence_interval":{"confidence_level":0.99,"lower_bound":50358814.0,"upper_bound":50495715.0},"point_estimate":50423059.0,"standard_error":33379.95810697254},"median_abs_dev":{"confidence_interval":{"confidence_level":0.99,"lower_bound":173398.2212215662,"upper_bound":413485.94273565774},"point_estimate":276388.51099312305,"standard_error":48677.581776252744},"slope":null,"std_dev":{"confidence_interval":{"confidence_level":0.99,"lower_bound":2308974.5250388724,"upper_bound":3895652.8952032733},"point_estimate":3245177.1845127693,"standard_error":309442.14102398185}}