{"mean":{"confidence_interval":{"confidence_level":0.99,"lower_bound":80390926.2486,"upper_bound":81092059.01565},"point_estimate":80732279.6,"standard_error":137241.99527840165},"median":{"confidence_interval":{"confidence_level":0.99,"lower_bound":80055758.0,"upper_bound":81035510.0},"point_estimate":80611003.0,"standard_error":195529.4631541144},"median_abs_dev":{"confidence_interval":{"confidence_level":0.99,"lower_bound":905826.329818368,"upper_bound":1707090.072593093},"point_estimate":1275101.2117624283,"standard_error":160517.66283819458},"slope":null,"std_dev":{"confidence_interval":{"confidence_level":0.99,"lower_bound":1089156.5182867658,"upper_bound":1650453.1338547687},"point_estimate":1381410.8737031037,"standard_error":110186.80499689444}}