{"mean":{"confidence_interval":{"confidence_level":0.99,"lower_bound":35684417.05255,"upper_bound":35896175.2},"point_estimate":35790352.75,"standard_error":41254.322581010776},"median":{"confidence_interval":{"confidence_level":0.99,"lower_bound":35684570.0,"upper_bound":35939993.0},"point_estimate":35801991.0,"standard_error":44997.23237196635},"median_abs_dev":{"confidence_interval":{"confidence_level":0.99,"lower_bound":276255.076995492,"upper_bound":522176.15852952003},"point_estimate":411179.8289000988,"standard_error":45699.69930195268},"slope":null,"std_dev":{"confidence_interval":{"confidence_level":0.99,"lower_bound":335399.6818499537,"upper_bound":491359.7723186102},"point_estimate":415337.54460967216,"standard_error":30400.944097993965}}