{"mean":{"confidence_interval":{"confidence_level":0.99,"lower_bound":26218256.4465,"upper_bound":26251479.94145},"point_estimate":26233019.35,"standard_error":6508.709954670374},"median":{"confidence_interval":{"confidence_level":0.99,"lower_bound":26209952.0,"upper_bound":26232253.0},"point_estimate":26220652.5,"standard_error":4134.662942480945},"median_abs_dev":{"confidence_interval":{"confidence_level":0.99,"lower_bound":21756.413313746452,"upper_bound":44240.78321456909},"point_estimate":31268.03344488144,"standard_error":4076.2691872367477},"slope":null,"std_dev":{"confidence_interval":{"confidence_level":0.99,"lower_bound":33935.21997228672,"upper_bound":95602.33380251503},"point_estimate":65219.98239654435,"standard_error":12578.745812484267}}