{"mean":{"confidence_interval":{"confidence_level":0.99,"lower_bound":43299877.58975001,"upper_bound":43341723.51535},"point_estimate":43318698.52,"standard_error":8151.475096048428},"median":{"confidence_interval":{"confidence_level":0.99,"lower_bound":43292552.0,"upper_bound":43319361.0},"point_estimate":43301832.0,"standard_error":4977.420891711129},"median_abs_dev":{"confidence_interval":{"confidence_level":0.99,"lower_bound":29355.47947883606,"upper_bound":63278.10817658901},"point_estimate":47813.84915113449,"standard_error":6557.207195234112},"slope":null,"std_dev":{"confidence_interval":{"confidence_level":0.99,"lower_bound":45462.97097484609,"upper_bound":114829.24272104488},"point_estimate":81999.49340930978,"standard_error":13893.231770571203}}