{"mean":{"confidence_interval":{"confidence_level":0.99,"lower_bound":26852522.179849997,"upper_bound":27144044.99335},"point_estimate":26973432.55,"standard_error":57495.389732539756},"median":{"confidence_interval":{"confidence_level":0.99,"lower_bound":26797922.5,"upper_bound":26825572.5},"point_estimate":26813027.5,"standard_error":5026.437891188378},"median_abs_dev":{"confidence_interval":{"confidence_level":0.99,"lower_bound":31758.774036169052,"upper_bound":69869.00635957718},"point_estimate":47384.63645875454,"standard_error":7157.144688774088},"slope":null,"std_dev":{"confidence_interval":{"confidence_level":0.99,"lower_bound":208694.39054090463,"upper_bound":910672.4384675032},"point_estimate":575483.036136002,"standard_error":143944.95779800313}}