{"mean":{"confidence_interval":{"confidence_level":0.99,"lower_bound":258122737.25,"upper_bound":258278137.20859998},"point_estimate":258202217.19,"standard_error":30569.1461734831},"median":{"confidence_interval":{"confidence_level":0.99,"lower_bound":258170681.0,"upper_bound":258319822.0},"point_estimate":258248446.0,"standard_error":28598.326544252715},"median_abs_dev":{"confidence_interval":{"confidence_level":0.99,"lower_bound":200693.33151698115,"upper_bound":439297.33740091324},"point_estimate":320228.9922147989,"standard_error":47758.21488236636},"slope":null,"std_dev":{"confidence_interval":{"confidence_level":0.99,"lower_bound":246796.85608292205,"upper_bound":360812.5827043895},"point_estimate":306457.4721929997,"standard_error":22234.979532525398}}