{"mean":{"confidence_interval":{"confidence_level":0.99,"lower_bound":26328839.5253,"upper_bound":26375481.2668},"point_estimate":26351207.61,"standard_error":9128.037400633622},"median":{"confidence_interval":{"confidence_level":0.99,"lower_bound":26320333.5,"upper_bound":26362533.0},"point_estimate":26344388.0,"standard_error":8476.248529739565},"median_abs_dev":{"confidence_interval":{"confidence_level":0.99,"lower_bound":49200.08012652397,"upper_bound":101885.01149117947},"point_estimate":76012.90065050125,"standard_error":10360.617765928331},"slope":null,"std_dev":{"confidence_interval":{"confidence_level":0.99,"lower_bound":64493.37429932418,"upper_bound":121354.22750606191},"point_estimate":91662.64932617228,"standard_error":11521.7688371275}}