{"mean":{"confidence_interval":{"confidence_level":0.99,"lower_bound":26190782.28585,"upper_bound":26217127.9537},"point_estimate":26203417.41,"standard_error":5118.297992420653},"median":{"confidence_interval":{"confidence_level":0.99,"lower_bound":26182985.0,"upper_bound":26201925.5},"point_estimate":26192675.0,"standard_error":4224.99388998918},"median_abs_dev":{"confidence_interval":{"confidence_level":0.99,"lower_bound":21771.980613470078,"upper_bound":48177.827444672585},"point_estimate":36063.503059744835,"standard_error":5122.209697337602},"slope":null,"std_dev":{"confidence_interval":{"confidence_level":0.99,"lower_bound":39590.335010157614,"upper_bound":61827.06307288266},"point_estimate":51275.474274576205,"standard_error":4338.012651519644}}