{"mean":{"confidence_interval":{"confidence_level":0.99,"lower_bound":34306837.61695,"upper_bound":34444139.11205},"point_estimate":34365597.35,"standard_error":27006.16351477654},"median":{"confidence_interval":{"confidence_level":0.99,"lower_bound":34282753.0,"upper_bound":34315003.0},"point_estimate":34297988.0,"standard_error":5065.253865217072},"median_abs_dev":{"confidence_interval":{"confidence_level":0.99,"lower_bound":42181.45185112953,"upper_bound":75093.68866682053},"point_estimate":57954.83297109604,"standard_error":5826.829571737305},"slope":null,"std_dev":{"confidence_interval":{"confidence_level":0.99,"lower_bound":93695.76327339667,"upper_bound":388697.45876383},"point_estimate":270622.3483042832,"standard_error":54190.136605075306}}