{"mean":{"confidence_interval":{"confidence_level":0.99,"lower_bound":112465066.3944,"upper_bound":114025100.44},"point_estimate":113223987.21,"standard_error":303235.7940033412},"median":{"confidence_interval":{"confidence_level":0.99,"lower_bound":112090097.0,"upper_bound":112682646.0},"point_estimate":112282393.5,"standard_error":158649.88894618774},"median_abs_dev":{"confidence_interval":{"confidence_level":0.99,"lower_bound":661018.2397910807,"upper_bound":1706566.7148023844},"point_estimate":1122564.6547704935,"standard_error":195834.78479333315},"slope":null,"std_dev":{"confidence_interval":{"confidence_level":0.99,"lower_bound":2286862.458881543,"upper_bound":3750189.2057219176},"point_estimate":3036953.027425308,"standard_error":285547.62356193323}}