{"mean":{"confidence_interval":{"confidence_level":0.99,"lower_bound":111270493.49,"upper_bound":111410486.79290001},"point_estimate":111326881.05,"standard_error":27267.240493236593},"median":{"confidence_interval":{"confidence_level":0.99,"lower_bound":111247971.5,"upper_bound":111334758.0},"point_estimate":111289788.0,"standard_error":15081.09839709467},"median_abs_dev":{"confidence_interval":{"confidence_level":0.99,"lower_bound":89562.38180994987,"upper_bound":177960.92264056206},"point_estimate":128277.51492261887,"standard_error":17005.363241172963},"slope":null,"std_dev":{"confidence_interval":{"confidence_level":0.99,"lower_bound":116787.00582693452,"upper_bound":468325.2737340437},"point_estimate":273783.5032201216,"standard_error":84432.91592091139}}