{"mean":{"confidence_interval":{"confidence_level":0.99,"lower_bound":27285769.519700002,"upper_bound":27430666.806},"point_estimate":27351452.23,"standard_error":28256.55409907435},"median":{"confidence_interval":{"confidence_level":0.99,"lower_bound":27239125.0,"upper_bound":27265755.0},"point_estimate":27250565.0,"standard_error":4820.772207206434},"median_abs_dev":{"confidence_interval":{"confidence_level":0.99,"lower_bound":26901.035222411156,"upper_bound":77829.41549675197},"point_estimate":46472.09617495537,"standard_error":10735.928169774064},"slope":null,"std_dev":{"confidence_interval":{"confidence_level":0.99,"lower_bound":167647.59759180265,"upper_bound":367820.872386692},"point_estimate":284149.7916526414,"standard_error":38783.67493403988}}