{"mean":{"confidence_interval":{"confidence_level":0.99,"lower_bound":26727494.19305,"upper_bound":27310128.92},"point_estimate":26888858.12,"standard_error":133611.5897662565},"median":{"confidence_interval":{"confidence_level":0.99,"lower_bound":26714291.5,"upper_bound":26744907.0},"point_estimate":26727417.0,"standard_error":5788.487361525822},"median_abs_dev":{"confidence_interval":{"confidence_level":0.99,"lower_bound":31453.358441591263,"upper_bound":59326.97924673557},"point_estimate":43277.83453166485,"standard_error":5689.0406954081955},"slope":null,"std_dev":{"confidence_interval":{"confidence_level":0.99,"lower_bound":51009.39183023855,"upper_bound":2641946.3915455416},"point_estimate":1346801.5450060084,"standard_error":779343.4784257909}}