{"mean":{"confidence_interval":{"confidence_level":0.99,"lower_bound":26090536.24495,"upper_bound":26122353.13895},"point_estimate":26105777.95,"standard_error":6109.681799647018},"median":{"confidence_interval":{"confidence_level":0.99,"lower_bound":26077582.0,"upper_bound":26111192.0},"point_estimate":26091232.0,"standard_error":6377.533602272863},"median_abs_dev":{"confidence_interval":{"confidence_level":0.99,"lower_bound":36651.20568931104,"upper_bound":70556.33600087477},"point_estimate":55071.17602229118,"standard_error":6143.464596556471},"slope":null,"std_dev":{"confidence_interval":{"confidence_level":0.99,"lower_bound":45896.80568445764,"upper_bound":76745.40170305486},"point_estimate":60823.89911459576,"standard_error":6097.56870049215}}