{"mean":{"confidence_interval":{"confidence_level":0.99,"lower_bound":496480736.4139,"upper_bound":496973872.53145003},"point_estimate":496725864.2,"standard_error":96274.86496608843},"median":{"confidence_interval":{"confidence_level":0.99,"lower_bound":496291530.0,"upper_bound":497092348.0},"point_estimate":496706618.5,"standard_error":141636.406917968},"median_abs_dev":{"confidence_interval":{"confidence_level":0.99,"lower_bound":821857.1638976188,"upper_bound":1409269.0963804722},"point_estimate":1131990.2841031551,"standard_error":108738.42944194567},"slope":null,"std_dev":{"confidence_interval":{"confidence_level":0.99,"lower_bound":829206.1261622929,"upper_bound":1098412.8187501458},"point_estimate":971097.7501625088,"standard_error":52121.90980926325}}