{"mean":{"confidence_interval":{"confidence_level":0.99,"lower_bound":95380909.2533,"upper_bound":98394938.50655},"point_estimate":96729237.42,"standard_error":588211.8346474291},"median":{"confidence_interval":{"confidence_level":0.99,"lower_bound":94615439.0,"upper_bound":95911094.0},"point_estimate":95259145.0,"standard_error":203127.93021209515},"median_abs_dev":{"confidence_interval":{"confidence_level":0.99,"lower_bound":1241284.5593107939,"upper_bound":2565265.705974436},"point_estimate":1875901.8707960844,"standard_error":273736.07362754166},"slope":null,"std_dev":{"confidence_interval":{"confidence_level":0.99,"lower_bound":2983702.4286728892,"upper_bound":7973256.503546317},"point_estimate":5912079.341686779,"standard_error":942647.7493718244}}