{"mean":{"confidence_interval":{"confidence_level":0.99,"lower_bound":26331953.58915,"upper_bound":26380842.3535},"point_estimate":26355989.46,"standard_error":9444.409327574442},"median":{"confidence_interval":{"confidence_level":0.99,"lower_bound":26306364.0,"upper_bound":26378799.5},"point_estimate":26339044.0,"standard_error":16458.999830711065},"median_abs_dev":{"confidence_interval":{"confidence_level":0.99,"lower_bound":56176.45430266857,"upper_bound":121995.73883414268},"point_estimate":88089.4187361002,"standard_error":13140.548502081716},"slope":null,"std_dev":{"confidence_interval":{"confidence_level":0.99,"lower_bound":78731.08162044406,"upper_bound":109322.13798454915},"point_estimate":95169.49830478376,"standard_error":5906.081757129325}}