{"mean":{"confidence_interval":{"confidence_level":0.99,"lower_bound":26452797.58,"upper_bound":26668349.55905},"point_estimate":26511949.15,"standard_error":50262.096607405605},"median":{"confidence_interval":{"confidence_level":0.99,"lower_bound":26446815.0,"upper_bound":26473765.0},"point_estimate":26456530.0,"standard_error":4945.005027901959},"median_abs_dev":{"confidence_interval":{"confidence_level":0.99,"lower_bound":26842.47252345085,"upper_bound":52099.33773355189},"point_estimate":39800.39629340172,"standard_error":4849.3692805314295},"slope":null,"std_dev":{"confidence_interval":{"confidence_level":0.99,"lower_bound":33561.12109056219,"upper_bound":996145.8500467514},"point_estimate":506416.0018832359,"standard_error":299751.3445304349}}