{"mean":{"confidence_interval":{"confidence_level":0.99,"lower_bound":26284715.49,"upper_bound":26431935.4132},"point_estimate":26358966.44,"standard_error":28790.702713512397},"median":{"confidence_interval":{"confidence_level":0.99,"lower_bound":26272521.5,"upper_bound":26542339.0},"point_estimate":26365452.0,"standard_error":65206.21860709962},"median_abs_dev":{"confidence_interval":{"confidence_level":0.99,"lower_bound":238983.0251542032,"upper_bound":480449.86487030983},"point_estimate":374604.82884943485,"standard_error":52661.075518975405},"slope":null,"std_dev":{"confidence_interval":{"confidence_level":0.99,"lower_bound":253905.1892910914,"upper_bound":318524.9624566736},"point_estimate":289712.8513987293,"standard_error":12483.556698100741}}