{"mean":{"confidence_interval":{"confidence_level":0.99,"lower_bound":38678018.13,"upper_bound":38746756.92},"point_estimate":38710312.56,"standard_error":13400.330073287285},"median":{"confidence_interval":{"confidence_level":0.99,"lower_bound":38662704.0,"upper_bound":38714544.0},"point_estimate":38683879.5,"standard_error":11612.041355606703},"median_abs_dev":{"confidence_interval":{"confidence_level":0.99,"lower_bound":59719.12693977356,"upper_bound":120698.46385717392},"point_estimate":89875.21040439606,"standard_error":11294.562989689519},"slope":null,"std_dev":{"confidence_interval":{"confidence_level":0.99,"lower_bound":95841.03290355444,"upper_bound":168688.40090349683},"point_estimate":133520.31752253885,"standard_error":14054.85020466367}}