{"mean":{"confidence_interval":{"confidence_level":0.99,"lower_bound":134323231.53495002,"upper_bound":137641365.3631},"point_estimate":135900736.34,"standard_error":646226.2436098268},"median":{"confidence_interval":{"confidence_level":0.99,"lower_bound":133583121.5,"upper_bound":134364751.5},"point_estimate":134027508.5,"standard_error":180109.31446035393},"median_abs_dev":{"confidence_interval":{"confidence_level":0.99,"lower_bound":862005.8636963367,"upper_bound":6195061.414272175},"point_estimate":1721787.8274321556,"standard_error":1695777.3905724115},"slope":null,"std_dev":{"confidence_interval":{"confidence_level":0.99,"lower_bound":5042231.927231869,"upper_bound":7526778.508516599},"point_estimate":6488060.300807747,"standard_error":483389.72631801903}}