{"mean":{"confidence_interval":{"confidence_level":0.99,"lower_bound":115291309.05355,"upper_bound":116175429.94885},"point_estimate":115696383.68,"standard_error":172396.00702914927},"median":{"confidence_interval":{"confidence_level":0.99,"lower_bound":114859654.0,"upper_bound":115490037.0},"point_estimate":115222581.5,"standard_error":119314.09775010822},"median_abs_dev":{"confidence_interval":{"confidence_level":0.99,"lower_bound":596343.2222127914,"upper_bound":1261673.3038008213},"point_estimate":847568.3051526546,"standard_error":146945.55428858285},"slope":null,"std_dev":{"confidence_interval":{"confidence_level":0.99,"lower_bound":1102902.9525602772,"upper_bound":2360023.8351505282},"point_estimate":1736199.4490965107,"standard_error":250797.36431897836}}