{"mean":{"confidence_interval":{"confidence_level":0.99,"lower_bound":26721957.21,"upper_bound":26916006.0687},"point_estimate":26774770.26,"standard_error":45517.31406765326},"median":{"confidence_interval":{"confidence_level":0.99,"lower_bound":26717026.0,"upper_bound":26732971.5},"point_estimate":26726761.5,"standard_error":3364.2139755761127},"median_abs_dev":{"confidence_interval":{"confidence_level":0.99,"lower_bound":19399.820655584335,"upper_bound":35834.44136381149},"point_estimate":28903.28648686409,"standard_error":3212.983882566248},"slope":null,"std_dev":{"confidence_interval":{"confidence_level":0.99,"lower_bound":24705.722138568322,"upper_bound":901936.7440491719},"point_estimate":458513.2576283504,"standard_error":272809.6040986276}}