{"mean":{"confidence_interval":{"confidence_level":0.99,"lower_bound":129378954.0656,"upper_bound":129437991.55849999},"point_estimate":129408189.36,"standard_error":11367.87313192022},"median":{"confidence_interval":{"confidence_level":0.99,"lower_bound":129379420.0,"upper_bound":129419141.5},"point_estimate":129401446.0,"standard_error":9643.043198424923},"median_abs_dev":{"confidence_interval":{"confidence_level":0.99,"lower_bound":49727.14441716671,"upper_bound":95497.9708045721},"point_estimate":69877.16065943241,"standard_error":9119.541981078268},"slope":null,"std_dev":{"confidence_interval":{"confidence_level":0.99,"lower_bound":71055.98627506854,"upper_bound":156558.87689725676},"point_estimate":114090.97801506807,"standard_error":17127.39262573082}}