{"mean":{"confidence_interval":{"confidence_level":0.99,"lower_bound":125574907.6899,"upper_bound":126035895.76120001},"point_estimate":125799234.34,"standard_error":89426.37523790679},"median":{"confidence_interval":{"confidence_level":0.99,"lower_bound":125446328.0,"upper_bound":125668718.0},"point_estimate":125555175.0,"standard_error":39479.69213326223},"median_abs_dev":{"confidence_interval":{"confidence_level":0.99,"lower_bound":271143.1834812463,"upper_bound":613151.4581143856},"point_estimate":404700.1257151365,"standard_error":59379.420630448556},"slope":null,"std_dev":{"confidence_interval":{"confidence_level":0.99,"lower_bound":705866.9339322223,"upper_bound":1045344.49693753},"point_estimate":897402.3595687837,"standard_error":65107.77612178375}}