{"mean":{"confidence_interval":{"confidence_level":0.99,"lower_bound":116277067.1866,"upper_bound":116949703.33},"point_estimate":116567380.77,"standard_error":131604.52566779754},"median":{"confidence_interval":{"confidence_level":0.99,"lower_bound":116167877.0,"upper_bound":116417393.0},"point_estimate":116305225.5,"standard_error":50455.90903021189},"median_abs_dev":{"confidence_interval":{"confidence_level":0.99,"lower_bound":307482.33894109726,"upper_bound":653442.5949990749},"point_estimate":493542.70523786545,"standard_error":65874.57694676002},"slope":null,"std_dev":{"confidence_interval":{"confidence_level":0.99,"lower_bound":531166.3546038973,"upper_bound":1983339.2507629737},"point_estimate":1324706.716296512,"standard_error":294647.92456936225}}