{"mean":{"confidence_interval":{"confidence_level":0.99,"lower_bound":126291960.6702,"upper_bound":126884861.5855},"point_estimate":126569842.7,"standard_error":114561.21998638785},"median":{"confidence_interval":{"confidence_level":0.99,"lower_bound":126058826.0,"upper_bound":126411216.0},"point_estimate":126194897.0,"standard_error":79208.2093699752},"median_abs_dev":{"confidence_interval":{"confidence_level":0.99,"lower_bound":383047.8057455421,"upper_bound":899908.5320234299},"point_estimate":544076.3840407133,"standard_error":94494.71125352931},"slope":null,"std_dev":{"confidence_interval":{"confidence_level":0.99,"lower_bound":829272.3090715243,"upper_bound":1424400.342759015},"point_estimate":1148613.311505806,"standard_error":116292.97174302475}}