{"mean":{"confidence_interval":{"confidence_level":0.99,"lower_bound":775547071.4899501,"upper_bound":775919600.89},"point_estimate":775729964.09,"standard_error":72694.77874085738},"median":{"confidence_interval":{"confidence_level":0.99,"lower_bound":775504428.0,"upper_bound":775910522.0},"point_estimate":775690192.0,"standard_error":68115.60979317092},"median_abs_dev":{"confidence_interval":{"confidence_level":0.99,"lower_bound":492766.5641516447,"upper_bound":1002830.6221961975},"point_estimate":802248.1891572475,"standard_error":91268.93312357752},"slope":null,"std_dev":{"confidence_interval":{"confidence_level":0.99,"lower_bound":600154.4935108908,"upper_bound":852723.7880474966},"point_estimate":730073.2048950149,"standard_error":49166.34108404718}}