{"mean":{"confidence_interval":{"confidence_level":0.99,"lower_bound":27022609.25,"upper_bound":27235050.9786},"point_estimate":27128798.37,"standard_error":41149.96479527389},"median":{"confidence_interval":{"confidence_level":0.99,"lower_bound":27038269.0,"upper_bound":27344216.0},"point_estimate":27216850.0,"standard_error":55431.189561498955},"median_abs_dev":{"confidence_interval":{"confidence_level":0.99,"lower_bound":269154.1644215584,"upper_bound":637316.0585653787},"point_estimate":401112.9750788212,"standard_error":63921.21087958706},"slope":null,"std_dev":{"confidence_interval":{"confidence_level":0.99,"lower_bound":353223.10742635763,"upper_bound":461465.9617784312},"point_estimate":412098.6225076224,"standard_error":20762.186505765272}}