{"mean":{"confidence_interval":{"confidence_level":0.99,"lower_bound":36115368.45345,"upper_bound":36952532.904},"point_estimate":36504772.71,"standard_error":162215.78264089706},"median":{"confidence_interval":{"confidence_level":0.99,"lower_bound":35644362.0,"upper_bound":35895839.0},"point_estimate":35736938.0,"standard_error":46178.56609193718},"median_abs_dev":{"confidence_interval":{"confidence_level":0.99,"lower_bound":170137.24257946014,"upper_bound":523718.06250214577},"point_estimate":285299.6781349182,"standard_error":64636.59946354194},"slope":null,"std_dev":{"confidence_interval":{"confidence_level":0.99,"lower_bound":1115823.9736597613,"upper_bound":2029007.7535161956},"point_estimate":1626757.328122939,"standard_error":175272.95705723332}}