{"mean":{"confidence_interval":{"confidence_level":0.99,"lower_bound":26255280.09205,"upper_bound":26285532.811350003},"point_estimate":26269040.08,"standard_error":5817.107065680188},"median":{"confidence_interval":{"confidence_level":0.99,"lower_bound":26245203.0,"upper_bound":26268003.0},"point_estimate":26256307.5,"standard_error":4295.37591074764},"median_abs_dev":{"confidence_interval":{"confidence_level":0.99,"lower_bound":18703.739967942238,"upper_bound":36605.39335012436},"point_estimate":26775.755524635315,"standard_error":3290.7856340674625},"slope":null,"std_dev":{"confidence_interval":{"confidence_level":0.99,"lower_bound":34634.690172791394,"upper_bound":79705.89153004113},"point_estimate":58652.307400369806,"standard_error":8926.879981384192}}