{"mean":{"confidence_interval":{"confidence_level":0.99,"lower_bound":31074092.31295,"upper_bound":31890484.404200003},"point_estimate":31435157.88,"standard_error":159979.50118219733},"median":{"confidence_interval":{"confidence_level":0.99,"lower_bound":30907784.0,"upper_bound":30970927.402500004},"point_estimate":30941419.5,"standard_error":12860.661090112644},"median_abs_dev":{"confidence_interval":{"confidence_level":0.99,"lower_bound":72114.4040197134,"upper_bound":163437.43630890554},"point_estimate":110581.94293677807,"standard_error":17075.88552603692},"slope":null,"std_dev":{"confidence_interval":{"confidence_level":0.99,"lower_bound":810792.1183365749,"upper_bound":2198174.9132939843},"point_estimate":1604437.030487259,"standard_error":267488.9359878844}}