{"mean":{"confidence_interval":{"confidence_level":0.99,"lower_bound":95034542.14375,"upper_bound":97183587.0211},"point_estimate":96052613.37,"standard_error":416320.0878080135},"median":{"confidence_interval":{"confidence_level":0.99,"lower_bound":93459701.0,"upper_bound":95193430.5},"point_estimate":93865006.0,"standard_error":285915.1069243725},"median_abs_dev":{"confidence_interval":{"confidence_level":0.99,"lower_bound":948393.9989626408,"upper_bound":3874604.5692770225},"point_estimate":1653173.1006503105,"standard_error":493721.84972566704},"slope":null,"std_dev":{"confidence_interval":{"confidence_level":0.99,"lower_bound":3171508.701302569,"upper_bound":5008809.911361021},"point_estimate":4195072.908510786,"standard_error":356940.121932256}}