{"mean":{"confidence_interval":{"confidence_level":0.99,"lower_bound":154620224.3389,"upper_bound":156576227.10410002},"point_estimate":155469519.93,"standard_error":385620.88061269704},"median":{"confidence_interval":{"confidence_level":0.99,"lower_bound":154242201.0,"upper_bound":154668850.0},"point_estimate":154438839.5,"standard_error":87839.23396642985},"median_abs_dev":{"confidence_interval":{"confidence_level":0.99,"lower_bound":513361.360386014,"upper_bound":1021431.2102709723},"point_estimate":747983.5475206375,"standard_error":96978.9466889016},"slope":null,"std_dev":{"confidence_interval":{"confidence_level":0.99,"lower_bound":1386629.430182965,"upper_bound":5663766.69634451},"point_estimate":3903274.192891636,"standard_error":802631.542403297}}