{"mean":{"confidence_interval":{"confidence_level":0.99,"lower_bound":27188465.312650003,"upper_bound":27694020.793050002},"point_estimate":27347499.6,"standard_error":105325.8773988824},"median":{"confidence_interval":{"confidence_level":0.99,"lower_bound":27163896.0,"upper_bound":27201487.0},"point_estimate":27180821.0,"standard_error":8238.846302831436},"median_abs_dev":{"confidence_interval":{"confidence_level":0.99,"lower_bound":40439.24120905997,"upper_bound":82626.33435308961},"point_estimate":59445.58724462986,"standard_error":7442.673900187895},"slope":null,"std_dev":{"confidence_interval":{"confidence_level":0.99,"lower_bound":79671.64689862909,"upper_bound":2030484.104849835},"point_estimate":1063032.105884308,"standard_error":519276.75740719086}}