{"mean":{"confidence_interval":{"confidence_level":0.99,"lower_bound":184660592.97835,"upper_bound":194551228.3185},"point_estimate":188879059.39,"standard_error":1961857.5023353277},"median":{"confidence_interval":{"confidence_level":0.99,"lower_bound":183640270.0,"upper_bound":183684583.0},"point_estimate":183659154.0,"standard_error":8701.88958626338},"median_abs_dev":{"confidence_interval":{"confidence_level":0.99,"lower_bound":38816.691210865974,"upper_bound":109991.12684726715},"point_estimate":65772.58263230324,"standard_error":12690.65582763534},"slope":null,"std_dev":{"confidence_interval":{"confidence_level":0.99,"lower_bound":3483092.727416501,"upper_bound":29029141.566606533},"point_estimate":19802350.788114984,"standard_error":4393869.117688434}}