{"mean":{"confidence_interval":{"confidence_level":0.99,"lower_bound":27060487.4233,"upper_bound":27104289.18},"point_estimate":27081142.22,"standard_error":8430.052735388632},"median":{"confidence_interval":{"confidence_level":0.99,"lower_bound":27037594.0,"upper_bound":27082063.5},"point_estimate":27058508.0,"standard_error":8950.90254027606},"median_abs_dev":{"confidence_interval":{"confidence_level":0.99,"lower_bound":42958.33423733711,"upper_bound":91359.40046654652},"point_estimate":60921.515518426895,"standard_error":9444.838640174983},"slope":null,"std_dev":{"confidence_interval":{"confidence_level":0.99,"lower_bound":61298.76413388618,"upper_bound":107176.2069848126},"point_estimate":84890.40670866898,"standard_error":8928.60895495622}}