{"mean":{"confidence_interval":{"confidence_level":0.99,"lower_bound":28950826.33,"upper_bound":29265369.49855},"point_estimate":29103824.61,"standard_error":60769.22938658137},"median":{"confidence_interval":{"confidence_level":0.99,"lower_bound":28970823.0,"upper_bound":29294606.0},"point_estimate":29162219.0,"standard_error":69450.90709880971},"median_abs_dev":{"confidence_interval":{"confidence_level":0.99,"lower_bound":370706.332218647,"upper_bound":764531.5871268511},"point_estimate":561235.2548360825,"standard_error":74489.1176272177},"slope":null,"std_dev":{"confidence_interval":{"confidence_level":0.99,"lower_bound":465830.5803706997,"upper_bound":804930.9677981851},"point_estimate":610693.8447542313,"standard_error":70493.73863245951}}