{"mean":{"confidence_interval":{"confidence_level":0.99,"lower_bound":42407456.85,"upper_bound":43985390.4007},"point_estimate":43118760.69,"standard_error":309613.81199639395},"median":{"confidence_interval":{"confidence_level":0.99,"lower_bound":42224224.0,"upper_bound":42255084.0},"point_estimate":42235524.0,"standard_error":5398.801893509806},"median_abs_dev":{"confidence_interval":{"confidence_level":0.99,"lower_bound":35849.26736354828,"upper_bound":73898.71308803558},"point_estimate":55568.58831346035,"standard_error":7106.607010112781},"slope":null,"std_dev":{"confidence_interval":{"confidence_level":0.99,"lower_bound":1250106.253902696,"upper_bound":4240909.552342454},"point_estimate":3095401.444064217,"standard_error":545993.121504732}}