{"mean":{"confidence_interval":{"confidence_level":0.99,"lower_bound":26990996.159250002,"upper_bound":27165020.953599997},"point_estimate":27051697.04,"standard_error":35803.79002187126},"median":{"confidence_interval":{"confidence_level":0.99,"lower_bound":26979426.0,"upper_bound":27006657.0},"point_estimate":26993882.0,"standard_error":3932.905808465757},"median_abs_dev":{"confidence_interval":{"confidence_level":0.99,"lower_bound":27302.819815278053,"upper_bound":49704.16411757469},"point_estimate":38184.362322092056,"standard_error":4276.7754484293355},"slope":null,"std_dev":{"confidence_interval":{"confidence_level":0.99,"lower_bound":35128.01882879365,"upper_bound":634753.6394507213},"point_estimate":359002.6730535503,"standard_error":140208.67748206487}}