{"mean":{"confidence_interval":{"confidence_level":0.99,"lower_bound":1833099137.11,"upper_bound":1833558304.7086499},"point_estimate":1833330819.2,"standard_error":90528.6537622245},"median":{"confidence_interval":{"confidence_level":0.99,"lower_bound":1833027739.0,"upper_bound":1833605733.0},"point_estimate":1833418958.0,"standard_error":93914.82528048364},"median_abs_dev":{"confidence_interval":{"confidence_level":0.99,"lower_bound":533050.0285814704,"upper_bound":1142194.278421998},"point_estimate":770995.7230120897,"standard_error":127774.37271679066},"slope":null,"std_dev":{"confidence_interval":{"confidence_level":0.99,"lower_bound":725021.820471089,"upper_bound":1085583.548699499},"point_estimate":908675.7528533243,"standard_error":70758.72203893337}}