{"mean":{"confidence_interval":{"confidence_level":0.99,"lower_bound":584905673.8741,"upper_bound":584939365.45105},"point_estimate":584921002.05,"standard_error":6459.1328412328685},"median":{"confidence_interval":{"confidence_level":0.99,"lower_bound":584903168.5,"upper_bound":584931333.0},"point_estimate":584917808.0,"standard_error":5438.833918069015},"median_abs_dev":{"confidence_interval":{"confidence_level":0.99,"lower_bound":30250.228562951088,"upper_bound":61450.89637152859},"point_estimate":44472.81011044979,"standard_error":6061.12261231929},"slope":null,"std_dev":{"confidence_interval":{"confidence_level":0.99,"lower_bound":39333.38827099239,"upper_bound":100271.82193819944},"point_estimate":65020.57253605712,"standard_error":13632.272531269593}}