{"mean":{"confidence_interval":{"confidence_level":0.99,"lower_bound":26771858.10735,"upper_bound":26895319.514650002},"point_estimate":26833410.28,"standard_error":24276.0695957193},"median":{"confidence_interval":{"confidence_level":0.99,"lower_bound":26751097.0,"upper_bound":26913623.0},"point_estimate":26841907.5,"standard_error":33472.885002182826},"median_abs_dev":{"confidence_interval":{"confidence_level":0.99,"lower_bound":202738.87470066553,"upper_bound":368145.8820641041},"point_estimate":293978.8183808327,"standard_error":30945.696423879857},"slope":null,"std_dev":{"confidence_interval":{"confidence_level":0.99,"lower_bound":208773.20502458225,"upper_bound":279427.44924784225},"point_estimate":246016.19040074284,"standard_error":13698.157010943887}}