{"mean":{"confidence_interval":{"confidence_level":0.99,"lower_bound":31896128.099850003,"upper_bound":31948177.35065},"point_estimate":31918621.23,"standard_error":10232.067993603738},"median":{"confidence_interval":{"confidence_level":0.99,"lower_bound":31884422.0,"upper_bound":31911038.0},"point_estimate":31897623.0,"standard_error":5040.391144088876},"median_abs_dev":{"confidence_interval":{"confidence_level":0.99,"lower_bound":27339.884814620018,"upper_bound":54968.87662410736},"point_estimate":38494.96701657772,"standard_error":5979.716019698025},"slope":null,"std_dev":{"confidence_interval":{"confidence_level":0.99,"lower_bound":36262.51076599702,"upper_bound":152349.99648262747},"point_estimate":102950.55548555798,"standard_error":22496.594524417025}}