{"mean":{"confidence_interval":{"confidence_level":0.99,"lower_bound":217682723.7154,"upper_bound":217728351.67975},"point_estimate":217700001.11,"standard_error":8990.931976921316},"median":{"confidence_interval":{"confidence_level":0.99,"lower_bound":217677034.0,"upper_bound":217694918.5},"point_estimate":217689302.0,"standard_error":4227.244933546796},"median_abs_dev":{"confidence_interval":{"confidence_level":0.99,"lower_bound":22536.22383490205,"upper_bound":44135.54456193747},"point_estimate":33524.55060482025,"standard_error":4103.565436832821},"slope":null,"std_dev":{"confidence_interval":{"confidence_level":0.99,"lower_bound":30230.308308693417,"upper_bound":161468.6653942562},"point_estimate":90423.94859512184,"standard_error":32965.66939716822}}