{"mean":{"confidence_interval":{"confidence_level":0.99,"lower_bound":1214559405.0597,"upper_bound":1215005845.2},"point_estimate":1214782953.35,"standard_error":86335.3701876259},"median":{"confidence_interval":{"confidence_level":0.99,"lower_bound":1214609089.5,"upper_bound":1215056092.0},"point_estimate":1214772480.0,"standard_error":79095.4388262294},"median_abs_dev":{"confidence_interval":{"confidence_level":0.99,"lower_bound":515829.88934218884,"upper_bound":1057499.509541631},"point_estimate":776659.9962115288,"standard_error":95766.37511466927},"slope":null,"std_dev":{"confidence_interval":{"confidence_level":0.99,"lower_bound":701139.0299478292,"upper_bound":1017786.2748741376},"point_estimate":863476.3169974979,"standard_error":61967.11661809979}}