{"mean":{"confidence_interval":{"confidence_level":0.99,"lower_bound":115325472.54455,"upper_bound":118600365.65255001},"point_estimate":116715331.08,"standard_error":645434.858365096},"median":{"confidence_interval":{"confidence_level":0.99,"lower_bound":114900483.0,"upper_bound":115113230.0},"point_estimate":115002286.0,"standard_error":43935.02570147326},"median_abs_dev":{"confidence_interval":{"confidence_level":0.99,"lower_bound":233378.2857567072,"upper_bound":503668.8630580902},"point_estimate":357497.84905314445,"standard_error":56343.68065434468},"slope":null,"std_dev":{"confidence_interval":{"confidence_level":0.99,"lower_bound":1394627.0190232927,"upper_bound":9287273.349363374},"point_estimate":6490631.401699837,"standard_error":1367398.1173530652}}