{"mean":{"confidence_interval":{"confidence_level":0.99,"lower_bound":132440027.69,"upper_bound":132657236.99},"point_estimate":132534849.7,"standard_error":41877.37409825957},"median":{"confidence_interval":{"confidence_level":0.99,"lower_bound":132355851.0,"upper_bound":132525652.0},"point_estimate":132430512.0,"standard_error":35647.59575349309},"median_abs_dev":{"confidence_interval":{"confidence_level":0.99,"lower_bound":145435.83344949788,"upper_bound":298545.2262997627},"point_estimate":208204.4795036316,"standard_error":29596.930155283146},"slope":null,"std_dev":{"confidence_interval":{"confidence_level":0.99,"lower_bound":203345.21075358585,"upper_bound":633436.8777888715},"point_estimate":422569.7786527288,"standard_error":90666.53849042136}}