{"mean":{"confidence_interval":{"confidence_level":0.99,"lower_bound":1839936959.4141,"upper_bound":1840655366.72},"point_estimate":1840308666.22,"standard_error":138349.50236403602},"median":{"confidence_interval":{"confidence_level":0.99,"lower_bound":1840004150.0,"upper_bound":1840861404.0},"point_estimate":1840451261.5,"standard_error":218177.4609911964},"median_abs_dev":{"confidence_interval":{"confidence_level":0.99,"lower_bound":936719.2654699087,"upper_bound":1768433.5916615294},"point_estimate":1413639.0598028898,"standard_error":175420.93201623493},"slope":null,"std_dev":{"confidence_interval":{"confidence_level":0.99,"lower_bound":1100040.613545287,"upper_bound":1731437.98276632},"point_estimate":1398984.2999971358,"standard_error":125810.25751336712}}