{"mean":{"confidence_interval":{"confidence_level":0.99,"lower_bound":119811682.48115,"upper_bound":126768616.53965},"point_estimate":122819925.88,"standard_error":1367942.1367211647},"median":{"confidence_interval":{"confidence_level":0.99,"lower_bound":118744719.0,"upper_bound":118914026.0},"point_estimate":118782886.5,"standard_error":28615.405208890283},"median_abs_dev":{"confidence_interval":{"confidence_level":0.99,"lower_bound":105704.93032336235,"upper_bound":363867.5099615608},"point_estimate":171538.2995545864,"standard_error":43492.47517463544},"slope":null,"std_dev":{"confidence_interval":{"confidence_level":0.99,"lower_bound":5850428.590854899,"upper_bound":19400433.08338878},"point_estimate":13769254.993724016,"standard_error":2622176.675042415}}