{"mean":{"confidence_interval":{"confidence_level":0.99,"lower_bound":160891617.23139998,"upper_bound":161974464.1326},"point_estimate":161463243.38,"standard_error":211086.0409480594},"median":{"confidence_interval":{"confidence_level":0.99,"lower_bound":161209154.5,"upper_bound":162138352.5},"point_estimate":161554473.0,"standard_error":212294.40744819338},"median_abs_dev":{"confidence_interval":{"confidence_level":0.99,"lower_bound":997467.5391814113,"upper_bound":1843488.5288715363},"point_estimate":1411498.185440898,"standard_error":162759.76077888778},"slope":null,"std_dev":{"confidence_interval":{"confidence_level":0.99,"lower_bound":1448099.2546653466,"upper_bound":2709659.070626338},"point_estimate":2128255.800618848,"standard_error":246987.9958320302}}