{"mean":{"confidence_interval":{"confidence_level":0.99,"lower_bound":218815675.33,"upper_bound":219090300.78},"point_estimate":218948336.03,"standard_error":52789.37683894543},"median":{"confidence_interval":{"confidence_level":0.99,"lower_bound":218742287.5,"upper_bound":218959484.5},"point_estimate":218797396.5,"standard_error":50056.739633624624},"median_abs_dev":{"confidence_interval":{"confidence_level":0.99,"lower_bound":238216.00947082043,"upper_bound":586175.8592328005},"point_estimate":395037.2803866863,"standard_error":66446.2147723293},"slope":null,"std_dev":{"confidence_interval":{"confidence_level":0.99,"lower_bound":419363.6764733355,"upper_bound":624200.5512721159},"point_estimate":529160.0909390994,"standard_error":39710.23192805203}}