{"mean":{"confidence_interval":{"confidence_level":0.99,"lower_bound":26684003.11345,"upper_bound":26729073.7793},"point_estimate":26703783.41,"standard_error":8764.872842038676},"median":{"confidence_interval":{"confidence_level":0.99,"lower_bound":26671246.0,"upper_bound":26691176.0},"point_estimate":26682390.5,"standard_error":4283.306365656289},"median_abs_dev":{"confidence_interval":{"confidence_level":0.99,"lower_bound":21957.194415181886,"upper_bound":47740.4604524374},"point_estimate":34151.690393686295,"standard_error":4986.826544119642},"slope":null,"std_dev":{"confidence_interval":{"confidence_level":0.99,"lower_bound":45558.43064902368,"upper_bound":133983.78919945483},"point_estimate":87925.62701374097,"standard_error":18596.299815197162}}