{"mean":{"confidence_interval":{"confidence_level":0.99,"lower_bound":26072722.6994,"upper_bound":26112342.20685},"point_estimate":26088119.68,"standard_error":7853.956698545669},"median":{"confidence_interval":{"confidence_level":0.99,"lower_bound":26067928.5,"upper_bound":26085584.0},"point_estimate":26075468.0,"standard_error":3926.970297099846},"median_abs_dev":{"confidence_interval":{"confidence_level":0.99,"lower_bound":19926.143646240234,"upper_bound":38303.71161997318},"point_estimate":29808.41377079487,"standard_error":3535.5069233087297},"slope":null,"std_dev":{"confidence_interval":{"confidence_level":0.99,"lower_bound":26339.58589785736,"upper_bound":138474.05505447654},"point_estimate":78963.18956578197,"standard_error":26983.267506440345}}