{"mean":{"confidence_interval":{"confidence_level":0.99,"lower_bound":27121003.96755,"upper_bound":27332353.9182},"point_estimate":27203893.68,"standard_error":41350.72013579385},"median":{"confidence_interval":{"confidence_level":0.99,"lower_bound":27079601.0,"upper_bound":27120702.0},"point_estimate":27095031.5,"standard_error":6767.967629731168},"median_abs_dev":{"confidence_interval":{"confidence_level":0.99,"lower_bound":37168.74427512288,"upper_bound":79734.52310442952},"point_estimate":55100.828021764755,"standard_error":7061.156778808555},"slope":null,"std_dev":{"confidence_interval":{"confidence_level":0.99,"lower_bound":118845.06187740341,"upper_bound":706338.8009527648},"point_estimate":413346.7136695193,"standard_error":128969.9968456542}}