{"mean":{"confidence_interval":{"confidence_level":0.99,"lower_bound":5090172274.24,"upper_bound":5093343746.2786},"point_estimate":5091772986.26,"standard_error":619568.0098178539},"median":{"confidence_interval":{"confidence_level":0.99,"lower_bound":5089245528.0,"upper_bound":5094295488.0},"point_estimate":5091658312.5,"standard_error":833692.5422461946},"median_abs_dev":{"confidence_interval":{"confidence_level":0.99,"lower_bound":4643749.970456958,"upper_bound":8257065.531107783},"point_estimate":6188410.837733746,"standard_error":744903.2655346111},"slope":null,"std_dev":{"confidence_interval":{"confidence_level":0.99,"lower_bound":5161520.55482666,"upper_bound":7231767.848695731},"point_estimate":6222545.062343811,"standard_error":408189.8805337474}}