{"mean":{"confidence_interval":{"confidence_level":0.99,"lower_bound":64865172.07,"upper_bound":64921158.7326},"point_estimate":64892023.51,"standard_error":10821.680867240639},"median":{"confidence_interval":{"confidence_level":0.99,"lower_bound":64844354.0,"upper_bound":64908414.5},"point_estimate":64872109.0,"standard_error":11168.842385296823},"median_abs_dev":{"confidence_interval":{"confidence_level":0.99,"lower_bound":70387.87187236547,"upper_bound":125622.17836976051},"point_estimate":93575.03863871098,"standard_error":9674.748401803436},"slope":null,"std_dev":{"confidence_interval":{"confidence_level":0.99,"lower_bound":83713.76370364772,"upper_bound":132147.3398575006},"point_estimate":108959.85093467671,"standard_error":9512.787234400797}}