{"mean":{"confidence_interval":{"confidence_level":0.99,"lower_bound":84854183.33585,"upper_bound":86029129.0233},"point_estimate":85405321.33,"standard_error":229960.32235930004},"median":{"confidence_interval":{"confidence_level":0.99,"lower_bound":84368555.0,"upper_bound":85052912.0},"point_estimate":84688522.5,"standard_error":106087.89262594926},"median_abs_dev":{"confidence_interval":{"confidence_level":0.99,"lower_bound":821373.7288177013,"upper_bound":1614148.8454431295},"point_estimate":1150350.060877204,"standard_error":141007.45013954875},"slope":null,"std_dev":{"confidence_interval":{"confidence_level":0.99,"lower_bound":1657359.0065983487,"upper_bound":2821722.103720552},"point_estimate":2311610.7849032436,"standard_error":227753.10692252955}}