{"mean":{"confidence_interval":{"confidence_level":0.99,"lower_bound":26471358.07,"upper_bound":26614714.04565},"point_estimate":26536199.91,"standard_error":28086.72777885154},"median":{"confidence_interval":{"confidence_level":0.99,"lower_bound":26411049.0,"upper_bound":26448210.0},"point_estimate":26432159.5,"standard_error":7827.173310826},"median_abs_dev":{"confidence_interval":{"confidence_level":0.99,"lower_bound":33662.40275037289,"upper_bound":87340.19054590186},"point_estimate":51771.649780869484,"standard_error":10367.674408091412},"slope":null,"std_dev":{"confidence_interval":{"confidence_level":0.99,"lower_bound":163644.99600964232,"upper_bound":386199.655918165},"point_estimate":281606.72248221206,"standard_error":44087.27463973437}}