{"mean":{"confidence_interval":{"confidence_level":0.99,"lower_bound":61714871.71,"upper_bound":63655814.4081},"point_estimate":62251379.09,"standard_error":446468.87473416486},"median":{"confidence_interval":{"confidence_level":0.99,"lower_bound":61658792.0,"upper_bound":61886814.0},"point_estimate":61852513.0,"standard_error":32993.28069008436},"median_abs_dev":{"confidence_interval":{"confidence_level":0.99,"lower_bound":112901.47059559822,"upper_bound":382373.65271151066},"point_estimate":240451.0289311409,"standard_error":56255.53447206094},"slope":null,"std_dev":{"confidence_interval":{"confidence_level":0.99,"lower_bound":217852.37243828256,"upper_bound":8794206.44404295},"point_estimate":4485945.385064547,"standard_error":2594810.6157568544}}