{"mean":{"confidence_interval":{"confidence_level":0.99,"lower_bound":113310776.86615,"upper_bound":113919320.95115},"point_estimate":113601554.08,"standard_error":118631.66610970875},"median":{"confidence_interval":{"confidence_level":0.99,"lower_bound":113112865.0,"upper_bound":113667399.0},"point_estimate":113346727.0,"standard_error":119691.56272854439},"median_abs_dev":{"confidence_interval":{"confidence_level":0.99,"lower_bound":611075.0768512487,"upper_bound":1264442.059251666},"point_estimate":897987.0824575424,"standard_error":134407.6649134112},"slope":null,"std_dev":{"confidence_interval":{"confidence_level":0.99,"lower_bound":856320.9426928867,"upper_bound":1491012.431118199},"point_estimate":1191260.9714965667,"standard_error":124738.39574799473}}