{"mean":{"confidence_interval":{"confidence_level":0.99,"lower_bound":26129026.573,"upper_bound":26160543.13835},"point_estimate":26144157.94,"standard_error":6114.613967432856},"median":{"confidence_interval":{"confidence_level":0.99,"lower_bound":26119123.0,"upper_bound":26148174.0},"point_estimate":26137658.5,"standard_error":5255.736411989862},"median_abs_dev":{"confidence_interval":{"confidence_level":0.99,"lower_bound":35122.05207645893,"upper_bound":71609.57872867584},"point_estimate":50148.94410967827,"standard_error":6769.510308428222},"slope":null,"std_dev":{"confidence_interval":{"confidence_level":0.99,"lower_bound":46757.573822480364,"upper_bound":74775.58691890194},"point_estimate":61448.89506725294,"standard_error":5468.093208852844}}