{"mean":{"confidence_interval":{"confidence_level":0.99,"lower_bound":110132301.78840001,"upper_bound":111208980.30775},"point_estimate":110603475.26,"standard_error":208265.52333513313},"median":{"confidence_interval":{"confidence_level":0.99,"lower_bound":110331797.0,"upper_bound":110472359.0},"point_estimate":110403041.5,"standard_error":31691.78446035123},"median_abs_dev":{"confidence_interval":{"confidence_level":0.99,"lower_bound":161934.71745358407,"upper_bound":386413.7487592846},"point_estimate":300824.72375929356,"standard_error":41807.82052132038},"slope":null,"std_dev":{"confidence_interval":{"confidence_level":0.99,"lower_bound":880382.5146594542,"upper_bound":3220106.8380248896},"point_estimate":2097197.3361666906,"standard_error":480084.17266916594}}