{"mean":{"confidence_interval":{"confidence_level":0.99,"lower_bound":109828507.04895,"upper_bound":110746502.01765001},"point_estimate":110188430.58,"standard_error":184312.1033747742},"median":{"confidence_interval":{"confidence_level":0.99,"lower_bound":109664959.0,"upper_bound":110010537.0},"point_estimate":109855585.0,"standard_error":67103.53479499287},"median_abs_dev":{"confidence_interval":{"confidence_level":0.99,"lower_bound":360637.23967140913,"upper_bound":693349.019429595},"point_estimate":511818.7151134014,"standard_error":59050.037220452905},"slope":null,"std_dev":{"confidence_interval":{"confidence_level":0.99,"lower_bound":506227.1297693965,"upper_bound":3046348.5250697685},"point_estimate":1861971.2741621856,"standard_error":600588.6450210874}}