{"mean":{"confidence_interval":{"confidence_level":0.99,"lower_bound":134020839.5101,"upper_bound":134794942.63875002},"point_estimate":134271454.92,"standard_error":163320.98819512103},"median":{"confidence_interval":{"confidence_level":0.99,"lower_bound":133950411.5,"upper_bound":134175708.0},"point_estimate":134010808.5,"standard_error":46956.42796881267},"median_abs_dev":{"confidence_interval":{"confidence_level":0.99,"lower_bound":235931.32291138172,"upper_bound":539817.6156163216},"point_estimate":396807.50475525856,"standard_error":63986.717012297544},"slope":null,"std_dev":{"confidence_interval":{"confidence_level":0.99,"lower_bound":358373.2078110811,"upper_bound":3168038.0884612394},"point_estimate":1646564.200557816,"standard_error":826979.9788601293}}