{"mean":{"confidence_interval":{"confidence_level":0.99,"lower_bound":59252694.62,"upper_bound":59426132.17025},"point_estimate":59336117.52,"standard_error":33807.17088433788},"median":{"confidence_interval":{"confidence_level":0.99,"lower_bound":59139695.0,"upper_bound":59307646.0},"point_estimate":59250416.0,"standard_error":34894.455448732166},"median_abs_dev":{"confidence_interval":{"confidence_level":0.99,"lower_bound":180671.11539244652,"upper_bound":410512.65891194344},"point_estimate":293935.08168160915,"standard_error":50554.404988452116},"slope":null,"std_dev":{"confidence_interval":{"confidence_level":0.99,"lower_bound":270757.5955934036,"upper_bound":402906.36179332994},"point_estimate":340571.03437542217,"standard_error":25820.651577565393}}