{"mean":{"confidence_interval":{"confidence_level":0.99,"lower_bound":117695090.4879,"upper_bound":118050335.57695},"point_estimate":117865023.3,"standard_error":69477.64164959577},"median":{"confidence_interval":{"confidence_level":0.99,"lower_bound":117620598.0,"upper_bound":117986948.0},"point_estimate":117798588.5,"standard_error":66199.31553029644},"median_abs_dev":{"confidence_interval":{"confidence_level":0.99,"lower_bound":373275.677973032,"upper_bound":721346.8635800336},"point_estimate":529680.3382962942,"standard_error":69290.61857001447},"slope":null,"std_dev":{"confidence_interval":{"confidence_level":0.99,"lower_bound":503051.6037792991,"upper_bound":889924.6635694961},"point_estimate":695936.8489291135,"standard_error":77317.7888485316}}