{"mean":{"confidence_interval":{"confidence_level":0.99,"lower_bound":282134575.20780003,"upper_bound":282870061.33635},"point_estimate":282499490.27,"standard_error":142117.33026519796},"median":{"confidence_interval":{"confidence_level":0.99,"lower_bound":281731729.0,"upper_bound":282939242.0},"point_estimate":282411777.0,"standard_error":208305.5560846017},"median_abs_dev":{"confidence_interval":{"confidence_level":0.99,"lower_bound":1086210.5621159077,"upper_bound":1981794.3611356197},"point_estimate":1632489.3484175205,"standard_error":145600.49368102243},"slope":null,"std_dev":{"confidence_interval":{"confidence_level":0.99,"lower_bound":1196367.9947026605,"upper_bound":1647302.5069651182},"point_estimate":1429630.917033737,"standard_error":87861.8124726636}}