{"mean":{"confidence_interval":{"confidence_level":0.99,"lower_bound":33462873.68305,"upper_bound":33615727.92},"point_estimate":33533921.01,"standard_error":29654.342017689636},"median":{"confidence_interval":{"confidence_level":0.99,"lower_bound":33406036.0,"upper_bound":33441587.0},"point_estimate":33419971.0,"standard_error":6133.0322503079105},"median_abs_dev":{"confidence_interval":{"confidence_level":0.99,"lower_bound":43610.12225076561,"upper_bound":98297.23074987541},"point_estimate":67443.47280263901,"standard_error":9688.935026227424},"slope":null,"std_dev":{"confidence_interval":{"confidence_level":0.99,"lower_bound":192534.12861396934,"upper_bound":375936.10423654265},"point_estimate":297890.9620589283,"standard_error":35007.764541724035}}