{"mean":{"confidence_interval":{"confidence_level":0.99,"lower_bound":26270282.3,"upper_bound":26304940.6166},"point_estimate":26287574.25,"standard_error":6780.872055286999},"median":{"confidence_interval":{"confidence_level":0.99,"lower_bound":26265004.0,"upper_bound":26307954.0},"point_estimate":26287079.5,"standard_error":9764.354081566553},"median_abs_dev":{"confidence_interval":{"confidence_level":0.99,"lower_bound":46650.0081717968,"upper_bound":96688.49858343601},"point_estimate":72350.87871551514,"standard_error":9872.994958193472},"slope":null,"std_dev":{"confidence_interval":{"confidence_level":0.99,"lower_bound":56839.60201633859,"upper_bound":78901.76824238928},"point_estimate":68239.17541945218,"standard_error":4248.190850641452}}