{"mean":{"confidence_interval":{"confidence_level":0.99,"lower_bound":110645765.5777,"upper_bound":111408977.4698},"point_estimate":111044408.27,"standard_error":147619.049265532},"median":{"confidence_interval":{"confidence_level":0.99,"lower_bound":111247381.0,"upper_bound":111774035.0},"point_estimate":111561674.5,"standard_error":104818.54853660357},"median_abs_dev":{"confidence_interval":{"confidence_level":0.99,"lower_bound":532289.63270697,"upper_bound":1634230.6250216088},"point_estimate":928055.6925237179,"standard_error":218281.58628146249},"slope":null,"std_dev":{"confidence_interval":{"confidence_level":0.99,"lower_bound":1155744.0432247012,"upper_bound":1742221.6570768324},"point_estimate":1478578.0612826638,"standard_error":114122.3796068618}}