{"mean":{"confidence_interval":{"confidence_level":0.99,"lower_bound":26324980.6448,"upper_bound":26368875.34385},"point_estimate":26346685.59,"standard_error":8552.554038442808},"median":{"confidence_interval":{"confidence_level":0.99,"lower_bound":26314841.0,"upper_bound":26372132.0},"point_estimate":26347331.5,"standard_error":12401.100092793651},"median_abs_dev":{"confidence_interval":{"confidence_level":0.99,"lower_bound":67525.57177618147,"upper_bound":130766.10345643763},"point_estimate":104939.16743695736,"standard_error":11707.042293142287},"slope":null,"std_dev":{"confidence_interval":{"confidence_level":0.99,"lower_bound":73531.96439529148,"upper_bound":97658.19847794088},"point_estimate":86232.01653644262,"standard_error":4698.517504815784}}