{"mean":{"confidence_interval":{"confidence_level":0.99,"lower_bound":26325725.76,"upper_bound":26458609.26255},"point_estimate":26376695.95,"standard_error":26413.761976678747},"median":{"confidence_interval":{"confidence_level":0.99,"lower_bound":26304526.0,"upper_bound":26326266.5},"point_estimate":26317291.0,"standard_error":4234.124056163063},"median_abs_dev":{"confidence_interval":{"confidence_level":0.99,"lower_bound":21217.488223314285,"upper_bound":47843.608639106256},"point_estimate":32009.333431720734,"standard_error":5090.133092295929},"slope":null,"std_dev":{"confidence_interval":{"confidence_level":0.99,"lower_bound":57865.33365686518,"upper_bound":464197.77314839896},"point_estimate":265449.3113296042,"standard_error":88667.2261042518}}