{"mean":{"confidence_interval":{"confidence_level":0.99,"lower_bound":27981778.015249997,"upper_bound":28660879.1623},"point_estimate":28268689.61,"standard_error":133898.48521592002},"median":{"confidence_interval":{"confidence_level":0.99,"lower_bound":27869633.25,"upper_bound":27902534.0},"point_estimate":27884684.0,"standard_error":6613.845959908323},"median_abs_dev":{"confidence_interval":{"confidence_level":0.99,"lower_bound":33529.73970472813,"upper_bound":67911.2330943346},"point_estimate":47450.61215758324,"standard_error":6435.529791430061},"slope":null,"std_dev":{"confidence_interval":{"confidence_level":0.99,"lower_bound":531674.6872194385,"upper_bound":2047970.1536234873},"point_estimate":1346898.0962767212,"standard_error":315938.87692984875}}