{"mean":{"confidence_interval":{"confidence_level":0.99,"lower_bound":85721138.2009,"upper_bound":88950115.4885},"point_estimate":87187879.86,"standard_error":633189.393536695},"median":{"confidence_interval":{"confidence_level":0.99,"lower_bound":84827282.0,"upper_bound":84903783.0},"point_estimate":84854430.5,"standard_error":13183.254306159799},"median_abs_dev":{"confidence_interval":{"confidence_level":0.99,"lower_bound":77370.15050290525,"upper_bound":211057.0018529892},"point_estimate":110589.35593664646,"standard_error":23421.242403493754},"slope":null,"std_dev":{"confidence_interval":{"confidence_level":0.99,"lower_bound":3946079.005582575,"upper_bound":8063873.068834344},"point_estimate":6343760.260933791,"standard_error":802525.9819140951}}