{"mean":{"confidence_interval":{"confidence_level":0.99,"lower_bound":26273487.81255,"upper_bound":26321349.506199997},"point_estimate":26291691.23,"standard_error":9338.442957963643},"median":{"confidence_interval":{"confidence_level":0.99,"lower_bound":26262883.0,"upper_bound":26287763.0},"point_estimate":26276023.0,"standard_error":5482.450566008813},"median_abs_dev":{"confidence_interval":{"confidence_level":0.99,"lower_bound":25242.747151851654,"upper_bound":50609.29140150547},"point_estimate":35783.29166471958,"standard_error":5258.044602220216},"slope":null,"std_dev":{"confidence_interval":{"confidence_level":0.99,"lower_bound":32338.475323425006,"upper_bound":165485.53228669704},"point_estimate":93444.42592202095,"standard_error":32877.73508444088}}