{"mean":{"confidence_interval":{"confidence_level":0.99,"lower_bound":187422051.63785,"upper_bound":188870131.89385},"point_estimate":188139578.78,"standard_error":281669.48043837},"median":{"confidence_interval":{"confidence_level":0.99,"lower_bound":187516047.0,"upper_bound":189492386.0},"point_estimate":188118419.5,"standard_error":355737.49875026837},"median_abs_dev":{"confidence_interval":{"confidence_level":0.99,"lower_bound":1973916.3252529805,"upper_bound":3560458.781123221},"point_estimate":2948337.5965565443,"standard_error":298572.8181830386},"slope":null,"std_dev":{"confidence_interval":{"confidence_level":0.99,"lower_bound":2207715.2018451965,"upper_bound":3453397.4077635626},"point_estimate":2819616.988732531,"standard_error":246277.83011141428}}