{"mean":{"confidence_interval":{"confidence_level":0.99,"lower_bound":107227668.1335,"upper_bound":107995712.45030001},"point_estimate":107601884.15,"standard_error":147735.11237193062},"median":{"confidence_interval":{"confidence_level":0.99,"lower_bound":107060918.5,"upper_bound":107927226.5},"point_estimate":107606289.0,"standard_error":151262.2782111118},"median_abs_dev":{"confidence_interval":{"confidence_level":0.99,"lower_bound":943739.1354227812,"upper_bound":1890529.2021363974},"point_estimate":1365848.1909513474,"standard_error":190320.66131954992},"slope":null,"std_dev":{"confidence_interval":{"confidence_level":0.99,"lower_bound":1138274.5178438742,"upper_bound":1815601.8555507956},"point_estimate":1483536.9014648837,"standard_error":133817.0348922218}}