{"mean":{"confidence_interval":{"confidence_level":0.99,"lower_bound":42811519.92105,"upper_bound":44176003.598000005},"point_estimate":43394356.81,"standard_error":270615.0925454693},"median":{"confidence_interval":{"confidence_level":0.99,"lower_bound":42698078.0,"upper_bound":42735243.0},"point_estimate":42713553.0,"standard_error":6433.328637264824},"median_abs_dev":{"confidence_interval":{"confidence_level":0.99,"lower_bound":41519.29675738515,"upper_bound":88823.3057230711},"point_estimate":59097.17625081539,"standard_error":8410.822134926593},"slope":null,"std_dev":{"confidence_interval":{"confidence_level":0.99,"lower_bound":400152.0233043801,"upper_bound":3937775.8419294055},"point_estimate":2723335.829189027,"standard_error":591435.0231831836}}