{"mean":{"confidence_interval":{"confidence_level":0.99,"lower_bound":27706637.86,"upper_bound":28610800.3881},"point_estimate":28057357.95,"standard_error":184338.70905282506},"median":{"confidence_interval":{"confidence_level":0.99,"lower_bound":27658934.0,"upper_bound":27693615.0},"point_estimate":27671844.0,"standard_error":7640.543145231468},"median_abs_dev":{"confidence_interval":{"confidence_level":0.99,"lower_bound":34115.36669433117,"upper_bound":80987.90941567732},"point_estimate":55576.00131332874,"standard_error":8621.987840363669},"slope":null,"std_dev":{"confidence_interval":{"confidence_level":0.99,"lower_bound":137019.73363309205,"upper_bound":2963199.5373213124},"point_estimate":1854928.8047846765,"standard_error":561669.903425817}}