{"mean":{"confidence_interval":{"confidence_level":0.99,"lower_bound":45625821.04225,"upper_bound":47463561.5274},"point_estimate":46445504.01,"standard_error":360570.8388401296},"median":{"confidence_interval":{"confidence_level":0.99,"lower_bound":45155421.0,"upper_bound":45346695.722500004},"point_estimate":45222207.0,"standard_error":38492.743854568595},"median_abs_dev":{"confidence_interval":{"confidence_level":0.99,"lower_bound":134161.21291816235,"upper_bound":428126.9510607275},"point_estimate":261992.46524870396,"standard_error":56741.85160292154},"slope":null,"std_dev":{"confidence_interval":{"confidence_level":0.99,"lower_bound":1883297.5287973264,"upper_bound":4855681.008710624},"point_estimate":3631610.803498889,"standard_error":574611.8173336188}}