{"mean":{"confidence_interval":{"confidence_level":0.99,"lower_bound":95496534.8805,"upper_bound":96993622.7704},"point_estimate":96241661.04,"standard_error":291783.9841086985},"median":{"confidence_interval":{"confidence_level":0.99,"lower_bound":94770473.0,"upper_bound":97913360.0},"point_estimate":95791963.5,"standard_error":670540.5778776997},"median_abs_dev":{"confidence_interval":{"confidence_level":0.99,"lower_bound":2355486.638581753,"upper_bound":4349871.372127853},"point_estimate":3505278.5005688667,"standard_error":351940.89617560006},"slope":null,"std_dev":{"confidence_interval":{"confidence_level":0.99,"lower_bound":2511150.4902733453,"upper_bound":3325452.712665132},"point_estimate":2932174.25193227,"standard_error":158306.7662066059}}