{"mean":{"confidence_interval":{"confidence_level":0.99,"lower_bound":98848190.5329,"upper_bound":100215726.95045},"point_estimate":99449542.02,"standard_error":265133.3837681921},"median":{"confidence_interval":{"confidence_level":0.99,"lower_bound":98555326.0,"upper_bound":99398316.5},"point_estimate":98966090.5,"standard_error":210398.3708129447},"median_abs_dev":{"confidence_interval":{"confidence_level":0.99,"lower_bound":1054509.609478712,"upper_bound":2538726.881045097},"point_estimate":1598156.0395270586,"standard_error":318645.7858809212},"slope":null,"std_dev":{"confidence_interval":{"confidence_level":0.99,"lower_bound":1466879.8812432315,"upper_bound":4055495.9756055125},"point_estimate":2664982.3776827147,"standard_error":578172.8794825067}}