{"mean":{"confidence_interval":{"confidence_level":0.99,"lower_bound":30108406.13035,"upper_bound":31056866.92},"point_estimate":30523898.33,"standard_error":185204.59931252326},"median":{"confidence_interval":{"confidence_level":0.99,"lower_bound":29987041.0,"upper_bound":30029902.0},"point_estimate":30007351.0,"standard_error":7787.571195656781},"median_abs_dev":{"confidence_interval":{"confidence_level":0.99,"lower_bound":51461.04508638382,"upper_bound":124398.29209148884},"point_estimate":82560.0621342659,"standard_error":14583.584127013619},"slope":null,"std_dev":{"confidence_interval":{"confidence_level":0.99,"lower_bound":783134.6577367369,"upper_bound":2611837.4507323755},"point_estimate":1864536.2538291046,"standard_error":352155.20198900666}}