{"mean":{"confidence_interval":{"confidence_level":0.99,"lower_bound":1346702774.28825,"upper_bound":1346727023.8223999},"point_estimate":1346714707.1,"standard_error":4697.819541084938},"median":{"confidence_interval":{"confidence_level":0.99,"lower_bound":1346698316.0,"upper_bound":1346728063.0},"point_estimate":1346713954.5,"standard_error":4446.366328080178},"median_abs_dev":{"confidence_interval":{"confidence_level":0.99,"lower_bound":34466.001588106155,"upper_bound":65466.42573773861},"point_estimate":52098.56307506561,"standard_error":5350.210766261512},"slope":null,"std_dev":{"confidence_interval":{"confidence_level":0.99,"lower_bound":39244.31107107966,"upper_bound":54403.48632258894},"point_estimate":47139.785382724134,"standard_error":2964.0256358116976}}