{"mean":{"confidence_interval":{"confidence_level":0.99,"lower_bound":26265663.05065,"upper_bound":26280776.9261},"point_estimate":26273277.75,"standard_error":2943.783302266082},"median":{"confidence_interval":{"confidence_level":0.99,"lower_bound":26262123.0,"upper_bound":26285828.5},"point_estimate":26275098.0,"standard_error":4688.899015420924},"median_abs_dev":{"confidence_interval":{"confidence_level":0.99,"lower_bound":21379.09162044525,"upper_bound":41855.27985692024},"point_estimate":30393.29946041107,"standard_error":3975.279576833877},"slope":null,"std_dev":{"confidence_interval":{"confidence_level":0.99,"lower_bound":24660.91745905245,"upper_bound":34135.90328514699},"point_estimate":29588.08880101019,"standard_error":1840.668701091589}}