{"mean":{"confidence_interval":{"confidence_level":0.99,"lower_bound":26813068.6328,"upper_bound":27130737.175300002},"point_estimate":26943650.96,"standard_error":62839.258244422344},"median":{"confidence_interval":{"confidence_level":0.99,"lower_bound":26773837.0,"upper_bound":26789307.0},"point_estimate":26781602.0,"standard_error":3076.0866567182243},"median_abs_dev":{"confidence_interval":{"confidence_level":0.99,"lower_bound":17481.332583144307,"upper_bound":42032.528390273525},"point_estimate":28065.617501735687,"standard_error":4541.060180021512},"slope":null,"std_dev":{"confidence_interval":{"confidence_level":0.99,"lower_bound":133679.52780964845,"upper_bound":1014243.7308807418},"point_estimate":634300.3959986296,"standard_error":166888.27470229467}}