{"mean":{"confidence_interval":{"confidence_level":0.99,"lower_bound":103174749.9667,"upper_bound":108490970.07375},"point_estimate":105784182.08,"standard_error":1034772.1640766858},"median":{"confidence_interval":{"confidence_level":0.99,"lower_bound":96866520.0,"upper_bound":116772228.0},"point_estimate":97327976.0,"standard_error":4996588.752125576},"median_abs_dev":{"confidence_interval":{"confidence_level":0.99,"lower_bound":628414.7951914072,"upper_bound":15671370.828777552},"point_estimate":1480970.596307516,"standard_error":2468025.6253765337},"slope":null,"std_dev":{"confidence_interval":{"confidence_level":0.99,"lower_bound":9670045.804294113,"upper_bound":10607796.671641443},"point_estimate":10405323.306212176,"standard_error":174342.54082755095}}