{"mean":{"confidence_interval":{"confidence_level":0.99,"lower_bound":27207819.0125,"upper_bound":27394556.7349},"point_estimate":27279219.09,"standard_error":37488.48162644529},"median":{"confidence_interval":{"confidence_level":0.99,"lower_bound":27173721.0,"upper_bound":27208621.0},"point_estimate":27186175.5,"standard_error":6922.675359589592},"median_abs_dev":{"confidence_interval":{"confidence_level":0.99,"lower_bound":34225.820392370224,"upper_bound":92580.95906285942},"point_estimate":62017.89819896221,"standard_error":10608.018501057037},"slope":null,"std_dev":{"confidence_interval":{"confidence_level":0.99,"lower_bound":96251.77463244411,"upper_bound":665428.8943848286},"point_estimate":376681.9010428218,"standard_error":132877.95042311415}}