{"mean":{"confidence_interval":{"confidence_level":0.99,"lower_bound":95391453.61289999,"upper_bound":97821212.52365},"point_estimate":96472623.44,"standard_error":473465.89355616353},"median":{"confidence_interval":{"confidence_level":0.99,"lower_bound":94666840.0,"upper_bound":96780080.0},"point_estimate":95836398.0,"standard_error":612865.4449005979},"median_abs_dev":{"confidence_interval":{"confidence_level":0.99,"lower_bound":1916475.1872272643,"upper_bound":3126017.5665020943},"point_estimate":2465732.031324506,"standard_error":216635.28510741232},"slope":null,"std_dev":{"confidence_interval":{"confidence_level":0.99,"lower_bound":2290581.7642834387,"upper_bound":6943446.363575561},"point_estimate":4768727.416720867,"standard_error":944225.3133326031}}