{"mean":{"confidence_interval":{"confidence_level":0.99,"lower_bound":98901105.509,"upper_bound":100512018.30205001},"point_estimate":99628192.4,"standard_error":312031.7263631676},"median":{"confidence_interval":{"confidence_level":0.99,"lower_bound":98342798.0,"upper_bound":99329952.0},"point_estimate":98730392.0,"standard_error":206978.58108513153},"median_abs_dev":{"confidence_interval":{"confidence_level":0.99,"lower_bound":840654.9414753914,"upper_bound":1668974.273106786},"point_estimate":1143548.6334979534,"standard_error":152547.9427966723},"slope":null,"std_dev":{"confidence_interval":{"confidence_level":0.99,"lower_bound":1796428.2784745444,"upper_bound":4199522.772470578},"point_estimate":3136143.472427444,"standard_error":468518.95843015355}}