{"mean":{"confidence_interval":{"confidence_level":0.99,"lower_bound":26981134.322699998,"upper_bound":27001977.989949998},"point_estimate":26990577.94,"standard_error":4007.3844336622324},"median":{"confidence_interval":{"confidence_level":0.99,"lower_bound":26976143.0,"upper_bound":26998853.0},"point_estimate":26987882.0,"standard_error":4155.139650678484},"median_abs_dev":{"confidence_interval":{"confidence_level":0.99,"lower_bound":22231.58660531044,"upper_bound":40772.24057614803},"point_estimate":30972.9960501194,"standard_error":3604.2803459454108},"slope":null,"std_dev":{"confidence_interval":{"confidence_level":0.99,"lower_bound":26038.4697586037,"upper_bound":60986.94134590524},"point_estimate":40337.98110281312,"standard_error":8046.741977290127}}