{"mean":{"confidence_interval":{"confidence_level":0.99,"lower_bound":110293027.34830001,"upper_bound":112878519.19},"point_estimate":111366382.3,"standard_error":513359.59360878106},"median":{"confidence_interval":{"confidence_level":0.99,"lower_bound":110025217.0,"upper_bound":110279730.0},"point_estimate":110177374.0,"standard_error":48504.676192544386},"median_abs_dev":{"confidence_interval":{"confidence_level":0.99,"lower_bound":305013.06868493557,"upper_bound":711102.3905754089},"point_estimate":462629.75448668003,"standard_error":81136.71848153039},"slope":null,"std_dev":{"confidence_interval":{"confidence_level":0.99,"lower_bound":1534624.9273310378,"upper_bound":7963372.874381402},"point_estimate":5147384.187083026,"standard_error":1274852.2714967083}}