{"mean":{"confidence_interval":{"confidence_level":0.99,"lower_bound":26124284.54335,"upper_bound":26428347.78705},"point_estimate":26240857.49,"standard_error":62346.413464646845},"median":{"confidence_interval":{"confidence_level":0.99,"lower_bound":26107362.0,"upper_bound":26132613.0},"point_estimate":26117558.0,"standard_error":4763.787803454296},"median_abs_dev":{"confidence_interval":{"confidence_level":0.99,"lower_bound":25396.937549114227,"upper_bound":56628.75848963867},"point_estimate":39860.4415923357,"standard_error":6019.533831036789},"slope":null,"std_dev":{"confidence_interval":{"confidence_level":0.99,"lower_bound":50991.654532652436,"upper_bound":1003957.18485861},"point_estimate":625746.4946569694,"standard_error":194878.4356477895}}