{"mean":{"confidence_interval":{"confidence_level":0.99,"lower_bound":32389257.81345,"upper_bound":33919224.98},"point_estimate":33138184.76,"standard_error":298906.6648207407},"median":{"confidence_interval":{"confidence_level":0.99,"lower_bound":31776343.0,"upper_bound":33664610.0},"point_estimate":32467563.5,"standard_error":425906.10342564754},"median_abs_dev":{"confidence_interval":{"confidence_level":0.99,"lower_bound":1147304.0592312813,"upper_bound":2879135.908445125},"point_estimate":1886351.235410571,"standard_error":299309.89033113},"slope":null,"std_dev":{"confidence_interval":{"confidence_level":0.99,"lower_bound":2231712.7590764468,"upper_bound":3671562.1523646284},"point_estimate":2990234.9919055337,"standard_error":281168.4129643882}}