{"mean":{"confidence_interval":{"confidence_level":0.99,"lower_bound":41237215.51975,"upper_bound":41632421.9},"point_estimate":41416550.22,"standard_error":76017.69362341777},"median":{"confidence_interval":{"confidence_level":0.99,"lower_bound":41090242.0,"upper_bound":41133837.0},"point_estimate":41104942.5,"standard_error":8276.894327704042},"median_abs_dev":{"confidence_interval":{"confidence_level":0.99,"lower_bound":49956.20611310005,"upper_bound":138832.14413523674},"point_estimate":86657.96846151352,"standard_error":16992.674525555176},"slope":null,"std_dev":{"confidence_interval":{"confidence_level":0.99,"lower_bound":497717.50713002094,"upper_bound":959273.3011171645},"point_estimate":763980.4026573435,"standard_error":88524.42589203741}}