{"mean":{"confidence_interval":{"confidence_level":0.99,"lower_bound":94669700.17995,"upper_bound":95624563.77329999},"point_estimate":95089667.23,"standard_error":187457.1996670368},"median":{"confidence_interval":{"confidence_level":0.99,"lower_bound":94510937.0,"upper_bound":94570048.0},"point_estimate":94545183.0,"standard_error":12127.657659521039},"median_abs_dev":{"confidence_interval":{"confidence_level":0.99,"lower_bound":66153.61082553864,"upper_bound":141434.10708904266},"point_estimate":89719.5374071598,"standard_error":14412.11808776828},"slope":null,"std_dev":{"confidence_interval":{"confidence_level":0.99,"lower_bound":856294.0991398132,"upper_bound":2613982.2075926536},"point_estimate":1882910.4409978841,"standard_error":337230.3790973058}}