{"mean":{"confidence_interval":{"confidence_level":0.99,"lower_bound":54055429.782199994,"upper_bound":55223052.1814},"point_estimate":54608459.61,"standard_error":227092.1971623753},"median":{"confidence_interval":{"confidence_level":0.99,"lower_bound":53290398.5,"upper_bound":53488055.5},"point_estimate":53365774.5,"standard_error":36209.083002870306},"median_abs_dev":{"confidence_interval":{"confidence_level":0.99,"lower_bound":149261.94584307077,"upper_bound":475555.06105720997},"point_estimate":272496.68606221676,"standard_error":66606.91937006415},"slope":null,"std_dev":{"confidence_interval":{"confidence_level":0.99,"lower_bound":1807114.5006454347,"upper_bound":2594006.2816867423},"point_estimate":2287135.5803775266,"standard_error":152109.78064925259}}