{"mean":{"confidence_interval":{"confidence_level":0.99,"lower_bound":26296436.07565,"upper_bound":26310470.173},"point_estimate":26303350.13,"standard_error":2736.3970814044146},"median":{"confidence_interval":{"confidence_level":0.99,"lower_bound":26289868.0,"upper_bound":26311658.0},"point_estimate":26302128.0,"standard_error":4520.731499706991},"median_abs_dev":{"confidence_interval":{"confidence_level":0.99,"lower_bound":20919.48562860489,"upper_bound":39244.49913977094},"point_estimate":30460.01645922661,"standard_error":3624.647712914873},"slope":null,"std_dev":{"confidence_interval":{"confidence_level":0.99,"lower_bound":23172.0731690502,"upper_bound":31563.47340821092},"point_estimate":27563.528143367315,"standard_error":1628.7776461344927}}