{"mean":{"confidence_interval":{"confidence_level":0.99,"lower_bound":148455747.01805001,"upper_bound":148533146.81},"point_estimate":148493360.9,"standard_error":15020.744536506894},"median":{"confidence_interval":{"confidence_level":0.99,"lower_bound":148431563.5,"upper_bound":148519060.0},"point_estimate":148460513.5,"standard_error":15082.785553931266},"median_abs_dev":{"confidence_interval":{"confidence_level":0.99,"lower_bound":91916.00926816463,"upper_bound":176790.48038484162},"point_estimate":128849.05721247196,"standard_error":15803.9284781915},"slope":null,"std_dev":{"confidence_interval":{"confidence_level":0.99,"lower_bound":114936.8745788283,"upper_bound":185039.99827302404},"point_estimate":150724.660357115,"standard_error":13798.051157262631}}