{"mean":{"confidence_interval":{"confidence_level":0.99,"lower_bound":26028441.5655,"upper_bound":26404846.744650003},"point_estimate":26141380.64,"standard_error":81917.74420156846},"median":{"confidence_interval":{"confidence_level":0.99,"lower_bound":26000382.0,"upper_bound":26020512.0},"point_estimate":26009767.0,"standard_error":4229.086888912134},"median_abs_dev":{"confidence_interval":{"confidence_level":0.99,"lower_bound":23884.64851096273,"upper_bound":50179.33740913868},"point_estimate":34863.33838105202,"standard_error":5076.369818285715},"slope":null,"std_dev":{"confidence_interval":{"confidence_level":0.99,"lower_bound":94514.31951704806,"upper_bound":1593678.726639663},"point_estimate":820525.2377132801,"standard_error":440891.05747819174}}