{"mean":{"confidence_interval":{"confidence_level":0.99,"lower_bound":120537750.64469999,"upper_bound":121129167.9907},"point_estimate":120818103.23,"standard_error":115071.79299254705},"median":{"confidence_interval":{"confidence_level":0.99,"lower_bound":120271780.0,"upper_bound":120814126.0},"point_estimate":120524361.0,"standard_error":96698.43453198564},"median_abs_dev":{"confidence_interval":{"confidence_level":0.99,"lower_bound":513308.5316424519,"upper_bound":1142633.8693141937},"point_estimate":800804.8780828714,"standard_error":115645.9127271048},"slope":null,"std_dev":{"confidence_interval":{"confidence_level":0.99,"lower_bound":867024.6753132631,"upper_bound":1414562.351724455},"point_estimate":1158339.1338147146,"standard_error":107421.02117351929}}