{"mean":{"confidence_interval":{"confidence_level":0.99,"lower_bound":104255782.25115001,"upper_bound":105484564.1642},"point_estimate":104836637.65,"standard_error":237805.27054911896},"median":{"confidence_interval":{"confidence_level":0.99,"lower_bound":104109491.0,"upper_bound":104808160.0},"point_estimate":104624580.5,"standard_error":126085.05539969393},"median_abs_dev":{"confidence_interval":{"confidence_level":0.99,"lower_bound":705980.0076663494,"upper_bound":1920361.0965842772},"point_estimate":1155071.4004933834,"standard_error":283157.66594345355},"slope":null,"std_dev":{"confidence_interval":{"confidence_level":0.99,"lower_bound":1639032.5396188756,"upper_bound":3075679.4801835576},"point_estimate":2399673.377712418,"standard_error":282002.57646342076}}