{"mean":{"confidence_interval":{"confidence_level":0.99,"lower_bound":107145583.10585,"upper_bound":107461941.902},"point_estimate":107299697.6,"standard_error":61600.849605271964},"median":{"confidence_interval":{"confidence_level":0.99,"lower_bound":106940841.0,"upper_bound":107351235.0},"point_estimate":107151951.0,"standard_error":71945.9307871678},"median_abs_dev":{"confidence_interval":{"confidence_level":0.99,"lower_bound":362368.1899666786,"upper_bound":804881.2867105007},"point_estimate":620241.9924885035,"standard_error":96300.42933281878},"slope":null,"std_dev":{"confidence_interval":{"confidence_level":0.99,"lower_bound":502721.22029231396,"upper_bound":720442.0418724789},"point_estimate":617896.4741611884,"standard_error":42273.39193569169}}