{"mean":{"confidence_interval":{"confidence_level":0.99,"lower_bound":27884232.596699998,"upper_bound":28480155.98555},"point_estimate":28090652.05,"standard_error":121963.41583168703},"median":{"confidence_interval":{"confidence_level":0.99,"lower_bound":27872263.0,"upper_bound":27888914.0},"point_estimate":27880873.0,"standard_error":3756.1585518046772},"median_abs_dev":{"confidence_interval":{"confidence_level":0.99,"lower_bound":22468.765536099676,"upper_bound":53432.90305137634},"point_estimate":37139.12934064865,"standard_error":5663.097450853458},"slope":null,"std_dev":{"confidence_interval":{"confidence_level":0.99,"lower_bound":57832.94978092978,"upper_bound":2245543.245537242},"point_estimate":1225037.1817425971,"standard_error":500933.6131140947}}