{"mean":{"confidence_interval":{"confidence_level":0.99,"lower_bound":26261361.20395,"upper_bound":26274045.4192},"point_estimate":26267642.67,"standard_error":2460.3723953293756},"median":{"confidence_interval":{"confidence_level":0.99,"lower_bound":26258762.0,"upper_bound":26273393.0},"point_estimate":26264848.0,"standard_error":2801.271629912753},"median_abs_dev":{"confidence_interval":{"confidence_level":0.99,"lower_bound":16264.12171125412,"upper_bound":34190.23799300194},"point_estimate":28800.987088680267,"standard_error":3474.763760478854},"slope":null,"std_dev":{"confidence_interval":{"confidence_level":0.99,"lower_bound":20563.251934977634,"upper_bound":28609.340863378904},"point_estimate":24747.040800567436,"standard_error":1574.2586760265956}}