{"mean":{"confidence_interval":{"confidence_level":0.99,"lower_bound":617389148.9,"upper_bound":617857132.30225},"point_estimate":617625822.63,"standard_error":91082.5381775328},"median":{"confidence_interval":{"confidence_level":0.99,"lower_bound":617466822.0,"upper_bound":618111325.0},"point_estimate":617954719.0,"standard_error":118872.10774855144},"median_abs_dev":{"confidence_interval":{"confidence_level":0.99,"lower_bound":572118.2799428701,"upper_bound":1347555.2386646129},"point_estimate":851007.937091589,"standard_error":174442.13199110248},"slope":null,"std_dev":{"confidence_interval":{"confidence_level":0.99,"lower_bound":790693.8796264309,"upper_bound":1017594.914728014},"point_estimate":915332.100291028,"standard_error":43846.58957745309}}