{"mean":{"confidence_interval":{"confidence_level":0.99,"lower_bound":26270096.2533,"upper_bound":26302885.3504},"point_estimate":26284896.32,"standard_error":6429.991148539218},"median":{"confidence_interval":{"confidence_level":0.99,"lower_bound":26263553.0,"upper_bound":26278213.0},"point_estimate":26271243.0,"standard_error":2733.3660851256177},"median_abs_dev":{"confidence_interval":{"confidence_level":0.99,"lower_bound":16411.64040863514,"upper_bound":36168.05971638861},"point_estimate":25204.19955253601,"standard_error":3679.9414633714687},"slope":null,"std_dev":{"confidence_interval":{"confidence_level":0.99,"lower_bound":38164.29702400011,"upper_bound":85825.9359705194},"point_estimate":64644.294775078735,"standard_error":9301.707024649897}}