{"mean":{"confidence_interval":{"confidence_level":0.99,"lower_bound":114652716.44285,"upper_bound":115180252.299},"point_estimate":114884583.42,"standard_error":103156.31513062304},"median":{"confidence_interval":{"confidence_level":0.99,"lower_bound":114585604.0,"upper_bound":114996633.0},"point_estimate":114764413.5,"standard_error":85803.02162558225},"median_abs_dev":{"confidence_interval":{"confidence_level":0.99,"lower_bound":407354.72096800804,"upper_bound":775167.7593380213},"point_estimate":597189.7867977619,"standard_error":69193.005875696},"slope":null,"std_dev":{"confidence_interval":{"confidence_level":0.99,"lower_bound":487258.7842272693,"upper_bound":1531014.491684233},"point_estimate":1035162.6084814136,"standard_error":215129.2651621412}}