{"mean":{"confidence_interval":{"confidence_level":0.99,"lower_bound":105839100.77025001,"upper_bound":106845837.24945001},"point_estimate":106316455.57,"standard_error":193841.21308784754},"median":{"confidence_interval":{"confidence_level":0.99,"lower_bound":105971894.0,"upper_bound":106887556.0},"point_estimate":106559542.0,"standard_error":155779.4584052462},"median_abs_dev":{"confidence_interval":{"confidence_level":0.99,"lower_bound":824039.4435703754,"upper_bound":1889678.1897515059},"point_estimate":1364468.6316758394,"standard_error":204762.7924717396},"slope":null,"std_dev":{"confidence_interval":{"confidence_level":0.99,"lower_bound":1316658.7233809603,"upper_bound":2659949.040856211},"point_estimate":1953379.7797587824,"standard_error":278890.76780881954}}