{"mean":{"confidence_interval":{"confidence_level":0.99,"lower_bound":131919768.55,"upper_bound":131976321.37545},"point_estimate":131946959.61,"standard_error":10957.730843558933},"median":{"confidence_interval":{"confidence_level":0.99,"lower_bound":131906369.0,"upper_bound":131961470.0},"point_estimate":131931129.0,"standard_error":11667.98759467889},"median_abs_dev":{"confidence_interval":{"confidence_level":0.99,"lower_bound":64871.71041029693,"upper_bound":127609.60363447666},"point_estimate":93271.8469440937,"standard_error":12145.100459585252},"slope":null,"std_dev":{"confidence_interval":{"confidence_level":0.99,"lower_bound":82599.39461482059,"upper_bound":140392.65344471234},"point_estimate":110559.62071317133,"standard_error":11558.907776461432}}