{"mean":{"confidence_interval":{"confidence_level":0.99,"lower_bound":28174965.75365,"upper_bound":28849291.4755},"point_estimate":28473522.61,"standard_error":128400.29970570547},"median":{"confidence_interval":{"confidence_level":0.99,"lower_bound":28391050.0,"upper_bound":28832978.0},"point_estimate":28533616.0,"standard_error":94372.1196175323},"median_abs_dev":{"confidence_interval":{"confidence_level":0.99,"lower_bound":439891.1186903715,"upper_bound":910101.4068424702},"point_estimate":657382.6044291258,"standard_error":89979.22449328532},"slope":null,"std_dev":{"confidence_interval":{"confidence_level":0.99,"lower_bound":744844.5627758093,"upper_bound":2068008.1527037064},"point_estimate":1291910.9414036493,"standard_error":310996.69469606894}}