{"mean":{"confidence_interval":{"confidence_level":0.99,"lower_bound":26391165.5693,"upper_bound":26467340.91135},"point_estimate":26420306.71,"standard_error":15024.086359505734},"median":{"confidence_interval":{"confidence_level":0.99,"lower_bound":26373516.0,"upper_bound":26398926.0},"point_estimate":26388161.0,"standard_error":5170.630907206922},"median_abs_dev":{"confidence_interval":{"confidence_level":0.99,"lower_bound":26080.416136980057,"upper_bound":56088.239604234695},"point_estimate":35946.37766182423,"standard_error":5736.408747584165},"slope":null,"std_dev":{"confidence_interval":{"confidence_level":0.99,"lower_bound":51013.529880979404,"upper_bound":265914.2014874537},"point_estimate":150871.88091675498,"standard_error":52756.08853756609}}