{"mean":{"confidence_interval":{"confidence_level":0.99,"lower_bound":26100953.39,"upper_bound":26132720.47},"point_estimate":26115991.71,"standard_error":6194.618102275755},"median":{"confidence_interval":{"confidence_level":0.99,"lower_bound":26083812.0,"upper_bound":26109242.0},"point_estimate":26096311.5,"standard_error":6492.3900259643015},"median_abs_dev":{"confidence_interval":{"confidence_level":0.99,"lower_bound":24226.42486989498,"upper_bound":56013.37201206386},"point_estimate":37717.3433303833,"standard_error":6752.046978334153},"slope":null,"std_dev":{"confidence_interval":{"confidence_level":0.99,"lower_bound":45246.57815956246,"upper_bound":77511.6272653544},"point_estimate":62275.84658456391,"standard_error":6358.802502239783}}