{"mean":{"confidence_interval":{"confidence_level":0.99,"lower_bound":26075041.76,"upper_bound":26216596.201899998},"point_estimate":26116091.27,"standard_error":31581.97878087147},"median":{"confidence_interval":{"confidence_level":0.99,"lower_bound":26068742.0,"upper_bound":26085853.0},"point_estimate":26077512.5,"standard_error":3273.639839614497},"median_abs_dev":{"confidence_interval":{"confidence_level":0.99,"lower_bound":17153.681695461273,"upper_bound":39089.489606022835},"point_estimate":28970.003485679626,"standard_error":4610.9854414029405},"slope":null,"std_dev":{"confidence_interval":{"confidence_level":0.99,"lower_bound":28324.11203003472,"upper_bound":619789.3480678258},"point_estimate":317030.4706235267,"standard_error":177067.04970437277}}