{"mean":{"confidence_interval":{"confidence_level":0.99,"lower_bound":258723939.92075002,"upper_bound":263113535.1675},"point_estimate":260902196.07,"standard_error":853840.8647510022},"median":{"confidence_interval":{"confidence_level":0.99,"lower_bound":258026506.0,"upper_bound":262727996.0},"point_estimate":259888026.5,"standard_error":889117.209129964},"median_abs_dev":{"confidence_interval":{"confidence_level":0.99,"lower_bound":6006510.824875116,"upper_bound":11687176.557715641},"point_estimate":7812633.208698034,"standard_error":1169179.283239726},"slope":null,"std_dev":{"confidence_interval":{"confidence_level":0.99,"lower_bound":7031436.935865678,"upper_bound":10072471.324444296},"point_estimate":8598876.770347975,"standard_error":588906.7845218086}}