{"mean":{"confidence_interval":{"confidence_level":0.99,"lower_bound":103812397.9902,"upper_bound":104765306.7424},"point_estimate":104258961.7,"standard_error":185604.04302308641},"median":{"confidence_interval":{"confidence_level":0.99,"lower_bound":103469706.0,"upper_bound":104209098.0},"point_estimate":103902970.0,"standard_error":147932.98809967187},"median_abs_dev":{"confidence_interval":{"confidence_level":0.99,"lower_bound":839818.7550902367,"upper_bound":1714762.5274568796},"point_estimate":1233113.9805078506,"standard_error":172965.71054570284},"slope":null,"std_dev":{"confidence_interval":{"confidence_level":0.99,"lower_bound":1301876.6181941004,"upper_bound":2321277.1826266325},"point_estimate":1864266.1973228324,"standard_error":198255.11993551574}}