{"mean":{"confidence_interval":{"confidence_level":0.99,"lower_bound":26911792.73455,"upper_bound":27388472.6633},"point_estimate":27107682.25,"standard_error":93230.24437858601},"median":{"confidence_interval":{"confidence_level":0.99,"lower_bound":26748380.0,"upper_bound":26849782.0},"point_estimate":26773930.0,"standard_error":18247.887969457883},"median_abs_dev":{"confidence_interval":{"confidence_level":0.99,"lower_bound":69927.45415703954,"upper_bound":229553.18153111637},"point_estimate":119586.51387691498,"standard_error":30968.728408609964},"slope":null,"std_dev":{"confidence_interval":{"confidence_level":0.99,"lower_bound":342790.09927283385,"upper_bound":1466977.987597566},"point_estimate":935022.0911959092,"standard_error":243560.67978655416}}