{"mean":{"confidence_interval":{"confidence_level":0.99,"lower_bound":288959842.9532,"upper_bound":295503293.27},"point_estimate":292166345.34,"standard_error":1250490.1814434114},"median":{"confidence_interval":{"confidence_level":0.99,"lower_bound":287755556.0,"upper_bound":296628990.5},"point_estimate":291569988.5,"standard_error":1953349.3147073644},"median_abs_dev":{"confidence_interval":{"confidence_level":0.99,"lower_bound":8252892.753481865,"upper_bound":15533505.339825153},"point_estimate":12146318.892359734,"standard_error":1342925.7054222524},"slope":null,"std_dev":{"confidence_interval":{"confidence_level":0.99,"lower_bound":10321128.070135273,"upper_bound":14875761.661861708},"point_estimate":12738960.144735852,"standard_error":888536.1327810654}}