{"mean":{"confidence_interval":{"confidence_level":0.99,"lower_bound":26335755.51965,"upper_bound":26746011.71},"point_estimate":26498984.25,"standard_error":81417.30375483749},"median":{"confidence_interval":{"confidence_level":0.99,"lower_bound":26282814.0,"upper_bound":26310679.0},"point_estimate":26295154.0,"standard_error":4641.83127788056},"median_abs_dev":{"confidence_interval":{"confidence_level":0.99,"lower_bound":23456.214183568954,"upper_bound":57304.15690764802},"point_estimate":36717.32964813709,"standard_error":5572.39509073207},"slope":null,"std_dev":{"confidence_interval":{"confidence_level":0.99,"lower_bound":214157.1124360814,"upper_bound":1380143.8946623746},"point_estimate":818966.8698344962,"standard_error":248985.61463810696}}