{"mean":{"confidence_interval":{"confidence_level":0.99,"lower_bound":108523873.8152,"upper_bound":109231274.19150001},"point_estimate":108879488.03,"standard_error":137097.22893792018},"median":{"confidence_interval":{"confidence_level":0.99,"lower_bound":108016049.0,"upper_bound":109735901.5},"point_estimate":109370342.5,"standard_error":425515.7529248506},"median_abs_dev":{"confidence_interval":{"confidence_level":0.99,"lower_bound":900996.7307521106,"upper_bound":2078204.1198045015},"point_estimate":1650047.779905796,"standard_error":235554.4579015576},"slope":null,"std_dev":{"confidence_interval":{"confidence_level":0.99,"lower_bound":1204326.0415668127,"upper_bound":1536084.1696010854},"point_estimate":1376940.3124554448,"standard_error":64118.98782971013}}