{"mean":{"confidence_interval":{"confidence_level":0.99,"lower_bound":26276125.15065,"upper_bound":26359447.629049998},"point_estimate":26309730.98,"standard_error":16152.400126804272},"median":{"confidence_interval":{"confidence_level":0.99,"lower_bound":26267725.5,"upper_bound":26332256.0},"point_estimate":26306481.0,"standard_error":13222.193901397093},"median_abs_dev":{"confidence_interval":{"confidence_level":0.99,"lower_bound":69624.37736392021,"upper_bound":128455.4269194603},"point_estimate":100980.62550723553,"standard_error":11432.508770087523},"slope":null,"std_dev":{"confidence_interval":{"confidence_level":0.99,"lower_bound":77842.40434153324,"upper_bound":283772.11539499386},"point_estimate":162305.2565998372,"standard_error":54882.09390907534}}