{"mean":{"confidence_interval":{"confidence_level":0.99,"lower_bound":115074430.37755,"upper_bound":116572987.9665},"point_estimate":115579901.92,"standard_error":308530.85886163544},"median":{"confidence_interval":{"confidence_level":0.99,"lower_bound":114864812.0,"upper_bound":115153131.0},"point_estimate":115002276.0,"standard_error":51281.959218254626},"median_abs_dev":{"confidence_interval":{"confidence_level":0.99,"lower_bound":262509.8926395178,"upper_bound":542246.1143732071},"point_estimate":405431.7888021469,"standard_error":56955.631085657034},"slope":null,"std_dev":{"confidence_interval":{"confidence_level":0.99,"lower_bound":590666.6644164004,"upper_bound":5852071.076336361},"point_estimate":3108119.738738378,"standard_error":1411533.224986146}}