{"mean":{"confidence_interval":{"confidence_level":0.99,"lower_bound":26245257.14505,"upper_bound":26266522.2679},"point_estimate":26254643.85,"standard_error":4117.843829844149},"median":{"confidence_interval":{"confidence_level":0.99,"lower_bound":26239188.0,"upper_bound":26252242.0},"point_estimate":26248232.0,"standard_error":2773.60119206052},"median_abs_dev":{"confidence_interval":{"confidence_level":0.99,"lower_bound":15183.306330442429,"upper_bound":34308.845990896225},"point_estimate":25640.825244784355,"standard_error":4194.144769756609},"slope":null,"std_dev":{"confidence_interval":{"confidence_level":0.99,"lower_bound":22600.06269233024,"upper_bound":60724.016088386554},"point_estimate":41341.103461587925,"standard_error":8268.147757718838}}