{"mean":{"confidence_interval":{"confidence_level":0.99,"lower_bound":51518727.93,"upper_bound":52019986.80855},"point_estimate":51750189.69,"standard_error":98046.57864278009},"median":{"confidence_interval":{"confidence_level":0.99,"lower_bound":51299125.0,"upper_bound":51355626.0},"point_estimate":51329790.5,"standard_error":9476.181636557183},"median_abs_dev":{"confidence_interval":{"confidence_level":0.99,"lower_bound":46724.87947046757,"upper_bound":118587.35268965374},"point_estimate":71632.55902826786,"standard_error":12284.179188639064},"slope":null,"std_dev":{"confidence_interval":{"confidence_level":0.99,"lower_bound":656789.4076692235,"upper_bound":1220896.3501764266},"point_estimate":988392.0849618773,"standard_error":108695.93402633641}}