{"mean":{"confidence_interval":{"confidence_level":0.99,"lower_bound":110019281.39680001,"upper_bound":110165758.8109},"point_estimate":110093606.03,"standard_error":28607.935057459716},"median":{"confidence_interval":{"confidence_level":0.99,"lower_bound":110042260.0,"upper_bound":110206802.0},"point_estimate":110119885.5,"standard_error":33647.3477254949},"median_abs_dev":{"confidence_interval":{"confidence_level":0.99,"lower_bound":189099.6962428093,"upper_bound":366856.8725819887},"point_estimate":266313.5028719902,"standard_error":33197.93820807384},"slope":null,"std_dev":{"confidence_interval":{"confidence_level":0.99,"lower_bound":235650.2186884324,"upper_bound":336665.12033973954},"point_estimate":288573.51018129266,"standard_error":19699.6899764578}}