{"mean":{"confidence_interval":{"confidence_level":0.99,"lower_bound":117411557.73245,"upper_bound":117900672.7816},"point_estimate":117651067.74,"standard_error":94561.35539719451},"median":{"confidence_interval":{"confidence_level":0.99,"lower_bound":117313690.5,"upper_bound":117890181.0},"point_estimate":117585702.5,"standard_error":137344.3984634796},"median_abs_dev":{"confidence_interval":{"confidence_level":0.99,"lower_bound":535900.5864858627,"upper_bound":1044424.2231577635},"point_estimate":749506.9189935923,"standard_error":93304.47983199554},"slope":null,"std_dev":{"confidence_interval":{"confidence_level":0.99,"lower_bound":729346.906908949,"upper_bound":1157028.5980393211},"point_estimate":949451.6678083049,"standard_error":83968.49573432273}}