{"mean":{"confidence_interval":{"confidence_level":0.99,"lower_bound":120848501.8264,"upper_bound":122575872.45220001},"point_estimate":121565810.7,"standard_error":340020.7061002323},"median":{"confidence_interval":{"confidence_level":0.99,"lower_bound":120581079.0,"upper_bound":121307576.5},"point_estimate":120875595.5,"standard_error":136558.84251636147},"median_abs_dev":{"confidence_interval":{"confidence_level":0.99,"lower_bound":842276.1645466089,"upper_bound":1558572.8441298008},"point_estimate":1217204.9414902925,"standard_error":133614.9452160005},"slope":null,"std_dev":{"confidence_interval":{"confidence_level":0.99,"lower_bound":1276773.773535748,"upper_bound":5482497.851032984},"point_estimate":3431355.661827794,"standard_error":919450.0861391657}}