{"mean":{"confidence_interval":{"confidence_level":0.99,"lower_bound":118618355.5221,"upper_bound":118688752.2206},"point_estimate":118653438.24,"standard_error":13655.09484616389},"median":{"confidence_interval":{"confidence_level":0.99,"lower_bound":118660698.0,"upper_bound":118696239.0},"point_estimate":118682388.0,"standard_error":7006.880894856847},"median_abs_dev":{"confidence_interval":{"confidence_level":0.99,"lower_bound":37013.84964287281,"upper_bound":96340.82888960838},"point_estimate":52047.4133759737,"standard_error":11571.353675644172},"slope":null,"std_dev":{"confidence_interval":{"confidence_level":0.99,"lower_bound":94363.99421203026,"upper_bound":183153.64625660866},"point_estimate":137505.59121885506,"standard_error":17451.620728298454}}