{"mean":{"confidence_interval":{"confidence_level":0.99,"lower_bound":90407875.76445,"upper_bound":94792990.71245},"point_estimate":92392535.54,"standard_error":857366.1014904901},"median":{"confidence_interval":{"confidence_level":0.99,"lower_bound":89047710.5,"upper_bound":89432793.5},"point_estimate":89158029.5,"standard_error":83857.33271616872},"median_abs_dev":{"confidence_interval":{"confidence_level":0.99,"lower_bound":324271.3010430336,"upper_bound":905138.1365625863},"point_estimate":501893.4495896101,"standard_error":118630.70180918569},"slope":null,"std_dev":{"confidence_interval":{"confidence_level":0.99,"lower_bound":5030779.805279396,"upper_bound":11005015.264979709},"point_estimate":8595595.253038945,"standard_error":1147564.5185848835}}