{"mean":{"confidence_interval":{"confidence_level":0.99,"lower_bound":720839969.508,"upper_bound":720956065.533},"point_estimate":720892367.92,"standard_error":22483.974726879},"median":{"confidence_interval":{"confidence_level":0.99,"lower_bound":720795380.5,"upper_bound":720904791.0},"point_estimate":720861947.0,"standard_error":26212.04973107887},"median_abs_dev":{"confidence_interval":{"confidence_level":0.99,"lower_bound":100174.09112155437,"upper_bound":198648.58152428287},"point_estimate":143297.73525595665,"standard_error":20639.549207610795},"slope":null,"std_dev":{"confidence_interval":{"confidence_level":0.99,"lower_bound":138200.57893027738,"upper_bound":338756.1209080949},"point_estimate":225612.94040420625,"standard_error":44442.10032005982}}