{"mean":{"confidence_interval":{"confidence_level":0.99,"lower_bound":26324612.038149998,"upper_bound":26347374.92175},"point_estimate":26335034.19,"standard_error":4432.180955207568},"median":{"confidence_interval":{"confidence_level":0.99,"lower_bound":26317606.0,"upper_bound":26334676.0},"point_estimate":26327851.5,"standard_error":3262.058131905312},"median_abs_dev":{"confidence_interval":{"confidence_level":0.99,"lower_bound":19347.929656505585,"upper_bound":36286.63435578346},"point_estimate":28184.225499629974,"standard_error":3025.326962979256},"slope":null,"std_dev":{"confidence_interval":{"confidence_level":0.99,"lower_bound":27436.555292399844,"upper_bound":60659.914603084006},"point_estimate":44451.125467951606,"standard_error":6702.109881733664}}