{"mean":{"confidence_interval":{"confidence_level":0.99,"lower_bound":76854710.10779999,"upper_bound":77001860.5576},"point_estimate":76926683.99,"standard_error":28720.62843912489},"median":{"confidence_interval":{"confidence_level":0.99,"lower_bound":76806277.0,"upper_bound":76969169.0},"point_estimate":76912203.0,"standard_error":34509.07926625037},"median_abs_dev":{"confidence_interval":{"confidence_level":0.99,"lower_bound":189070.04424333572,"upper_bound":401966.95266366005},"point_estimate":314609.9383145571,"standard_error":45949.87028728297},"slope":null,"std_dev":{"confidence_interval":{"confidence_level":0.99,"lower_bound":240229.46771627234,"upper_bound":333621.85936880595},"point_estimate":289957.58058439073,"standard_error":18119.38615369216}}