{"mean":{"confidence_interval":{"confidence_level":0.99,"lower_bound":115308716.1218,"upper_bound":120791797.77185},"point_estimate":117227824.29,"standard_error":1160429.688967902},"median":{"confidence_interval":{"confidence_level":0.99,"lower_bound":114993760.0,"upper_bound":115126544.0},"point_estimate":115054437.0,"standard_error":29404.533407757906},"median_abs_dev":{"confidence_interval":{"confidence_level":0.99,"lower_bound":108367.67246308923,"upper_bound":350872.8510707617},"point_estimate":194893.69693994522,"standard_error":46966.60092683405},"slope":null,"std_dev":{"confidence_interval":{"confidence_level":0.99,"lower_bound":800745.7308961309,"upper_bound":19571418.54171122},"point_estimate":11617168.562259596,"standard_error":4534644.803230434}}