{"mean":{"confidence_interval":{"confidence_level":0.99,"lower_bound":184689521.23025,"upper_bound":186641630.79900002},"point_estimate":185530398.08,"standard_error":384272.6140108222},"median":{"confidence_interval":{"confidence_level":0.99,"lower_bound":184156660.0,"upper_bound":184881025.5},"point_estimate":184560603.0,"standard_error":179307.53816378422},"median_abs_dev":{"confidence_interval":{"confidence_level":0.99,"lower_bound":771586.5391016006,"upper_bound":1506382.2560743704},"point_estimate":1078798.3035475016,"standard_error":148878.44764274338},"slope":null,"std_dev":{"confidence_interval":{"confidence_level":0.99,"lower_bound":1441300.6634464562,"upper_bound":5594817.962784203},"point_estimate":3844716.0583670745,"standard_error":786570.0035846501}}