{"mean":{"confidence_interval":{"confidence_level":0.99,"lower_bound":50667867.89,"upper_bound":52948964.303600006},"point_estimate":51664918.22,"standard_error":447748.2621591229},"median":{"confidence_interval":{"confidence_level":0.99,"lower_bound":50056973.0,"upper_bound":50693037.0},"point_estimate":50163558.5,"standard_error":112851.05752339306},"median_abs_dev":{"confidence_interval":{"confidence_level":0.99,"lower_bound":144791.6400544346,"upper_bound":957357.7984035015},"point_estimate":328458.16336870193,"standard_error":156123.4874603256},"slope":null,"std_dev":{"confidence_interval":{"confidence_level":0.99,"lower_bound":1909553.1924906035,"upper_bound":6170011.331987604},"point_estimate":4507954.778589348,"standard_error":776883.5741624989}}