{"mean":{"confidence_interval":{"confidence_level":0.99,"lower_bound":101721353.0571,"upper_bound":102685511.7485},"point_estimate":102178785.47,"standard_error":188265.96565192856},"median":{"confidence_interval":{"confidence_level":0.99,"lower_bound":101351193.0,"upper_bound":102422129.0},"point_estimate":101955881.0,"standard_error":245598.70347399687},"median_abs_dev":{"confidence_interval":{"confidence_level":0.99,"lower_bound":932264.9161634892,"upper_bound":1869126.5594153712},"point_estimate":1447566.8776005507,"standard_error":188553.1175987683},"slope":null,"std_dev":{"confidence_interval":{"confidence_level":0.99,"lower_bound":1321860.9339554925,"upper_bound":2404631.7729795906},"point_estimate":1890872.8550145612,"standard_error":212525.1004434932}}