{"mean":{"confidence_interval":{"confidence_level":0.99,"lower_bound":26367405.47,"upper_bound":26435936.33},"point_estimate":26397658.14,"standard_error":13400.410510001737},"median":{"confidence_interval":{"confidence_level":0.99,"lower_bound":26344505.0,"upper_bound":26371126.0},"point_estimate":26361505.0,"standard_error":4781.073143245801},"median_abs_dev":{"confidence_interval":{"confidence_level":0.99,"lower_bound":25537.043246626854,"upper_bound":51127.571287304265},"point_estimate":39866.371992230415,"standard_error":4752.313713760913},"slope":null,"std_dev":{"confidence_interval":{"confidence_level":0.99,"lower_bound":63564.73906858339,"upper_bound":192344.95428147464},"point_estimate":134872.64791504826,"standard_error":25282.41392411599}}