{"mean":{"confidence_interval":{"confidence_level":0.99,"lower_bound":41030093.2495,"upper_bound":43073933.5865},"point_estimate":41938172.03,"standard_error":403046.91998472024},"median":{"confidence_interval":{"confidence_level":0.99,"lower_bound":40460399.4525,"upper_bound":40535710.0},"point_estimate":40491254.5,"standard_error":10681.049009857525},"median_abs_dev":{"confidence_interval":{"confidence_level":0.99,"lower_bound":57005.96898794174,"upper_bound":182212.2780650854},"point_estimate":101669.29319500923,"standard_error":21801.929115201805},"slope":null,"std_dev":{"confidence_interval":{"confidence_level":0.99,"lower_bound":2386952.026131594,"upper_bound":5319713.831397519},"point_estimate":4056401.031495409,"standard_error":592242.4781586458}}