{"mean":{"confidence_interval":{"confidence_level":0.99,"lower_bound":26711973.37045,"upper_bound":26827360.90365},"point_estimate":26748529.63,"standard_error":24396.73240127601},"median":{"confidence_interval":{"confidence_level":0.99,"lower_bound":26699295.0,"upper_bound":26719485.0},"point_estimate":26707651.0,"standard_error":3773.331498796916},"median_abs_dev":{"confidence_interval":{"confidence_level":0.99,"lower_bound":17776.37368440628,"upper_bound":35337.7740791291},"point_estimate":22751.237896084785,"standard_error":3399.323235474585},"slope":null,"std_dev":{"confidence_interval":{"confidence_level":0.99,"lower_bound":41133.79278802941,"upper_bound":472527.09214493906},"point_estimate":245782.49932786427,"standard_error":123892.22780497413}}