{"mean":{"confidence_interval":{"confidence_level":0.99,"lower_bound":107916531.01,"upper_bound":109397378.04345},"point_estimate":108689000.41,"standard_error":285829.1093559355},"median":{"confidence_interval":{"confidence_level":0.99,"lower_bound":108603765.0,"upper_bound":108999086.0},"point_estimate":108846136.5,"standard_error":91024.14357990406},"median_abs_dev":{"confidence_interval":{"confidence_level":0.99,"lower_bound":414308.85614454746,"upper_bound":1541142.9207007503},"point_estimate":832731.927216053,"standard_error":203621.47161112074},"slope":null,"std_dev":{"confidence_interval":{"confidence_level":0.99,"lower_bound":1956433.6504350745,"upper_bound":3655714.096052356},"point_estimate":2871717.9804967795,"standard_error":332189.73230425693}}