{"mean":{"confidence_interval":{"confidence_level":0.99,"lower_bound":85133485.18509999,"upper_bound":86027973.50745},"point_estimate":85560930.69,"standard_error":174091.68254535279},"median":{"confidence_interval":{"confidence_level":0.99,"lower_bound":84799461.0,"upper_bound":85266492.0},"point_estimate":84995611.5,"standard_error":104796.00203650848},"median_abs_dev":{"confidence_interval":{"confidence_level":0.99,"lower_bound":608857.1147036257,"upper_bound":1483614.183255583},"point_estimate":976309.1325670481,"standard_error":166317.0236558116},"slope":null,"std_dev":{"confidence_interval":{"confidence_level":0.99,"lower_bound":1355220.579321597,"upper_bound":2059463.0207286421},"point_estimate":1750549.3841101306,"standard_error":136053.61948271768}}