{"mean":{"confidence_interval":{"confidence_level":0.99,"lower_bound":27355306.86,"upper_bound":27481466.07},"point_estimate":27408205.72,"standard_error":24729.22251484937},"median":{"confidence_interval":{"confidence_level":0.99,"lower_bound":27320875.0,"upper_bound":27349235.0},"point_estimate":27336885.5,"standard_error":6382.093765961972},"median_abs_dev":{"confidence_interval":{"confidence_level":0.99,"lower_bound":30394.04076039791,"upper_bound":69385.68618115783},"point_estimate":50289.791107177734,"standard_error":7692.036904174886},"slope":null,"std_dev":{"confidence_interval":{"confidence_level":0.99,"lower_bound":105080.18603464944,"upper_bound":403488.14547230117},"point_estimate":248432.78025175704,"standard_error":64471.45126956705}}