{"mean":{"confidence_interval":{"confidence_level":0.99,"lower_bound":721517845.5223,"upper_bound":721706407.4141},"point_estimate":721608641.39,"standard_error":36566.03977170514},"median":{"confidence_interval":{"confidence_level":0.99,"lower_bound":721456938.0,"upper_bound":721688102.0},"point_estimate":721563730.5,"standard_error":39347.68515952924},"median_abs_dev":{"confidence_interval":{"confidence_level":0.99,"lower_bound":236905.39109408855,"upper_bound":427205.25201559067},"point_estimate":331184.66472029686,"standard_error":36692.96989529754},"slope":null,"std_dev":{"confidence_interval":{"confidence_level":0.99,"lower_bound":277454.08767323155,"upper_bound":459621.52619621187},"point_estimate":367994.28931567323,"standard_error":36230.312783376474}}