{"mean":{"confidence_interval":{"confidence_level":0.99,"lower_bound":27199982.9965,"upper_bound":27264799.1085},"point_estimate":27226732.71,"standard_error":12818.933709855548},"median":{"confidence_interval":{"confidence_level":0.99,"lower_bound":27184756.0,"upper_bound":27212062.0},"point_estimate":27196556.0,"standard_error":5693.80809331274},"median_abs_dev":{"confidence_interval":{"confidence_level":0.99,"lower_bound":28554.87549304962,"upper_bound":56963.96693068766},"point_estimate":41210.348868370056,"standard_error":5069.1247411573195},"slope":null,"std_dev":{"confidence_interval":{"confidence_level":0.99,"lower_bound":47355.29604194873,"upper_bound":207486.64977502762},"point_estimate":128646.10645725748,"standard_error":34649.36227276971}}