{"mean":{"confidence_interval":{"confidence_level":0.99,"lower_bound":115367332.1072,"upper_bound":115965593.36845},"point_estimate":115655294.29,"standard_error":115309.62281095827},"median":{"confidence_interval":{"confidence_level":0.99,"lower_bound":115201091.5,"upper_bound":115835418.0},"point_estimate":115552329.5,"standard_error":136516.45565581307},"median_abs_dev":{"confidence_interval":{"confidence_level":0.99,"lower_bound":641026.5615195036,"upper_bound":1340716.6387975216},"point_estimate":1011465.2844429016,"standard_error":135299.97411768752},"slope":null,"std_dev":{"confidence_interval":{"confidence_level":0.99,"lower_bound":889593.1128934755,"upper_bound":1443346.6115608322},"point_estimate":1164000.2924570104,"standard_error":108513.6050828895}}