{"mean":{"confidence_interval":{"confidence_level":0.99,"lower_bound":26650865.261,"upper_bound":26674363.44305},"point_estimate":26662261.98,"standard_error":4564.668111054858},"median":{"confidence_interval":{"confidence_level":0.99,"lower_bound":26643424.5,"upper_bound":26674610.0},"point_estimate":26662159.5,"standard_error":6214.906518839838},"median_abs_dev":{"confidence_interval":{"confidence_level":0.99,"lower_bound":27984.741673171528,"upper_bound":51076.310393214226},"point_estimate":38199.92962181568,"standard_error":4207.363834247842},"slope":null,"std_dev":{"confidence_interval":{"confidence_level":0.99,"lower_bound":34503.6370197448,"upper_bound":59646.31032481587},"point_estimate":45853.09098136187,"standard_error":5057.454736092402}}