{"mean":{"confidence_interval":{"confidence_level":0.99,"lower_bound":26340802.7632,"upper_bound":26520430.0344},"point_estimate":26405366.61,"standard_error":36409.84093958626},"median":{"confidence_interval":{"confidence_level":0.99,"lower_bound":26322311.0,"upper_bound":26349061.5},"point_estimate":26332782.0,"standard_error":5291.227934780304},"median_abs_dev":{"confidence_interval":{"confidence_level":0.99,"lower_bound":26272.412833571434,"upper_bound":56087.53166274729},"point_estimate":37583.90933275223,"standard_error":5347.127902917994},"slope":null,"std_dev":{"confidence_interval":{"confidence_level":0.99,"lower_bound":62068.147500187355,"upper_bound":639663.3747649621},"point_estimate":363792.6632870053,"standard_error":136203.1197073433}}