{"mean":{"confidence_interval":{"confidence_level":0.99,"lower_bound":26958224.5254,"upper_bound":27729296.3156},"point_estimate":27249412.78,"standard_error":158628.0382479694},"median":{"confidence_interval":{"confidence_level":0.99,"lower_bound":26919543.5,"upper_bound":26946684.0},"point_estimate":26933223.5,"standard_error":5810.532042052584},"median_abs_dev":{"confidence_interval":{"confidence_level":0.99,"lower_bound":33432.62940645218,"upper_bound":74405.02097904682},"point_estimate":51068.89739334583,"standard_error":7656.442650576097},"slope":null,"std_dev":{"confidence_interval":{"confidence_level":0.99,"lower_bound":112867.15621284976,"upper_bound":2631155.252367499},"point_estimate":1596405.8144786698,"standard_error":526333.035195355}}