{"mean":{"confidence_interval":{"confidence_level":0.99,"lower_bound":28463485.969249997,"upper_bound":28523560.6812},"point_estimate":28491620.48,"standard_error":11552.335197845729},"median":{"confidence_interval":{"confidence_level":0.99,"lower_bound":28452661.0,"upper_bound":28521386.0},"point_estimate":28484955.5,"standard_error":16338.001248549595},"median_abs_dev":{"confidence_interval":{"confidence_level":0.99,"lower_bound":69111.39777302742,"upper_bound":121352.29044556618},"point_estimate":89594.25770938396,"standard_error":9172.916204446736},"slope":null,"std_dev":{"confidence_interval":{"confidence_level":0.99,"lower_bound":80658.16552335344,"upper_bound":163825.66722215808},"point_estimate":116043.33029018938,"standard_error":17737.781652598074}}