{"mean":{"confidence_interval":{"confidence_level":0.99,"lower_bound":153367836.0043,"upper_bound":154562451.63},"point_estimate":153958476.96,"standard_error":231763.0144585268},"median":{"confidence_interval":{"confidence_level":0.99,"lower_bound":152947286.0,"upper_bound":154524577.0},"point_estimate":153703366.5,"standard_error":288936.9053679509},"median_abs_dev":{"confidence_interval":{"confidence_level":0.99,"lower_bound":1512174.1366535425,"upper_bound":3033370.375991911},"point_estimate":2333784.3401670456,"standard_error":291370.05889004125},"slope":null,"std_dev":{"confidence_interval":{"confidence_level":0.99,"lower_bound":1905106.266206556,"upper_bound":2682117.889312364},"point_estimate":2311957.8114365465,"standard_error":151988.85556149104}}