{"mean":{"confidence_interval":{"confidence_level":0.99,"lower_bound":26318073.30355,"upper_bound":26354717.5409},"point_estimate":26334266.96,"standard_error":7167.667863184921},"median":{"confidence_interval":{"confidence_level":0.99,"lower_bound":26307816.0,"upper_bound":26323896.0},"point_estimate":26318341.5,"standard_error":3223.8992048087653},"median_abs_dev":{"confidence_interval":{"confidence_level":0.99,"lower_bound":19586.628252267838,"upper_bound":43210.37623286247},"point_estimate":29488.913476467133,"standard_error":4628.9153174225},"slope":null,"std_dev":{"confidence_interval":{"confidence_level":0.99,"lower_bound":38686.7292810024,"upper_bound":99081.23248975707},"point_estimate":72232.22454602289,"standard_error":11809.375859541135}}