{"mean":{"confidence_interval":{"confidence_level":0.99,"lower_bound":110560119.8457,"upper_bound":111332231.86119999},"point_estimate":110913325.58,"standard_error":148644.94977296123},"median":{"confidence_interval":{"confidence_level":0.99,"lower_bound":110511439.0,"upper_bound":110959840.0},"point_estimate":110714324.0,"standard_error":84926.96522619887},"median_abs_dev":{"confidence_interval":{"confidence_level":0.99,"lower_bound":453049.193456769,"upper_bound":908294.8587745428},"point_estimate":650707.1980476379,"standard_error":95583.20824384221},"slope":null,"std_dev":{"confidence_interval":{"confidence_level":0.99,"lower_bound":810029.4963454944,"upper_bound":2091756.8508885137},"point_estimate":1491885.8569532302,"standard_error":254790.27580273375}}