{"mean":{"confidence_interval":{"confidence_level":0.99,"lower_bound":26466059.71185,"upper_bound":26660407.18},"point_estimate":26546229.04,"standard_error":38468.53207803625},"median":{"confidence_interval":{"confidence_level":0.99,"lower_bound":26400276.0,"upper_bound":26446881.5},"point_estimate":26411362.0,"standard_error":9250.9014488505},"median_abs_dev":{"confidence_interval":{"confidence_level":0.99,"lower_bound":45939.01994141937,"upper_bound":115725.82354545593},"point_estimate":62719.90928649902,"standard_error":12603.545926629084},"slope":null,"std_dev":{"confidence_interval":{"confidence_level":0.99,"lower_bound":164876.21107630045,"upper_bound":642130.8690664801},"point_estimate":388178.11996087834,"standard_error":108760.06315290446}}