{"mean":{"confidence_interval":{"confidence_level":0.99,"lower_bound":27341386.45,"upper_bound":27396412.578250002},"point_estimate":27365756.75,"standard_error":10854.363535052982},"median":{"confidence_interval":{"confidence_level":0.99,"lower_bound":27320529.0,"upper_bound":27357169.0},"point_estimate":27336314.0,"standard_error":6622.942041170425},"median_abs_dev":{"confidence_interval":{"confidence_level":0.99,"lower_bound":35287.35085402429,"upper_bound":77087.85976141698},"point_estimate":51098.549392819405,"standard_error":7851.862374171252},"slope":null,"std_dev":{"confidence_interval":{"confidence_level":0.99,"lower_bound":58137.23368164885,"upper_bound":170176.54983936594},"point_estimate":110186.76020719128,"standard_error":24276.763967412673}}