{"mean":{"confidence_interval":{"confidence_level":0.99,"lower_bound":112843208.63855,"upper_bound":113502114.63260001},"point_estimate":113133996.83,"standard_error":126859.70983602131},"median":{"confidence_interval":{"confidence_level":0.99,"lower_bound":112674599.5,"upper_bound":113246107.0},"point_estimate":112996791.5,"standard_error":107033.60194385088},"median_abs_dev":{"confidence_interval":{"confidence_level":0.99,"lower_bound":619225.6702065468,"upper_bound":1190886.568057537},"point_estimate":910440.1809364557,"standard_error":110889.00396483326},"slope":null,"std_dev":{"confidence_interval":{"confidence_level":0.99,"lower_bound":781016.1766085963,"upper_bound":1966587.9528477131},"point_estimate":1276540.461868924,"standard_error":277535.6806178401}}