{"mean":{"confidence_interval":{"confidence_level":0.99,"lower_bound":26077701.4374,"upper_bound":26308447.61625},"point_estimate":26164320.16,"standard_error":46917.39183343058},"median":{"confidence_interval":{"confidence_level":0.99,"lower_bound":26054492.0,"upper_bound":26077082.0},"point_estimate":26063092.5,"standard_error":4213.503863979294},"median_abs_dev":{"confidence_interval":{"confidence_level":0.99,"lower_bound":22714.91419672966,"upper_bound":49532.182520627975},"point_estimate":35041.25037789345,"standard_error":5972.587066492431},"slope":null,"std_dev":{"confidence_interval":{"confidence_level":0.99,"lower_bound":73202.8996668994,"upper_bound":794892.5928608152},"point_estimate":471234.8354071958,"standard_error":161700.5683108524}}