{"mean":{"confidence_interval":{"confidence_level":0.99,"lower_bound":109072277.77665,"upper_bound":109822445.1532},"point_estimate":109470965.05,"standard_error":145438.96427942225},"median":{"confidence_interval":{"confidence_level":0.99,"lower_bound":109414479.0,"upper_bound":109873720.5},"point_estimate":109605399.0,"standard_error":97892.74654324118},"median_abs_dev":{"confidence_interval":{"confidence_level":0.99,"lower_bound":580679.2273188831,"upper_bound":1315242.7098317763},"point_estimate":918345.40399611,"standard_error":124741.647796162},"slope":null,"std_dev":{"confidence_interval":{"confidence_level":0.99,"lower_bound":979832.8227194955,"upper_bound":1895634.3111832256},"point_estimate":1458800.4395257954,"standard_error":180806.4771755738}}