{"mean":{"confidence_interval":{"confidence_level":0.99,"lower_bound":164984438.77385,"upper_bound":165128652.5308},"point_estimate":165058256.31,"standard_error":28055.12324276596},"median":{"confidence_interval":{"confidence_level":0.99,"lower_bound":164982810.5,"upper_bound":165167222.0},"point_estimate":165053391.0,"standard_error":35873.08252696996},"median_abs_dev":{"confidence_interval":{"confidence_level":0.99,"lower_bound":202153.98901104927,"upper_bound":366102.89265887445},"point_estimate":279257.3419421911,"standard_error":32497.616481255856},"slope":null,"std_dev":{"confidence_interval":{"confidence_level":0.99,"lower_bound":225523.84055578112,"upper_bound":336823.7113815683},"point_estimate":281556.0015071259,"standard_error":21852.605993482277}}