{"mean":{"confidence_interval":{"confidence_level":0.99,"lower_bound":109030137.23515001,"upper_bound":109798020.92735},"point_estimate":109381501.91,"standard_error":149682.31266078682},"median":{"confidence_interval":{"confidence_level":0.99,"lower_bound":108799404.0,"upper_bound":109292638.0},"point_estimate":109111612.0,"standard_error":82730.4719982242},"median_abs_dev":{"confidence_interval":{"confidence_level":0.99,"lower_bound":507716.36098623276,"upper_bound":975798.3768761158},"point_estimate":727990.6868755817,"standard_error":80761.44200549259},"slope":null,"std_dev":{"confidence_interval":{"confidence_level":0.99,"lower_bound":923254.9813086994,"upper_bound":1995227.7603467484},"point_estimate":1510369.8685404484,"standard_error":209750.49857704763}}