{"mean":{"confidence_interval":{"confidence_level":0.99,"lower_bound":176117178.64720002,"upper_bound":215197918.71945006},"point_estimate":195614844.32,"standard_error":7604192.974288453},"median":{"confidence_interval":{"confidence_level":0.99,"lower_bound":117990247.0,"upper_bound":243648228.0},"point_estimate":241458346.0,"standard_error":47068643.00265033},"median_abs_dev":{"confidence_interval":{"confidence_level":0.99,"lower_bound":7224850.518733263,"upper_bound":118524146.48757577},"point_estimate":96731655.58606982,"standard_error":28409771.92056305},"slope":null,"std_dev":{"confidence_interval":{"confidence_level":0.99,"lower_bound":71015313.82868819,"upper_bound":80958381.04926111},"point_estimate":76559852.71906802,"standard_error":1930102.6662073077}}