{"mean":{"confidence_interval":{"confidence_level":0.99,"lower_bound":52597933.60815,"upper_bound":54659021.61},"point_estimate":53524837.15,"standard_error":400871.4171638769},"median":{"confidence_interval":{"confidence_level":0.99,"lower_bound":51967992.0,"upper_bound":52039437.0},"point_estimate":51986901.5,"standard_error":13271.90869778944},"median_abs_dev":{"confidence_interval":{"confidence_level":0.99,"lower_bound":74070.6946849823,"upper_bound":238640.0330632925},"point_estimate":120112.83686757088,"standard_error":30408.529242865163},"slope":null,"std_dev":{"confidence_interval":{"confidence_level":0.99,"lower_bound":2525544.2791903866,"upper_bound":5118306.796805773},"point_estimate":4024771.030637322,"standard_error":507612.2736694176}}