{"mean":{"confidence_interval":{"confidence_level":0.99,"lower_bound":468548045.37990004,"upper_bound":473662861.63085},"point_estimate":471052211.22,"standard_error":1000645.6527009555},"median":{"confidence_interval":{"confidence_level":0.99,"lower_bound":467440370.0,"upper_bound":472478116.0},"point_estimate":469081197.5,"standard_error":962437.3625323133},"median_abs_dev":{"confidence_interval":{"confidence_level":0.99,"lower_bound":5661812.328111738,"upper_bound":12591225.64676106},"point_estimate":8922326.671797037,"standard_error":1297389.200938137},"slope":null,"std_dev":{"confidence_interval":{"confidence_level":0.99,"lower_bound":8263293.1616084855,"upper_bound":11718242.483442111},"point_estimate":10099139.279690323,"standard_error":672911.4472813231}}