{"mean":{"confidence_interval":{"confidence_level":0.99,"lower_bound":34330573.72,"upper_bound":34739486.08505},"point_estimate":34503228.94,"standard_error":80500.06623109538},"median":{"confidence_interval":{"confidence_level":0.99,"lower_bound":34257167.0,"upper_bound":34395418.0},"point_estimate":34324657.0,"standard_error":33156.67691707214},"median_abs_dev":{"confidence_interval":{"confidence_level":0.99,"lower_bound":146645.5905500204,"upper_bound":321134.86079871655},"point_estimate":215326.88977718353,"standard_error":35378.126110251076},"slope":null,"std_dev":{"confidence_interval":{"confidence_level":0.99,"lower_bound":292678.2279289277,"upper_bound":1261375.77007429},"point_estimate":812185.7721926294,"standard_error":202077.67236187222}}