{"mean":{"confidence_interval":{"confidence_level":0.99,"lower_bound":26602074.256750003,"upper_bound":26616776.18025},"point_estimate":26609474.06,"standard_error":2854.551277677282},"median":{"confidence_interval":{"confidence_level":0.99,"lower_bound":26601265.0,"upper_bound":26616776.0},"point_estimate":26608721.0,"standard_error":3344.6098881595353},"median_abs_dev":{"confidence_interval":{"confidence_level":0.99,"lower_bound":17043.969297409058,"upper_bound":39868.59589219093},"point_estimate":30586.03745698929,"standard_error":4573.736968109415},"slope":null,"std_dev":{"confidence_interval":{"confidence_level":0.99,"lower_bound":23606.053206691482,"upper_bound":33232.47189115445},"point_estimate":28612.411393906346,"standard_error":1867.3000491581518}}