{"mean":{"confidence_interval":{"confidence_level":0.99,"lower_bound":28763221.0,"upper_bound":28938395.4683},"point_estimate":28827628.35,"standard_error":35244.654187832944},"median":{"confidence_interval":{"confidence_level":0.99,"lower_bound":28746890.0,"upper_bound":28783965.0},"point_estimate":28770885.0,"standard_error":6749.448435688285},"median_abs_dev":{"confidence_interval":{"confidence_level":0.99,"lower_bound":34433.38438868523,"upper_bound":73166.30870103836},"point_estimate":52662.692365050316,"standard_error":7133.338223353145},"slope":null,"std_dev":{"confidence_interval":{"confidence_level":0.99,"lower_bound":63997.54418893809,"upper_bound":637289.4599195821},"point_estimate":353706.8853738591,"standard_error":133574.23551992446}}