{"mean":{"confidence_interval":{"confidence_level":0.99,"lower_bound":107718848.0325,"upper_bound":109037891.97},"point_estimate":108322865.45,"standard_error":256322.67203984733},"median":{"confidence_interval":{"confidence_level":0.99,"lower_bound":107418228.0,"upper_bound":108217950.5},"point_estimate":107771287.0,"standard_error":174290.70721613246},"median_abs_dev":{"confidence_interval":{"confidence_level":0.99,"lower_bound":924686.4210730344,"upper_bound":1800475.2198271777},"point_estimate":1295105.1919072866,"standard_error":164603.1727594391},"slope":null,"std_dev":{"confidence_interval":{"confidence_level":0.99,"lower_bound":1648549.9865874709,"upper_bound":3343709.157502781},"point_estimate":2560722.379949898,"standard_error":334093.1300555315}}