{"mean":{"confidence_interval":{"confidence_level":0.99,"lower_bound":26890022.611050002,"upper_bound":26979151.66425},"point_estimate":26922895.42,"standard_error":17842.163297374886},"median":{"confidence_interval":{"confidence_level":0.99,"lower_bound":26877630.0,"upper_bound":26904285.0},"point_estimate":26891300.0,"standard_error":5787.147346721129},"median_abs_dev":{"confidence_interval":{"confidence_level":0.99,"lower_bound":26642.291875004772,"upper_bound":48882.80373215675},"point_estimate":35160.599675774574,"standard_error":4106.002592431184},"slope":null,"std_dev":{"confidence_interval":{"confidence_level":0.99,"lower_bound":37056.88648626632,"upper_bound":322551.31060045067},"point_estimate":179895.7400625432,"standard_error":67856.35040408358}}