{"mean":{"confidence_interval":{"confidence_level":0.99,"lower_bound":115776892.32905,"upper_bound":117408493.41520001},"point_estimate":116352663.01,"standard_error":327311.7358355649},"median":{"confidence_interval":{"confidence_level":0.99,"lower_bound":115583683.0,"upper_bound":115678701.5},"point_estimate":115620620.5,"standard_error":22552.985939519534},"median_abs_dev":{"confidence_interval":{"confidence_level":0.99,"lower_bound":108252.778378129,"upper_bound":318869.607418433},"point_estimate":194669.82434391975,"standard_error":38321.49943104791},"slope":null,"std_dev":{"confidence_interval":{"confidence_level":0.99,"lower_bound":680122.2544936812,"upper_bound":6086165.777818939},"point_estimate":3301690.1135433447,"standard_error":1378180.3823467765}}