{"mean":{"confidence_interval":{"confidence_level":0.99,"lower_bound":26170230.402400002,"upper_bound":26302500.73515},"point_estimate":26213729.76,"standard_error":27195.090791573944},"median":{"confidence_interval":{"confidence_level":0.99,"lower_bound":26153320.0,"upper_bound":26172354.0},"point_estimate":26165530.0,"standard_error":3308.968161325299},"median_abs_dev":{"confidence_interval":{"confidence_level":0.99,"lower_bound":22648.197197914124,"upper_bound":54353.7310690285},"point_estimate":36651.353949308395,"standard_error":5964.294532528811},"slope":null,"std_dev":{"confidence_interval":{"confidence_level":0.99,"lower_bound":55077.49898976604,"upper_bound":517502.20081709087},"point_estimate":272334.2336321352,"standard_error":129583.58468868426}}