{"mean":{"confidence_interval":{"confidence_level":0.99,"lower_bound":27030868.44715,"upper_bound":27053436.738950003},"point_estimate":27041715.2,"standard_error":4366.921718852761},"median":{"confidence_interval":{"confidence_level":0.99,"lower_bound":27027741.0,"upper_bound":27052301.0},"point_estimate":27039661.5,"standard_error":4283.600732374941},"median_abs_dev":{"confidence_interval":{"confidence_level":0.99,"lower_bound":24863.201558589935,"upper_bound":47436.52745783329},"point_estimate":39318.55130195618,"standard_error":4456.953245140769},"slope":null,"std_dev":{"confidence_interval":{"confidence_level":0.99,"lower_bound":30939.240853521806,"upper_bound":58329.35444743692},"point_estimate":43938.688455067866,"standard_error":5588.0006639282}}