{"mean":{"confidence_interval":{"confidence_level":0.99,"lower_bound":1137684392.37,"upper_bound":1137726461.91405},"point_estimate":1137705109.05,"standard_error":8150.528109577695},"median":{"confidence_interval":{"confidence_level":0.99,"lower_bound":1137684600.5,"upper_bound":1137728989.0},"point_estimate":1137707436.0,"standard_error":8318.830106184456},"median_abs_dev":{"confidence_interval":{"confidence_level":0.99,"lower_bound":45879.79748547077,"upper_bound":100772.32021093369},"point_estimate":72396.83931469917,"standard_error":10651.115472276579},"slope":null,"std_dev":{"confidence_interval":{"confidence_level":0.99,"lower_bound":62088.90134727323,"upper_bound":101786.34643164318},"point_estimate":81868.1800124629,"standard_error":7850.341164087396}}