{"mean":{"confidence_interval":{"confidence_level":0.99,"lower_bound":565216812.6471,"upper_bound":565311297.7558},"point_estimate":565257896.39,"standard_error":18256.164752201283},"median":{"confidence_interval":{"confidence_level":0.99,"lower_bound":565194465.0,"upper_bound":565279383.0},"point_estimate":565241866.0,"standard_error":18452.939684082186},"median_abs_dev":{"confidence_interval":{"confidence_level":0.99,"lower_bound":88686.11333450675,"upper_bound":163520.3988969326},"point_estimate":126169.99906003475,"standard_error":14081.892399720986},"slope":null,"std_dev":{"confidence_interval":{"confidence_level":0.99,"lower_bound":105849.02128237131,"upper_bound":295482.80846460216},"point_estimate":183243.1013646496,"standard_error":46452.4680881449}}