{"mean":{"confidence_interval":{"confidence_level":0.99,"lower_bound":26632039.11725,"upper_bound":26681982.94445},"point_estimate":26654645.67,"standard_error":9737.851551848007},"median":{"confidence_interval":{"confidence_level":0.99,"lower_bound":26617578.0,"upper_bound":26638623.5},"point_estimate":26628218.0,"standard_error":4722.735234462571},"median_abs_dev":{"confidence_interval":{"confidence_level":0.99,"lower_bound":24811.977729499347,"upper_bound":48228.977143764496},"point_estimate":37695.84563076496,"standard_error":4324.729102042769},"slope":null,"std_dev":{"confidence_interval":{"confidence_level":0.99,"lower_bound":56019.88477515062,"upper_bound":133900.1881655943},"point_estimate":97731.08861586223,"standard_error":15222.775952975904}}