{"mean":{"confidence_interval":{"confidence_level":0.99,"lower_bound":111064012.69759999,"upper_bound":118531032.56875001},"point_estimate":114540559.63,"standard_error":1462420.2803879257},"median":{"confidence_interval":{"confidence_level":0.99,"lower_bound":107351701.0,"upper_bound":108797485.0},"point_estimate":107670319.0,"standard_error":195022.779118414},"median_abs_dev":{"confidence_interval":{"confidence_level":0.99,"lower_bound":704712.3846888542,"upper_bound":2689487.1646605656},"point_estimate":1368445.7061052322,"standard_error":313367.6815460673},"slope":null,"std_dev":{"confidence_interval":{"confidence_level":0.99,"lower_bound":10535402.942351725,"upper_bound":17704651.939284958},"point_estimate":14709759.832216755,"standard_error":1423359.181949544}}