{"mean":{"confidence_interval":{"confidence_level":0.99,"lower_bound":130138159.0441,"upper_bound":130210553.37},"point_estimate":130170278.84,"standard_error":14115.114205227124},"median":{"confidence_interval":{"confidence_level":0.99,"lower_bound":130125473.0,"upper_bound":130189015.0},"point_estimate":130157238.5,"standard_error":12186.924311417637},"median_abs_dev":{"confidence_interval":{"confidence_level":0.99,"lower_bound":57269.67533876003,"upper_bound":109031.96620729573},"point_estimate":77824.63781833649,"standard_error":10016.967385030037},"slope":null,"std_dev":{"confidence_interval":{"confidence_level":0.99,"lower_bound":76880.4478082813,"upper_bound":221447.60080716683},"point_estimate":141306.84984345664,"standard_error":32320.9584281183}}