{"mean":{"confidence_interval":{"confidence_level":0.99,"lower_bound":26185040.840749998,"upper_bound":26399541.2354},"point_estimate":26263524.14,"standard_error":44806.23652708384},"median":{"confidence_interval":{"confidence_level":0.99,"lower_bound":26137589.0,"upper_bound":26230335.0},"point_estimate":26190784.5,"standard_error":16993.398543911284},"median_abs_dev":{"confidence_interval":{"confidence_level":0.99,"lower_bound":60580.4063294828,"upper_bound":147770.73937654495},"point_estimate":103263.82946670055,"standard_error":14980.317564108118},"slope":null,"std_dev":{"confidence_interval":{"confidence_level":0.99,"lower_bound":78905.69733572927,"upper_bound":759126.9634348403},"point_estimate":451713.7971543669,"standard_error":168548.28798567524}}