{"mean":{"confidence_interval":{"confidence_level":0.99,"lower_bound":27158051.3914,"upper_bound":27314334.13685},"point_estimate":27208391.84,"standard_error":32882.06043391113},"median":{"confidence_interval":{"confidence_level":0.99,"lower_bound":27140527.0,"upper_bound":27160837.0},"point_estimate":27146907.0,"standard_error":4383.767918853955},"median_abs_dev":{"confidence_interval":{"confidence_level":0.99,"lower_bound":24301.29616856575,"upper_bound":58794.74809518459},"point_estimate":37013.10834288597,"standard_error":7524.083682814643},"slope":null,"std_dev":{"confidence_interval":{"confidence_level":0.99,"lower_bound":58380.17301239586,"upper_bound":635380.8086842181},"point_estimate":331278.4005480452,"standard_error":164891.5726983389}}