{"mean":{"confidence_interval":{"confidence_level":0.99,"lower_bound":85125852.35695,"upper_bound":91277944.58255},"point_estimate":87914059.6,"standard_error":1191262.6819766762},"median":{"confidence_interval":{"confidence_level":0.99,"lower_bound":82778046.0,"upper_bound":83293208.0},"point_estimate":82969680.5,"standard_error":88530.48602632107},"median_abs_dev":{"confidence_interval":{"confidence_level":0.99,"lower_bound":359302.1732211113,"upper_bound":987968.9029195464},"point_estimate":598237.2436791658,"standard_error":109876.02452613084},"slope":null,"std_dev":{"confidence_interval":{"confidence_level":0.99,"lower_bound":8205697.99108899,"upper_bound":14697422.564633256},"point_estimate":11983928.697211172,"standard_error":1261905.0403647842}}