{"mean":{"confidence_interval":{"confidence_level":0.99,"lower_bound":92506256.44,"upper_bound":92534283.7006},"point_estimate":92519894.68,"standard_error":5400.185246595851},"median":{"confidence_interval":{"confidence_level":0.99,"lower_bound":92502019.0,"upper_bound":92529919.0},"point_estimate":92510569.0,"standard_error":5513.407387444239},"median_abs_dev":{"confidence_interval":{"confidence_level":0.99,"lower_bound":27932.924804091454,"upper_bound":60325.5103290081},"point_estimate":41557.277262210846,"standard_error":6768.247219767123},"slope":null,"std_dev":{"confidence_interval":{"confidence_level":0.99,"lower_bound":40502.366553222746,"upper_bound":66775.11808845655},"point_estimate":54288.08255885234,"standard_error":5111.114343801125}}