{"mean":{"confidence_interval":{"confidence_level":0.99,"lower_bound":101457004.44,"upper_bound":101592916.1381},"point_estimate":101521183.52,"standard_error":26347.05313755513},"median":{"confidence_interval":{"confidence_level":0.99,"lower_bound":101381137.0,"upper_bound":101572406.0},"point_estimate":101433761.0,"standard_error":41405.84316518041},"median_abs_dev":{"confidence_interval":{"confidence_level":0.99,"lower_bound":155721.97121988243,"upper_bound":338406.40919208527},"point_estimate":239889.1235411167,"standard_error":33089.10974552282},"slope":null,"std_dev":{"confidence_interval":{"confidence_level":0.99,"lower_bound":200046.47725291832,"upper_bound":355912.99628236954},"point_estimate":265799.040066575,"standard_error":32892.3297649152}}