{"mean":{"confidence_interval":{"confidence_level":0.99,"lower_bound":25993890.4441,"upper_bound":26076524.68875},"point_estimate":26031152.44,"standard_error":16235.951188463001},"median":{"confidence_interval":{"confidence_level":0.99,"lower_bound":25962111.0,"upper_bound":25990202.0},"point_estimate":25970922.0,"standard_error":5841.094872463347},"median_abs_dev":{"confidence_interval":{"confidence_level":0.99,"lower_bound":25516.286846995354,"upper_bound":58888.87095451355},"point_estimate":36494.198352098465,"standard_error":6497.258858438156},"slope":null,"std_dev":{"confidence_interval":{"confidence_level":0.99,"lower_bound":92272.99334758542,"upper_bound":218578.0042868605},"point_estimate":163289.53034802683,"standard_error":24488.58831734892}}