{"mean":{"confidence_interval":{"confidence_level":0.99,"lower_bound":27351988.098249998,"upper_bound":27407895.49},"point_estimate":27379605.54,"standard_error":10878.37642521261},"median":{"confidence_interval":{"confidence_level":0.99,"lower_bound":27343238.0,"upper_bound":27409309.0},"point_estimate":27376283.5,"standard_error":12034.162227839093},"median_abs_dev":{"confidence_interval":{"confidence_level":0.99,"lower_bound":69467.77403520049,"upper_bound":122441.37502773116},"point_estimate":93531.30193948746,"standard_error":9571.448375105123},"slope":null,"std_dev":{"confidence_interval":{"confidence_level":0.99,"lower_bound":82674.48452782157,"upper_bound":136320.45118361647},"point_estimate":108965.63403576637,"standard_error":10561.969948149937}}