{"mean":{"confidence_interval":{"confidence_level":0.99,"lower_bound":28863041.33,"upper_bound":29555156.273050003},"point_estimate":29124311.68,"standard_error":141345.03292981134},"median":{"confidence_interval":{"confidence_level":0.99,"lower_bound":28851008.0,"upper_bound":28896063.0},"point_estimate":28869188.0,"standard_error":8752.18192199578},"median_abs_dev":{"confidence_interval":{"confidence_level":0.99,"lower_bound":56739.100992679596,"upper_bound":106155.64071536064},"point_estimate":77376.89262628555,"standard_error":9886.92236598354},"slope":null,"std_dev":{"confidence_interval":{"confidence_level":0.99,"lower_bound":77253.28429913141,"upper_bound":2290983.5317168916},"point_estimate":1414868.018656592,"standard_error":443221.36200580857}}