{"mean":{"confidence_interval":{"confidence_level":0.99,"lower_bound":26890151.3621,"upper_bound":27318828.2991},"point_estimate":27026890.8,"standard_error":91178.33447049017},"median":{"confidence_interval":{"confidence_level":0.99,"lower_bound":26867499.0,"upper_bound":26898890.0},"point_estimate":26886494.5,"standard_error":6234.329082724639},"median_abs_dev":{"confidence_interval":{"confidence_level":0.99,"lower_bound":27651.23080909252,"upper_bound":53730.168052598834},"point_estimate":40824.131575226784,"standard_error":5068.454387366545},"slope":null,"std_dev":{"confidence_interval":{"confidence_level":0.99,"lower_bound":57113.81419469858,"upper_bound":1702729.351337536},"point_estimate":915117.7954599257,"standard_error":417273.71110064076}}