{"mean":{"confidence_interval":{"confidence_level":0.99,"lower_bound":28906667.836149998,"upper_bound":29116404.23365},"point_estimate":28995135.17,"standard_error":41264.101947395},"median":{"confidence_interval":{"confidence_level":0.99,"lower_bound":28896423.5,"upper_bound":28922439.0},"point_estimate":28906508.5,"standard_error":5588.610907569112},"median_abs_dev":{"confidence_interval":{"confidence_level":0.99,"lower_bound":32276.20142698288,"upper_bound":63529.40887212753},"point_estimate":49267.53842532635,"standard_error":6044.384516810908},"slope":null,"std_dev":{"confidence_interval":{"confidence_level":0.99,"lower_bound":51770.03914701246,"upper_bound":606339.9619463724},"point_estimate":413162.7135779462,"standard_error":91174.24312925959}}