{"mean":{"confidence_interval":{"confidence_level":0.99,"lower_bound":236482031.59274998,"upper_bound":237056451.6461},"point_estimate":236774057.4,"standard_error":111668.63240492957},"median":{"confidence_interval":{"confidence_level":0.99,"lower_bound":236449758.5,"upper_bound":237278330.0},"point_estimate":236924916.0,"standard_error":152502.56193553234},"median_abs_dev":{"confidence_interval":{"confidence_level":0.99,"lower_bound":816885.6911333799,"upper_bound":1518613.6576727186},"point_estimate":1127026.5393912792,"standard_error":135302.16599552188},"slope":null,"std_dev":{"confidence_interval":{"confidence_level":0.99,"lower_bound":913236.1126044493,"upper_bound":1303007.8256251814},"point_estimate":1119305.9953084025,"standard_error":75667.64012740675}}