{"mean":{"confidence_interval":{"confidence_level":0.99,"lower_bound":1100928262.1958501,"upper_bound":1100960264.37035},"point_estimate":1100944150.56,"standard_error":6158.931374047867},"median":{"confidence_interval":{"confidence_level":0.99,"lower_bound":1100920749.0,"upper_bound":1100957683.0},"point_estimate":1100938821.0,"standard_error":8784.233937355903},"median_abs_dev":{"confidence_interval":{"confidence_level":0.99,"lower_bound":39909.367391467094,"upper_bound":86166.55699373789},"point_estimate":63685.823169350624,"standard_error":9304.851308766483},"slope":null,"std_dev":{"confidence_interval":{"confidence_level":0.99,"lower_bound":50594.089640536535,"upper_bound":72565.38896553118},"point_estimate":61580.101532343535,"standard_error":4269.908204694305}}