{"mean":{"confidence_interval":{"confidence_level":0.99,"lower_bound":26245410.21955,"upper_bound":26272982.26},"point_estimate":26258102.66,"standard_error":5378.808313719891},"median":{"confidence_interval":{"confidence_level":0.99,"lower_bound":26239943.0,"upper_bound":26254784.0},"point_estimate":26244787.5,"standard_error":2936.3342614543003},"median_abs_dev":{"confidence_interval":{"confidence_level":0.99,"lower_bound":19036.58366203308,"upper_bound":39437.9005998373},"point_estimate":30326.582461595535,"standard_error":3791.5569606176787},"slope":null,"std_dev":{"confidence_interval":{"confidence_level":0.99,"lower_bound":34992.871273933095,"upper_bound":69776.70457259394},"point_estimate":53971.12833620613,"standard_error":6835.749621258557}}