{"mean":{"confidence_interval":{"confidence_level":0.99,"lower_bound":205664032.26355,"upper_bound":222560535.68260002},"point_estimate":213357246.45,"standard_error":3286178.726212275},"median":{"confidence_interval":{"confidence_level":0.99,"lower_bound":198714861.0,"upper_bound":203112193.0},"point_estimate":199088456.0,"standard_error":1212567.0049779138},"median_abs_dev":{"confidence_interval":{"confidence_level":0.99,"lower_bound":1326144.1636562347,"upper_bound":6645847.785812616},"point_estimate":2534709.995099902,"standard_error":1260341.2104851925},"slope":null,"std_dev":{"confidence_interval":{"confidence_level":0.99,"lower_bound":22646962.91388008,"upper_bound":40474743.33384378},"point_estimate":33040573.50430272,"standard_error":3478462.2556247166}}