{"mean":{"confidence_interval":{"confidence_level":0.99,"lower_bound":27337031.46,"upper_bound":27367799.91525},"point_estimate":27350171.69,"standard_error":5929.335236715364},"median":{"confidence_interval":{"confidence_level":0.99,"lower_bound":27328779.0,"upper_bound":27358177.0},"point_estimate":27343086.0,"standard_error":4462.198319525239},"median_abs_dev":{"confidence_interval":{"confidence_level":0.99,"lower_bound":29533.39147567749,"upper_bound":50991.11278572684},"point_estimate":42016.88325405121,"standard_error":4503.658010182439},"slope":null,"std_dev":{"confidence_interval":{"confidence_level":0.99,"lower_bound":33316.3037176803,"upper_bound":97123.12639135272},"point_estimate":59588.20620408121,"standard_error":15655.176999574656}}