{"mean":{"confidence_interval":{"confidence_level":0.99,"lower_bound":102452428.2331,"upper_bound":102639198.16070001},"point_estimate":102537172.27,"standard_error":36263.3970065923},"median":{"confidence_interval":{"confidence_level":0.99,"lower_bound":102377853.5,"upper_bound":102530111.0},"point_estimate":102449645.5,"standard_error":31957.469299071312},"median_abs_dev":{"confidence_interval":{"confidence_level":0.99,"lower_bound":158744.94438171387,"upper_bound":314157.00402259827},"point_estimate":238297.55246937275,"standard_error":33602.13422651772},"slope":null,"std_dev":{"confidence_interval":{"confidence_level":0.99,"lower_bound":220802.18506258697,"upper_bound":500811.26585908607},"point_estimate":364808.81606004055,"standard_error":56249.824398735334}}