{"mean":{"confidence_interval":{"confidence_level":0.99,"lower_bound":26319197.2991,"upper_bound":26674598.37965},"point_estimate":26444570.1,"standard_error":71125.00987191215},"median":{"confidence_interval":{"confidence_level":0.99,"lower_bound":26278616.0,"upper_bound":26299417.0},"point_estimate":26290166.0,"standard_error":4496.391229501035},"median_abs_dev":{"confidence_interval":{"confidence_level":0.99,"lower_bound":22153.694509193305,"upper_bound":49820.6408780069},"point_estimate":32743.220418691635,"standard_error":5263.346448808576},"slope":null,"std_dev":{"confidence_interval":{"confidence_level":0.99,"lower_bound":112619.07648556618,"upper_bound":1307237.3981252848},"point_estimate":715705.9175707068,"standard_error":285961.7280715255}}