{"mean":{"confidence_interval":{"confidence_level":0.99,"lower_bound":26789357.50215,"upper_bound":26919339.02485},"point_estimate":26850322.19,"standard_error":25375.0429641045},"median":{"confidence_interval":{"confidence_level":0.99,"lower_bound":26744801.0,"upper_bound":26820961.0},"point_estimate":26783640.5,"standard_error":15915.471844265548},"median_abs_dev":{"confidence_interval":{"confidence_level":0.99,"lower_bound":85768.11937031153,"upper_bound":170242.50717759132},"point_estimate":125836.41406595707,"standard_error":15422.90282682332},"slope":null,"std_dev":{"confidence_interval":{"confidence_level":0.99,"lower_bound":171695.4819426144,"upper_bound":320137.28367042204},"point_estimate":256035.50863245656,"standard_error":29004.499777914523}}