{"mean":{"confidence_interval":{"confidence_level":0.99,"lower_bound":26311484.2555,"upper_bound":26589246.6091},"point_estimate":26403229.11,"standard_error":58526.33455935084},"median":{"confidence_interval":{"confidence_level":0.99,"lower_bound":26296554.0,"upper_bound":26322144.0},"point_estimate":26309689.0,"standard_error":5253.983278694365},"median_abs_dev":{"confidence_interval":{"confidence_level":0.99,"lower_bound":24990.705156326294,"upper_bound":49022.90942966938},"point_estimate":35471.94567024708,"standard_error":4544.203733548184},"slope":null,"std_dev":{"confidence_interval":{"confidence_level":0.99,"lower_bound":45106.973464387316,"upper_bound":1068417.2636703555},"point_estimate":585854.4085861573,"standard_error":248048.14446451375}}