{"mean":{"confidence_interval":{"confidence_level":0.99,"lower_bound":106187817.08965,"upper_bound":106663686.79015},"point_estimate":106410676.64,"standard_error":92531.10929637207},"median":{"confidence_interval":{"confidence_level":0.99,"lower_bound":106030219.0,"upper_bound":106414478.0},"point_estimate":106160872.5,"standard_error":78236.17109186978},"median_abs_dev":{"confidence_interval":{"confidence_level":0.99,"lower_bound":409282.8348207772,"upper_bound":846030.1076799631},"point_estimate":572268.7638401985,"standard_error":84871.15833202688},"slope":null,"std_dev":{"confidence_interval":{"confidence_level":0.99,"lower_bound":622280.2341514013,"upper_bound":1215883.852898213},"point_estimate":928282.3498303497,"standard_error":118004.58365520778}}