{"mean":{"confidence_interval":{"confidence_level":0.99,"lower_bound":116568214.80894999,"upper_bound":118966309.50155},"point_estimate":117535946.35,"standard_error":474789.99955185206},"median":{"confidence_interval":{"confidence_level":0.99,"lower_bound":116264601.5,"upper_bound":116461400.0},"point_estimate":116347489.0,"standard_error":43995.16855602928},"median_abs_dev":{"confidence_interval":{"confidence_level":0.99,"lower_bound":207334.19331908226,"upper_bound":497980.12695908546},"point_estimate":296237.559440732,"standard_error":53329.942146040616},"slope":null,"std_dev":{"confidence_interval":{"confidence_level":0.99,"lower_bound":983381.6483689001,"upper_bound":7461298.342486084},"point_estimate":4782223.30961742,"standard_error":1318264.7277386775}}