{"mean":{"confidence_interval":{"confidence_level":0.99,"lower_bound":103354584.8684,"upper_bound":104468025.8391},"point_estimate":103961546.02,"standard_error":215785.00826788368},"median":{"confidence_interval":{"confidence_level":0.99,"lower_bound":104098326.7225,"upper_bound":104693407.5},"point_estimate":104435946.5,"standard_error":138558.2917742869},"median_abs_dev":{"confidence_interval":{"confidence_level":0.99,"lower_bound":564278.2875755578,"upper_bound":1168278.252798921},"point_estimate":756678.9963662624,"standard_error":128231.81120673525},"slope":null,"std_dev":{"confidence_interval":{"confidence_level":0.99,"lower_bound":1278445.5788212223,"upper_bound":2877123.4518542034},"point_estimate":2165820.9292341936,"standard_error":312048.78970812977}}