{"mean":{"confidence_interval":{"confidence_level":0.99,"lower_bound":86808699.68,"upper_bound":88973067.11},"point_estimate":87552667.52,"standard_error":453769.9901550327},"median":{"confidence_interval":{"confidence_level":0.99,"lower_bound":86543215.0,"upper_bound":86710502.0},"point_estimate":86617396.0,"standard_error":25694.80256124336},"median_abs_dev":{"confidence_interval":{"confidence_level":0.99,"lower_bound":133627.47692763805,"upper_bound":386295.022153393},"point_estimate":218255.76602518559,"standard_error":46844.413931133735},"slope":null,"std_dev":{"confidence_interval":{"confidence_level":0.99,"lower_bound":727458.3992175356,"upper_bound":8581171.918031503},"point_estimate":4565224.89449068,"standard_error":2088447.6709079018}}