{"mean":{"confidence_interval":{"confidence_level":0.99,"lower_bound":40437990.315400004,"upper_bound":41969236.53745},"point_estimate":41089859.86,"standard_error":305346.19904930826},"median":{"confidence_interval":{"confidence_level":0.99,"lower_bound":40087762.0,"upper_bound":40235783.0},"point_estimate":40122202.0,"standard_error":26450.479501902744},"median_abs_dev":{"confidence_interval":{"confidence_level":0.99,"lower_bound":70758.52186578512,"upper_bound":340845.28614878654},"point_estimate":124688.140386343,"standard_error":46813.30163333128},"slope":null,"std_dev":{"confidence_interval":{"confidence_level":0.99,"lower_bound":586893.972730246,"upper_bound":4393331.382590303},"point_estimate":3065408.2874115435,"standard_error":650210.1842319983}}