{"mean":{"confidence_interval":{"confidence_level":0.99,"lower_bound":30213408.30015,"upper_bound":30241224.572},"point_estimate":30227174.71,"standard_error":5364.907781400721},"median":{"confidence_interval":{"confidence_level":0.99,"lower_bound":30204297.0,"upper_bound":30240725.0},"point_estimate":30225840.5,"standard_error":8301.829199104912},"median_abs_dev":{"confidence_interval":{"confidence_level":0.99,"lower_bound":36287.34971027076,"upper_bound":64989.836563199824},"point_estimate":50949.54809546471,"standard_error":5876.109712031565},"slope":null,"std_dev":{"confidence_interval":{"confidence_level":0.99,"lower_bound":43281.18741966138,"upper_bound":63937.66726425777},"point_estimate":54119.001744713874,"standard_error":4003.428357767818}}