{"mean":{"confidence_interval":{"confidence_level":0.99,"lower_bound":26157637.20335,"upper_bound":26187462.35375},"point_estimate":26171504.15,"standard_error":5814.4734645112885},"median":{"confidence_interval":{"confidence_level":0.99,"lower_bound":26147913.0,"upper_bound":26177374.0},"point_estimate":26158173.0,"standard_error":6202.717240625473},"median_abs_dev":{"confidence_interval":{"confidence_level":0.99,"lower_bound":26197.541534900665,"upper_bound":51172.679391503334},"point_estimate":34159.84469354153,"standard_error":4666.182274614308},"slope":null,"std_dev":{"confidence_interval":{"confidence_level":0.99,"lower_bound":39147.65998420991,"upper_bound":77944.76122162971},"point_estimate":58412.85013882569,"standard_error":7787.2753503927515}}