{"mean":{"confidence_interval":{"confidence_level":0.99,"lower_bound":133049373.47895,"upper_bound":133320511.71935001},"point_estimate":133183179.34,"standard_error":52387.161573520025},"median":{"confidence_interval":{"confidence_level":0.99,"lower_bound":132958649.0,"upper_bound":133214025.0},"point_estimate":133108842.5,"standard_error":49323.70201078237},"median_abs_dev":{"confidence_interval":{"confidence_level":0.99,"lower_bound":258186.63111627102,"upper_bound":562134.4517201185},"point_estimate":383129.77869808674,"standard_error":57844.4252738995},"slope":null,"std_dev":{"confidence_interval":{"confidence_level":0.99,"lower_bound":412257.87028299784,"upper_bound":629437.9769236272},"point_estimate":526807.4564128781,"standard_error":42082.091850064884}}