{"mean":{"confidence_interval":{"confidence_level":0.99,"lower_bound":26410245.8816,"upper_bound":26464580.39},"point_estimate":26436622.76,"standard_error":10521.067081633773},"median":{"confidence_interval":{"confidence_level":0.99,"lower_bound":26391612.5,"upper_bound":26447263.5},"point_estimate":26419407.5,"standard_error":9784.617175778192},"median_abs_dev":{"confidence_interval":{"confidence_level":0.99,"lower_bound":62151.332196593285,"upper_bound":121137.41723138104},"point_estimate":90276.25369727612,"standard_error":11692.552344614787},"slope":null,"std_dev":{"confidence_interval":{"confidence_level":0.99,"lower_bound":81988.43068754891,"upper_bound":126715.14349761754},"point_estimate":105353.68455443,"standard_error":8786.258997351024}}