{"mean":{"confidence_interval":{"confidence_level":0.99,"lower_bound":2155185365.23,"upper_bound":2155825327.08},"point_estimate":2155500901.94,"standard_error":124060.90176010116},"median":{"confidence_interval":{"confidence_level":0.99,"lower_bound":2155148912.5,"upper_bound":2155764965.8825},"point_estimate":2155441279.0,"standard_error":120041.1001018108},"median_abs_dev":{"confidence_interval":{"confidence_level":0.99,"lower_bound":809968.087220192,"upper_bound":1600045.613193512},"point_estimate":1264360.5162531137,"standard_error":160037.32124777266},"slope":null,"std_dev":{"confidence_interval":{"confidence_level":0.99,"lower_bound":1013606.101886797,"upper_bound":1497553.624020183},"point_estimate":1258277.6205563243,"standard_error":93234.61553354743}}