{"mean":{"confidence_interval":{"confidence_level":0.99,"lower_bound":26938572.32485,"upper_bound":26960063.147499997},"point_estimate":26949098.71,"standard_error":4175.951495432067},"median":{"confidence_interval":{"confidence_level":0.99,"lower_bound":26929992.0,"upper_bound":26956647.5},"point_estimate":26945827.0,"standard_error":5526.114174165642},"median_abs_dev":{"confidence_interval":{"confidence_level":0.99,"lower_bound":26175.925227284442,"upper_bound":52736.89278723306},"point_estimate":35708.42036604881,"standard_error":4948.549726781698},"slope":null,"std_dev":{"confidence_interval":{"confidence_level":0.99,"lower_bound":33350.157009622875,"upper_bound":50263.04974097528},"point_estimate":42087.91413923737,"standard_error":3314.4401721665254}}