{"mean":{"confidence_interval":{"confidence_level":0.99,"lower_bound":98040792.57215,"upper_bound":98670030.85175},"point_estimate":98332995.45,"standard_error":120903.97496005938},"median":{"confidence_interval":{"confidence_level":0.99,"lower_bound":97901044.0,"upper_bound":98629053.9475},"point_estimate":98291585.5,"standard_error":148013.5879208256},"median_abs_dev":{"confidence_interval":{"confidence_level":0.99,"lower_bound":721194.4485962391,"upper_bound":1244825.0376999378},"point_estimate":986472.3553866148,"standard_error":103828.43858344379},"slope":null,"std_dev":{"confidence_interval":{"confidence_level":0.99,"lower_bound":802255.1230553443,"upper_bound":1779623.0074570074},"point_estimate":1208987.894283532,"standard_error":212132.99472880107}}