{"mean":{"confidence_interval":{"confidence_level":0.99,"lower_bound":26277627.0804,"upper_bound":26324208.7672},"point_estimate":26300674.65,"standard_error":9054.767509722638},"median":{"confidence_interval":{"confidence_level":0.99,"lower_bound":26270865.5,"upper_bound":26327096.0},"point_estimate":26293177.5,"standard_error":8718.018616858195},"median_abs_dev":{"confidence_interval":{"confidence_level":0.99,"lower_bound":63037.90103535354,"upper_bound":103553.67776155472},"point_estimate":88218.40493381023,"standard_error":7605.041179113035},"slope":null,"std_dev":{"confidence_interval":{"confidence_level":0.99,"lower_bound":70732.7386907137,"upper_bound":110506.48780933332},"point_estimate":91184.85259789867,"standard_error":7771.613391980493}}