{"mean":{"confidence_interval":{"confidence_level":0.99,"lower_bound":82817275.0138,"upper_bound":82905415.53375001},"point_estimate":82861905.69,"standard_error":16968.66930645071},"median":{"confidence_interval":{"confidence_level":0.99,"lower_bound":82832528.0,"upper_bound":82914587.05},"point_estimate":82872122.5,"standard_error":17656.913000365665},"median_abs_dev":{"confidence_interval":{"confidence_level":0.99,"lower_bound":97987.25616037846,"upper_bound":225616.13359451294},"point_estimate":162969.613006711,"standard_error":27872.31434802245},"slope":null,"std_dev":{"confidence_interval":{"confidence_level":0.99,"lower_bound":139150.50267567212,"upper_bound":199420.74849730532},"point_estimate":170451.86057793166,"standard_error":11703.56719179821}}