{"mean":{"confidence_interval":{"confidence_level":0.99,"lower_bound":27666907.446,"upper_bound":28415244.0077},"point_estimate":27984331.4,"standard_error":147008.72868682077},"median":{"confidence_interval":{"confidence_level":0.99,"lower_bound":27548071.0,"upper_bound":27581292.0},"point_estimate":27567566.5,"standard_error":7334.947789321921},"median_abs_dev":{"confidence_interval":{"confidence_level":0.99,"lower_bound":42712.85645319522,"upper_bound":104420.25744616985},"point_estimate":67577.64810025692,"standard_error":12056.765769068663},"slope":null,"std_dev":{"confidence_interval":{"confidence_level":0.99,"lower_bound":543204.5618197578,"upper_bound":2248343.7732308004},"point_estimate":1478916.342639304,"standard_error":342491.7321834745}}