{"mean":{"confidence_interval":{"confidence_level":0.99,"lower_bound":26616742.8763,"upper_bound":26892435.38525},"point_estimate":26719748.79,"standard_error":56615.60153659287},"median":{"confidence_interval":{"confidence_level":0.99,"lower_bound":26607835.0,"upper_bound":26629085.0},"point_estimate":26617741.0,"standard_error":4603.623852369517},"median_abs_dev":{"confidence_interval":{"confidence_level":0.99,"lower_bound":23515.518182516098,"upper_bound":46530.65887391567},"point_estimate":34122.77969419956,"standard_error":4613.952007092485},"slope":null,"std_dev":{"confidence_interval":{"confidence_level":0.99,"lower_bound":33759.56208848077,"upper_bound":929983.4882877533},"point_estimate":568582.0998085081,"standard_error":184791.15853041114}}