{"mean":{"confidence_interval":{"confidence_level":0.99,"lower_bound":26591155.4519,"upper_bound":26675030.99585},"point_estimate":26617231.19,"standard_error":17825.917748049185},"median":{"confidence_interval":{"confidence_level":0.99,"lower_bound":26583735.5,"upper_bound":26613436.0},"point_estimate":26603970.5,"standard_error":6390.603858784598},"median_abs_dev":{"confidence_interval":{"confidence_level":0.99,"lower_bound":28303.5747975111,"upper_bound":51372.089087963104},"point_estimate":40423.829582333565,"standard_error":4563.724402016294},"slope":null,"std_dev":{"confidence_interval":{"confidence_level":0.99,"lower_bound":32178.165239249876,"upper_bound":348129.2518867084},"point_estimate":179525.91981670566,"standard_error":94134.16981913641}}