{"mean":{"confidence_interval":{"confidence_level":0.99,"lower_bound":162480026.59585,"upper_bound":163433084.69205},"point_estimate":162905832.29,"standard_error":185593.4414486534},"median":{"confidence_interval":{"confidence_level":0.99,"lower_bound":162166548.0,"upper_bound":162702082.0},"point_estimate":162393005.0,"standard_error":99036.74543808038},"median_abs_dev":{"confidence_interval":{"confidence_level":0.99,"lower_bound":468195.43478786945,"upper_bound":940864.4148453181},"point_estimate":659744.3861871958,"standard_error":85413.49417100145},"slope":null,"std_dev":{"confidence_interval":{"confidence_level":0.99,"lower_bound":1002493.552676812,"upper_bound":2634148.2006248464},"point_estimate":1866761.137305291,"standard_error":322310.01737755525}}