{"mean":{"confidence_interval":{"confidence_level":0.99,"lower_bound":140746471.34925002,"upper_bound":141399024.7936},"point_estimate":141032121.46,"standard_error":126661.76051475649},"median":{"confidence_interval":{"confidence_level":0.99,"lower_bound":140620168.5,"upper_bound":141109307.0},"point_estimate":140847160.0,"standard_error":92102.56722357776},"median_abs_dev":{"confidence_interval":{"confidence_level":0.99,"lower_bound":449934.2509120703,"upper_bound":816273.584908247},"point_estimate":626399.9714791775,"standard_error":66490.2687703718},"slope":null,"std_dev":{"confidence_interval":{"confidence_level":0.99,"lower_bound":607423.4340464827,"upper_bound":1945867.5571085738},"point_estimate":1275066.195979529,"standard_error":275391.0104372038}}