{"mean":{"confidence_interval":{"confidence_level":0.99,"lower_bound":26838167.15,"upper_bound":26868061.2628},"point_estimate":26852075.53,"standard_error":5791.089522402637},"median":{"confidence_interval":{"confidence_level":0.99,"lower_bound":26833515.0,"upper_bound":26855936.0},"point_estimate":26840981.0,"standard_error":4119.762080671541},"median_abs_dev":{"confidence_interval":{"confidence_level":0.99,"lower_bound":26969.23482120037,"upper_bound":53019.294723719395},"point_estimate":37992.36562550068,"standard_error":5358.907673192},"slope":null,"std_dev":{"confidence_interval":{"confidence_level":0.99,"lower_bound":38400.25641941158,"upper_bound":77320.2331385927},"point_estimate":58291.64458802709,"standard_error":7742.498639149739}}