{"mean":{"confidence_interval":{"confidence_level":0.99,"lower_bound":36941590.6781,"upper_bound":38469947.4742},"point_estimate":37660190.23,"standard_error":296079.6565492672},"median":{"confidence_interval":{"confidence_level":0.99,"lower_bound":36347439.5,"upper_bound":36416730.5},"point_estimate":36368350.0,"standard_error":13731.394004598962},"median_abs_dev":{"confidence_interval":{"confidence_level":0.99,"lower_bound":60721.35710898042,"upper_bound":148241.37961869003},"point_estimate":89549.7797101736,"standard_error":16206.987570878764},"slope":null,"std_dev":{"confidence_interval":{"confidence_level":0.99,"lower_bound":2081812.490172405,"upper_bound":3559530.774063005},"point_estimate":2970442.0452190326,"standard_error":281535.4890293235}}