{"mean":{"confidence_interval":{"confidence_level":0.99,"lower_bound":94917640.92895,"upper_bound":95486350.65515001},"point_estimate":95179044.95,"standard_error":110735.33371516931},"median":{"confidence_interval":{"confidence_level":0.99,"lower_bound":94738123.0,"upper_bound":95207298.24000001},"point_estimate":94912281.5,"standard_error":81402.46770442463},"median_abs_dev":{"confidence_interval":{"confidence_level":0.99,"lower_bound":503231.496065855,"upper_bound":982548.6545562744},"point_estimate":719419.7764277458,"standard_error":87234.41255345017},"slope":null,"std_dev":{"confidence_interval":{"confidence_level":0.99,"lower_bound":722170.1040843779,"upper_bound":1573892.1924261982},"point_estimate":1116966.2678025125,"standard_error":178197.31054472865}}