{"mean":{"confidence_interval":{"confidence_level":0.99,"lower_bound":1316289846.7247002,"upper_bound":1316757388.45},"point_estimate":1316516111.14,"standard_error":90528.44313150801},"median":{"confidence_interval":{"confidence_level":0.99,"lower_bound":1316253985.0,"upper_bound":1316714178.0},"point_estimate":1316503492.5,"standard_error":82982.65495763188},"median_abs_dev":{"confidence_interval":{"confidence_level":0.99,"lower_bound":562433.1956148148,"upper_bound":1121573.5366880894},"point_estimate":831215.2274429798,"standard_error":102897.78493447421},"slope":null,"std_dev":{"confidence_interval":{"confidence_level":0.99,"lower_bound":693549.4125299122,"upper_bound":1139646.0091776461},"point_estimate":905110.6819526708,"standard_error":90333.26466433505}}