{"mean":{"confidence_interval":{"confidence_level":0.99,"lower_bound":26631256.096800003,"upper_bound":26685841.65945},"point_estimate":26653046.51,"standard_error":10630.60275981483},"median":{"confidence_interval":{"confidence_level":0.99,"lower_bound":26619507.0,"upper_bound":26639617.0},"point_estimate":26626942.0,"standard_error":3964.2256019649362},"median_abs_dev":{"confidence_interval":{"confidence_level":0.99,"lower_bound":20563.661634922028,"upper_bound":39806.32669329643},"point_estimate":29851.409170031548,"standard_error":3323.337990728326},"slope":null,"std_dev":{"confidence_interval":{"confidence_level":0.99,"lower_bound":41675.2385397249,"upper_bound":183936.69232567074},"point_estimate":107409.93565167456,"standard_error":33856.874602081574}}