{"mean":{"confidence_interval":{"confidence_level":0.99,"lower_bound":26813021.19,"upper_bound":26967605.232300002},"point_estimate":26888415.69,"standard_error":30074.3658113353},"median":{"confidence_interval":{"confidence_level":0.99,"lower_bound":26751052.0,"upper_bound":26972579.0},"point_estimate":26832562.5,"standard_error":44480.40868524908},"median_abs_dev":{"confidence_interval":{"confidence_level":0.99,"lower_bound":246380.68752586842,"upper_bound":451098.8331913948},"point_estimate":349443.6246961355,"standard_error":38417.585249118536},"slope":null,"std_dev":{"confidence_interval":{"confidence_level":0.99,"lower_bound":253735.13743900642,"upper_bound":347996.8950171616},"point_estimate":303057.01264725864,"standard_error":18508.816976139784}}