{"mean":{"confidence_interval":{"confidence_level":0.99,"lower_bound":68546900.49,"upper_bound":69023047.56875},"point_estimate":68754060.24,"standard_error":93410.25348172644},"median":{"confidence_interval":{"confidence_level":0.99,"lower_bound":68432201.0,"upper_bound":68523082.0},"point_estimate":68481831.5,"standard_error":22174.182911561817},"median_abs_dev":{"confidence_interval":{"confidence_level":0.99,"lower_bound":111676.8430173397,"upper_bound":340963.152846694},"point_estimate":215037.04148232937,"standard_error":44011.89443069514},"slope":null,"std_dev":{"confidence_interval":{"confidence_level":0.99,"lower_bound":382362.16653993505,"upper_bound":1366039.3710586186},"point_estimate":941894.9270931553,"standard_error":188179.56828997732}}