{"mean":{"confidence_interval":{"confidence_level":0.99,"lower_bound":26612073.29325,"upper_bound":26692530.324100003},"point_estimate":26645604.41,"standard_error":15871.766710417574},"median":{"confidence_interval":{"confidence_level":0.99,"lower_bound":26599176.0,"upper_bound":26617890.5},"point_estimate":26609595.5,"standard_error":3815.744038774421},"median_abs_dev":{"confidence_interval":{"confidence_level":0.99,"lower_bound":25078.91985476017,"upper_bound":54154.187938570976},"point_estimate":37390.43003618717,"standard_error":5710.56380031166},"slope":null,"std_dev":{"confidence_interval":{"confidence_level":0.99,"lower_bound":53057.51407115603,"upper_bound":250839.69098026966},"point_estimate":158916.78968707606,"standard_error":40044.9211342048}}