{"mean":{"confidence_interval":{"confidence_level":0.99,"lower_bound":29448197.5237,"upper_bound":29933894.771250002},"point_estimate":29615286.62,"standard_error":98145.5140217953},"median":{"confidence_interval":{"confidence_level":0.99,"lower_bound":29377473.5,"upper_bound":29425519.0},"point_estimate":29399303.5,"standard_error":8920.606066663904},"median_abs_dev":{"confidence_interval":{"confidence_level":0.99,"lower_bound":37658.769511923194,"upper_bound":80889.18678992988},"point_estimate":62484.91719067097,"standard_error":7967.64939553886},"slope":null,"std_dev":{"confidence_interval":{"confidence_level":0.99,"lower_bound":245279.2775005432,"upper_bound":1847905.4384204475},"point_estimate":988773.7036375651,"standard_error":440194.85225472826}}