{"mean":{"confidence_interval":{"confidence_level":0.99,"lower_bound":26599593.2018,"upper_bound":26632305.6001},"point_estimate":26614251.37,"standard_error":6371.580729515103},"median":{"confidence_interval":{"confidence_level":0.99,"lower_bound":26593521.0,"upper_bound":26615725.0},"point_estimate":26601416.0,"standard_error":4433.817892720331},"median_abs_dev":{"confidence_interval":{"confidence_level":0.99,"lower_bound":24596.329856827855,"upper_bound":45271.96856126193},"point_estimate":34856.66668117046,"standard_error":3905.775004340416},"slope":null,"std_dev":{"confidence_interval":{"confidence_level":0.99,"lower_bound":34371.09727520716,"upper_bound":91505.14367481589},"point_estimate":63997.20184502624,"standard_error":11499.515860843572}}