{"mean":{"confidence_interval":{"confidence_level":0.99,"lower_bound":90035585.1,"upper_bound":90700791.4297},"point_estimate":90340923.43,"standard_error":129744.76016207131},"median":{"confidence_interval":{"confidence_level":0.99,"lower_bound":89702161.0,"upper_bound":90324935.0},"point_estimate":89957176.0,"standard_error":102302.83813444829},"median_abs_dev":{"confidence_interval":{"confidence_level":0.99,"lower_bound":583480.184841156,"upper_bound":1199221.7228705606},"point_estimate":780532.5473427773,"standard_error":107483.64047196321},"slope":null,"std_dev":{"confidence_interval":{"confidence_level":0.99,"lower_bound":825697.1525115003,"upper_bound":1739588.4606816247},"point_estimate":1305421.660831273,"standard_error":181199.42078115142}}