{"mean":{"confidence_interval":{"confidence_level":0.99,"lower_bound":95749965.28840001,"upper_bound":97819878.6552},"point_estimate":96623101.98,"standard_error":406981.86234981427},"median":{"confidence_interval":{"confidence_level":0.99,"lower_bound":95349764.0,"upper_bound":96061325.5},"point_estimate":95735123.5,"standard_error":163835.39085286294},"median_abs_dev":{"confidence_interval":{"confidence_level":0.99,"lower_bound":869862.1609568596,"upper_bound":1896222.3860353231},"point_estimate":1450374.921950698,"standard_error":200937.08439875118},"slope":null,"std_dev":{"confidence_interval":{"confidence_level":0.99,"lower_bound":1441549.8362884813,"upper_bound":6238245.78112818},"point_estimate":4096378.4767565983,"standard_error":983625.4226176557}}