{"mean":{"confidence_interval":{"confidence_level":0.99,"lower_bound":2364217535.04,"upper_bound":2364854635.82525},"point_estimate":2364514156.61,"standard_error":124082.34392379383},"median":{"confidence_interval":{"confidence_level":0.99,"lower_bound":2363837546.5,"upper_bound":2364349368.0},"point_estimate":2364069697.5,"standard_error":101201.93505740575},"median_abs_dev":{"confidence_interval":{"confidence_level":0.99,"lower_bound":376827.24620997906,"upper_bound":960226.6293525696},"point_estimate":644729.3549537659,"standard_error":121697.63406029005},"slope":null,"std_dev":{"confidence_interval":{"confidence_level":0.99,"lower_bound":820860.6705964147,"upper_bound":1622368.1620247397},"point_estimate":1240120.7036653622,"standard_error":157511.3235982879}}