{"mean":{"confidence_interval":{"confidence_level":0.99,"lower_bound":44931272.14395,"upper_bound":45155790.9229},"point_estimate":45044692.79,"standard_error":42997.38441916085},"median":{"confidence_interval":{"confidence_level":0.99,"lower_bound":44975772.0,"upper_bound":45169499.0},"point_estimate":45045947.5,"standard_error":41743.01317369716},"median_abs_dev":{"confidence_interval":{"confidence_level":0.99,"lower_bound":210390.57316482067,"upper_bound":559270.8098709583},"point_estimate":396339.0031635761,"standard_error":67745.15279207117},"slope":null,"std_dev":{"confidence_interval":{"confidence_level":0.99,"lower_bound":340400.8578306245,"upper_bound":520993.59642399824},"point_estimate":433528.1594724867,"standard_error":34772.8425797097}}