{"mean":{"confidence_interval":{"confidence_level":0.99,"lower_bound":125188671.42244999,"upper_bound":125726295.23580001},"point_estimate":125439647.68,"standard_error":105080.48944169503},"median":{"confidence_interval":{"confidence_level":0.99,"lower_bound":124985416.5,"upper_bound":125271190.5},"point_estimate":125086389.0,"standard_error":52897.007261575665},"median_abs_dev":{"confidence_interval":{"confidence_level":0.99,"lower_bound":294181.93457722664,"upper_bound":703082.1399967974},"point_estimate":444770.35520374775,"standard_error":82177.98224090459},"slope":null,"std_dev":{"confidence_interval":{"confidence_level":0.99,"lower_bound":736258.237137056,"upper_bound":1329539.5684134956},"point_estimate":1057553.5612533744,"standard_error":115178.25875879548}}