{"mean":{"confidence_interval":{"confidence_level":0.99,"lower_bound":26614232.437200002,"upper_bound":26693603.6058},"point_estimate":26642099.48,"standard_error":15983.89795410065},"median":{"confidence_interval":{"confidence_level":0.99,"lower_bound":26600670.5,"upper_bound":26627436.0},"point_estimate":26610465.5,"standard_error":4261.674917062347},"median_abs_dev":{"confidence_interval":{"confidence_level":0.99,"lower_bound":27947.75080382824,"upper_bound":55263.9140188694},"point_estimate":39199.20200407505,"standard_error":5074.941198147429},"slope":null,"std_dev":{"confidence_interval":{"confidence_level":0.99,"lower_bound":43363.08859028488,"upper_bound":298699.4335260107},"point_estimate":160549.54346216217,"standard_error":69165.08877535927}}