{"mean":{"confidence_interval":{"confidence_level":0.99,"lower_bound":29629503.47675,"upper_bound":30239412.869799998},"point_estimate":29843489.7,"standard_error":127129.67631371663},"median":{"confidence_interval":{"confidence_level":0.99,"lower_bound":29590581.0,"upper_bound":29636026.0},"point_estimate":29616191.0,"standard_error":10270.480767945624},"median_abs_dev":{"confidence_interval":{"confidence_level":0.99,"lower_bound":44590.60267835856,"upper_bound":89802.5630056858},"point_estimate":57584.18297767639,"standard_error":8981.6689136864},"slope":null,"std_dev":{"confidence_interval":{"confidence_level":0.99,"lower_bound":133682.80245873204,"upper_bound":2177791.5147344572},"point_estimate":1283235.3260140854,"standard_error":494822.17045296193}}