{"mean":{"confidence_interval":{"confidence_level":0.99,"lower_bound":122460419.60805,"upper_bound":123072791.43305},"point_estimate":122754375.76,"standard_error":119677.34062536964},"median":{"confidence_interval":{"confidence_level":0.99,"lower_bound":122203614.5,"upper_bound":122708736.0},"point_estimate":122477468.5,"standard_error":110736.0118088891},"median_abs_dev":{"confidence_interval":{"confidence_level":0.99,"lower_bound":489153.46801579,"upper_bound":1051757.863156072},"point_estimate":695710.0376486778,"standard_error":99260.1389162988},"slope":null,"std_dev":{"confidence_interval":{"confidence_level":0.99,"lower_bound":909972.2013809414,"upper_bound":1441813.0378513054},"point_estimate":1202710.2797407457,"standard_error":103724.80085502876}}