{"mean":{"confidence_interval":{"confidence_level":0.99,"lower_bound":144989641.09814999,"upper_bound":145156272.59125},"point_estimate":145073518.15,"standard_error":31903.960684734066},"median":{"confidence_interval":{"confidence_level":0.99,"lower_bound":144920976.0,"upper_bound":145219648.0},"point_estimate":145065092.0,"standard_error":59102.713542935555},"median_abs_dev":{"confidence_interval":{"confidence_level":0.99,"lower_bound":254756.6360771656,"upper_bound":446510.1862728596},"point_estimate":342943.16511154175,"standard_error":37629.07516090976},"slope":null,"std_dev":{"confidence_interval":{"confidence_level":0.99,"lower_bound":270203.7601289294,"upper_bound":373245.47182873444},"point_estimate":322873.6392382585,"standard_error":20200.47015069136}}