{"mean":{"confidence_interval":{"confidence_level":0.99,"lower_bound":26250526.28,"upper_bound":26292397.37355},"point_estimate":26268138.19,"standard_error":8208.011802808463},"median":{"confidence_interval":{"confidence_level":0.99,"lower_bound":26239492.0,"upper_bound":26262403.0},"point_estimate":26254707.5,"standard_error":4882.368014346939},"median_abs_dev":{"confidence_interval":{"confidence_level":0.99,"lower_bound":22535.51959991455,"upper_bound":41542.45126247406},"point_estimate":32061.224430799484,"standard_error":3600.274504765205},"slope":null,"std_dev":{"confidence_interval":{"confidence_level":0.99,"lower_bound":29085.511391720927,"upper_bound":131265.87423870864},"point_estimate":82543.03072890548,"standard_error":21465.48071328106}}