{"mean":{"confidence_interval":{"confidence_level":0.99,"lower_bound":26645664.6491,"upper_bound":26842329.99015},"point_estimate":26712293.16,"standard_error":41410.393169132694},"median":{"confidence_interval":{"confidence_level":0.99,"lower_bound":26635293.5,"upper_bound":26654719.0},"point_estimate":26647163.0,"standard_error":3892.9504748610484},"median_abs_dev":{"confidence_interval":{"confidence_level":0.99,"lower_bound":23617.81758069992,"upper_bound":45286.757495999336},"point_estimate":33454.12710607052,"standard_error":4191.390720924818},"slope":null,"std_dev":{"confidence_interval":{"confidence_level":0.99,"lower_bound":39423.26652258904,"upper_bound":745725.7547182369},"point_estimate":415151.4646159667,"standard_error":171966.74657671605}}