{"mean":{"confidence_interval":{"confidence_level":0.99,"lower_bound":29208270.01,"upper_bound":29330204.49},"point_estimate":29262185.68,"standard_error":23812.155289818344},"median":{"confidence_interval":{"confidence_level":0.99,"lower_bound":29177299.0,"upper_bound":29211119.0},"point_estimate":29200429.0,"standard_error":7031.447753262495},"median_abs_dev":{"confidence_interval":{"confidence_level":0.99,"lower_bound":42804.099362075336,"upper_bound":86377.75706648827},"point_estimate":63293.67547631264,"standard_error":8677.485545034413},"slope":null,"std_dev":{"confidence_interval":{"confidence_level":0.99,"lower_bound":121598.35719653081,"upper_bound":333397.78918803006},"point_estimate":238814.1267568651,"standard_error":41500.6600058493}}