{"mean":{"confidence_interval":{"confidence_level":0.99,"lower_bound":109181936.62034999,"upper_bound":109855533.10865},"point_estimate":109521729.87,"standard_error":130693.75911658363},"median":{"confidence_interval":{"confidence_level":0.99,"lower_bound":109213633.0,"upper_bound":109711246.0},"point_estimate":109495445.0,"standard_error":90725.26578255647},"median_abs_dev":{"confidence_interval":{"confidence_level":0.99,"lower_bound":728723.8325625658,"upper_bound":1587170.715022087},"point_estimate":1303312.1240615845,"standard_error":171044.57308157507},"slope":null,"std_dev":{"confidence_interval":{"confidence_level":0.99,"lower_bound":989530.2747970582,"upper_bound":1619582.7276764696},"point_estimate":1309044.7440172564,"standard_error":123907.74481999481}}