{"mean":{"confidence_interval":{"confidence_level":0.99,"lower_bound":106253403.72235,"upper_bound":108311519.71980001},"point_estimate":107027499.28,"standard_error":412115.1518877479},"median":{"confidence_interval":{"confidence_level":0.99,"lower_bound":105832930.5,"upper_bound":106435180.0},"point_estimate":106083052.5,"standard_error":127853.10461171775},"median_abs_dev":{"confidence_interval":{"confidence_level":0.99,"lower_bound":467574.96669888496,"upper_bound":1171280.4473221158},"point_estimate":738169.4769948721,"standard_error":140022.81077982995},"slope":null,"std_dev":{"confidence_interval":{"confidence_level":0.99,"lower_bound":1000186.676167121,"upper_bound":6990468.340946605},"point_estimate":4132698.5226906613,"standard_error":1400275.1271474755}}