{"mean":{"confidence_interval":{"confidence_level":0.99,"lower_bound":199211106.44805,"upper_bound":199840832.3043},"point_estimate":199508591.55,"standard_error":122246.87422228501},"median":{"confidence_interval":{"confidence_level":0.99,"lower_bound":199029532.0,"upper_bound":199772044.0},"point_estimate":199246956.5,"standard_error":171797.60418423088},"median_abs_dev":{"confidence_interval":{"confidence_level":0.99,"lower_bound":772415.7906253786,"upper_bound":1321745.2895343304},"point_estimate":1064635.7672989368,"standard_error":112358.43299343153},"slope":null,"std_dev":{"confidence_interval":{"confidence_level":0.99,"lower_bound":863578.1096488573,"upper_bound":1624313.6030222734},"point_estimate":1230960.3049989133,"standard_error":152450.42337770815}}