{"mean":{"confidence_interval":{"confidence_level":0.99,"lower_bound":26287549.286999997,"upper_bound":26320429.61495},"point_estimate":26302373.72,"standard_error":6373.82454865311},"median":{"confidence_interval":{"confidence_level":0.99,"lower_bound":26280473.0,"upper_bound":26295958.0},"point_estimate":26288763.5,"standard_error":3621.3502449584284},"median_abs_dev":{"confidence_interval":{"confidence_level":0.99,"lower_bound":18991.99446782471,"upper_bound":40140.652987360954},"point_estimate":31089.38014805317,"standard_error":4178.325691655469},"slope":null,"std_dev":{"confidence_interval":{"confidence_level":0.99,"lower_bound":35994.98026749583,"upper_bound":91069.31062144187},"point_estimate":64098.06210264664,"standard_error":11030.78477365877}}