{"mean":{"confidence_interval":{"confidence_level":0.99,"lower_bound":26241510.14,"upper_bound":26499665.8598},"point_estimate":26348666.99,"standard_error":50936.11742283249},"median":{"confidence_interval":{"confidence_level":0.99,"lower_bound":26171946.0,"upper_bound":26249626.0},"point_estimate":26208851.0,"standard_error":16468.31222072313},"median_abs_dev":{"confidence_interval":{"confidence_level":0.99,"lower_bound":73989.15168642998,"upper_bound":150100.0892601909},"point_estimate":103367.61146485806,"standard_error":15212.232910707588},"slope":null,"std_dev":{"confidence_interval":{"confidence_level":0.99,"lower_bound":162071.85784758689,"upper_bound":821439.2308855851},"point_estimate":511556.9785712431,"standard_error":134215.98572666114}}