{"mean":{"confidence_interval":{"confidence_level":0.99,"lower_bound":26280475.75395,"upper_bound":26330810.2418},"point_estimate":26301929.83,"standard_error":9791.934545252567},"median":{"confidence_interval":{"confidence_level":0.99,"lower_bound":26266931.0,"upper_bound":26286191.0},"point_estimate":26275795.5,"standard_error":3517.5847345513216},"median_abs_dev":{"confidence_interval":{"confidence_level":0.99,"lower_bound":22031.43560886383,"upper_bound":46137.769880890846},"point_estimate":32610.5277210474,"standard_error":4916.68175766726},"slope":null,"std_dev":{"confidence_interval":{"confidence_level":0.99,"lower_bound":45627.695864420355,"upper_bound":151236.7198850568},"point_estimate":98573.61712923243,"standard_error":22103.390656041884}}