{"mean":{"confidence_interval":{"confidence_level":0.99,"lower_bound":27083981.90725,"upper_bound":27157068.8919},"point_estimate":27115925.49,"standard_error":14341.926639877278},"median":{"confidence_interval":{"confidence_level":0.99,"lower_bound":27068656.0,"upper_bound":27087941.0},"point_estimate":27079356.0,"standard_error":4024.4592844065546},"median_abs_dev":{"confidence_interval":{"confidence_level":0.99,"lower_bound":24640.811562538147,"upper_bound":52351.34637057781},"point_estimate":39422.33330011368,"standard_error":5188.2875617757445},"slope":null,"std_dev":{"confidence_interval":{"confidence_level":0.99,"lower_bound":60715.70273835495,"upper_bound":202667.76034586015},"point_estimate":143794.62480994282,"standard_error":26746.967387589633}}