{"mean":{"confidence_interval":{"confidence_level":0.99,"lower_bound":388641210.80575,"upper_bound":388681478.654},"point_estimate":388662264.34,"standard_error":7777.487793176585},"median":{"confidence_interval":{"confidence_level":0.99,"lower_bound":388644132.0,"upper_bound":388681578.0},"point_estimate":388660790.5,"standard_error":7354.146672830569},"median_abs_dev":{"confidence_interval":{"confidence_level":0.99,"lower_bound":38984.958894878626,"upper_bound":76887.63463497162},"point_estimate":56111.21990382671,"standard_error":7440.877528654787},"slope":null,"std_dev":{"confidence_interval":{"confidence_level":0.99,"lower_bound":50458.05994970801,"upper_bound":107670.49699386257},"point_estimate":78151.85064899633,"standard_error":11760.062280737917}}