{"mean":{"confidence_interval":{"confidence_level":0.99,"lower_bound":134693193.8353,"upper_bound":146242055.35225},"point_estimate":140008794.0,"standard_error":2254263.5584229105},"median":{"confidence_interval":{"confidence_level":0.99,"lower_bound":129626475.0,"upper_bound":130235453.5},"point_estimate":129698415.0,"standard_error":75963.31848333868},"median_abs_dev":{"confidence_interval":{"confidence_level":0.99,"lower_bound":132770.53414285183,"upper_bound":1016431.4976837339},"point_estimate":247322.87980914116,"standard_error":119152.08146041364},"slope":null,"std_dev":{"confidence_interval":{"confidence_level":0.99,"lower_bound":16238466.861263525,"upper_bound":27420929.82040817},"point_estimate":22671687.750774335,"standard_error":2231321.256219468}}