{"mean":{"confidence_interval":{"confidence_level":0.99,"lower_bound":114096155.5162,"upper_bound":118099779.50655},"point_estimate":115889334.48,"standard_error":785144.5023902428},"median":{"confidence_interval":{"confidence_level":0.99,"lower_bound":113026870.0,"upper_bound":113541061.0},"point_estimate":113274704.0,"standard_error":93610.97657235629},"median_abs_dev":{"confidence_interval":{"confidence_level":0.99,"lower_bound":565408.7737619877,"upper_bound":1248305.4411381483},"point_estimate":797203.6427468061,"standard_error":122254.14752516763},"slope":null,"std_dev":{"confidence_interval":{"confidence_level":0.99,"lower_bound":4715101.902260094,"upper_bound":10318801.977457678},"point_estimate":7917355.979396575,"standard_error":1125923.0500306787}}