{"mean":{"confidence_interval":{"confidence_level":0.99,"lower_bound":26161850.2471,"upper_bound":26191625.00565},"point_estimate":26176052.51,"standard_error":5801.757796712176},"median":{"confidence_interval":{"confidence_level":0.99,"lower_bound":26151678.0,"upper_bound":26173178.0},"point_estimate":26163557.5,"standard_error":3940.348781498621},"median_abs_dev":{"confidence_interval":{"confidence_level":0.99,"lower_bound":25158.980253338814,"upper_bound":52810.98201441768},"point_estimate":36850.763645768166,"standard_error":5268.267575151642},"slope":null,"std_dev":{"confidence_interval":{"confidence_level":0.99,"lower_bound":42654.95876581686,"upper_bound":71998.69939312374},"point_estimate":58064.4368208556,"standard_error":5738.023947642473}}