{"mean":{"confidence_interval":{"confidence_level":0.99,"lower_bound":72521810.48995,"upper_bound":75843805.70695001},"point_estimate":73991807.32,"standard_error":649788.1532154919},"median":{"confidence_interval":{"confidence_level":0.99,"lower_bound":72255523.0,"upper_bound":73979997.0},"point_estimate":73379881.5,"standard_error":291746.800783891},"median_abs_dev":{"confidence_interval":{"confidence_level":0.99,"lower_bound":1369095.8261936903,"upper_bound":3411482.5545340776},"point_estimate":2377532.1588903666,"standard_error":390633.8258003119},"slope":null,"std_dev":{"confidence_interval":{"confidence_level":0.99,"lower_bound":2936504.911121867,"upper_bound":9406747.742774457},"point_estimate":6527933.010060372,"standard_error":1252759.4762349168}}