{"mean":{"confidence_interval":{"confidence_level":0.99,"lower_bound":125917228.34955001,"upper_bound":126004328.6825},"point_estimate":125954422.12,"standard_error":17002.633097408016},"median":{"confidence_interval":{"confidence_level":0.99,"lower_bound":125923871.0,"upper_bound":125946092.0},"point_estimate":125936742.0,"standard_error":5150.715624788557},"median_abs_dev":{"confidence_interval":{"confidence_level":0.99,"lower_bound":26612.66952753067,"upper_bound":51641.329243183274},"point_estimate":39586.16059720516,"standard_error":5234.27631427217},"slope":null,"std_dev":{"confidence_interval":{"confidence_level":0.99,"lower_bound":67666.063773244,"upper_bound":280383.1206661797},"point_estimate":171169.170404649,"standard_error":46468.08090645659}}