{"mean":{"confidence_interval":{"confidence_level":0.99,"lower_bound":26567427.66805,"upper_bound":27541966.721},"point_estimate":26906176.59,"standard_error":205574.42273005357},"median":{"confidence_interval":{"confidence_level":0.99,"lower_bound":26540639.0,"upper_bound":26568299.0},"point_estimate":26556785.0,"standard_error":6082.567056112398},"median_abs_dev":{"confidence_interval":{"confidence_level":0.99,"lower_bound":31296.94414436817,"upper_bound":64901.55514776707},"point_estimate":45339.389795064926,"standard_error":7035.275932144996},"slope":null,"std_dev":{"confidence_interval":{"confidence_level":0.99,"lower_bound":104650.36314717877,"upper_bound":3563278.5172175635},"point_estimate":2054147.625254079,"standard_error":802919.0778633939}}