{"mean":{"confidence_interval":{"confidence_level":0.99,"lower_bound":88493944.5315,"upper_bound":92678140.85255},"point_estimate":90374377.82,"standard_error":819146.0690613914},"median":{"confidence_interval":{"confidence_level":0.99,"lower_bound":87389510.5,"upper_bound":87718772.0},"point_estimate":87560626.5,"standard_error":63797.53580313951},"median_abs_dev":{"confidence_interval":{"confidence_level":0.99,"lower_bound":337381.93261027336,"upper_bound":840487.7004918614},"point_estimate":555106.1865448952,"standard_error":96194.51583563659},"slope":null,"std_dev":{"confidence_interval":{"confidence_level":0.99,"lower_bound":4421245.55960499,"upper_bound":10773634.010962727},"point_estimate":8221524.328336492,"standard_error":1184396.9145489384}}