{"mean":{"confidence_interval":{"confidence_level":0.99,"lower_bound":26130018.76875,"upper_bound":26159961.334749997},"point_estimate":26144279.08,"standard_error":5789.147131547257},"median":{"confidence_interval":{"confidence_level":0.99,"lower_bound":26116312.0,"upper_bound":26143332.5},"point_estimate":26131802.0,"standard_error":5998.410457504225},"median_abs_dev":{"confidence_interval":{"confidence_level":0.99,"lower_bound":27576.32615192235,"upper_bound":65657.68484084308},"point_estimate":43589.92182612419,"standard_error":7116.846227489097},"slope":null,"std_dev":{"confidence_interval":{"confidence_level":0.99,"lower_bound":43690.97990877745,"upper_bound":74185.5654774999},"point_estimate":58299.284641847116,"standard_error":5981.840258315319}}