{"mean":{"confidence_interval":{"confidence_level":0.99,"lower_bound":26442792.36735,"upper_bound":26473090.35},"point_estimate":26457189.49,"standard_error":5861.525730934631},"median":{"confidence_interval":{"confidence_level":0.99,"lower_bound":26431707.0,"upper_bound":26455882.0},"point_estimate":26442097.5,"standard_error":5583.8337543341495},"median_abs_dev":{"confidence_interval":{"confidence_level":0.99,"lower_bound":28835.086888074875,"upper_bound":60246.93253040314},"point_estimate":44270.43521404266,"standard_error":6059.848062168037},"slope":null,"std_dev":{"confidence_interval":{"confidence_level":0.99,"lower_bound":44490.694484216816,"upper_bound":71992.20105440152},"point_estimate":59010.80535492007,"standard_error":5337.8774567014725}}