{"mean":{"confidence_interval":{"confidence_level":0.99,"lower_bound":26148359.42,"upper_bound":26269936.85},"point_estimate":26201787.46,"standard_error":23843.961516889285},"median":{"confidence_interval":{"confidence_level":0.99,"lower_bound":26110419.0,"upper_bound":26132979.0},"point_estimate":26118979.5,"standard_error":5186.878314026795},"median_abs_dev":{"confidence_interval":{"confidence_level":0.99,"lower_bound":24032.204273343086,"upper_bound":57000.03858804703},"point_estimate":33714.32340145111,"standard_error":6185.324943848026},"slope":null,"std_dev":{"confidence_interval":{"confidence_level":0.99,"lower_bound":124107.29827112735,"upper_bound":332302.32060761336},"point_estimate":239336.77852325008,"standard_error":40680.52703761611}}