{"mean":{"confidence_interval":{"confidence_level":0.99,"lower_bound":133449571.5008,"upper_bound":141801027.92520002},"point_estimate":137135740.02,"standard_error":1636389.6539964352},"median":{"confidence_interval":{"confidence_level":0.99,"lower_bound":131097214.0,"upper_bound":131886146.5},"point_estimate":131183090.5,"standard_error":246871.71318095105},"median_abs_dev":{"confidence_interval":{"confidence_level":0.99,"lower_bound":192614.6368474067,"upper_bound":1352378.0288904905},"point_estimate":373350.54927170277,"standard_error":331393.93331116205},"slope":null,"std_dev":{"confidence_interval":{"confidence_level":0.99,"lower_bound":7443799.358387681,"upper_bound":22157287.784268625},"point_estimate":16447934.370770352,"standard_error":2728784.4744584835}}