{"mean":{"confidence_interval":{"confidence_level":0.99,"lower_bound":31135216.37,"upper_bound":32086406.987150006},"point_estimate":31564488.63,"standard_error":184955.21089951563},"median":{"confidence_interval":{"confidence_level":0.99,"lower_bound":30889217.0,"upper_bound":30944327.5},"point_estimate":30921442.5,"standard_error":11701.796208937658},"median_abs_dev":{"confidence_interval":{"confidence_level":0.99,"lower_bound":59415.93524515629,"upper_bound":137883.28015208244},"point_estimate":95057.63861238956,"standard_error":17026.21577008156},"slope":null,"std_dev":{"confidence_interval":{"confidence_level":0.99,"lower_bound":1078696.320192875,"upper_bound":2412962.843326853},"point_estimate":1861387.9642821583,"standard_error":256204.30355368668}}