{"mean":{"confidence_interval":{"confidence_level":0.99,"lower_bound":94443190.49075,"upper_bound":96561317.40535},"point_estimate":95351670.88,"standard_error":412393.6135626535},"median":{"confidence_interval":{"confidence_level":0.99,"lower_bound":94260141.0,"upper_bound":95252767.0},"point_estimate":94864190.0,"standard_error":201678.4721010906},"median_abs_dev":{"confidence_interval":{"confidence_level":0.99,"lower_bound":1139156.4310759306,"upper_bound":2308632.5431105797},"point_estimate":1671360.8958274126,"standard_error":215331.12883646027},"slope":null,"std_dev":{"confidence_interval":{"confidence_level":0.99,"lower_bound":1733906.882955798,"upper_bound":6224864.756698782},"point_estimate":4138580.915545837,"standard_error":925380.4396444998}}