{"mean":{"confidence_interval":{"confidence_level":0.99,"lower_bound":105494921.69884999,"upper_bound":106710714.52345},"point_estimate":106018016.19,"standard_error":237579.17882160554},"median":{"confidence_interval":{"confidence_level":0.99,"lower_bound":105095593.0,"upper_bound":105283995.0},"point_estimate":105177641.0,"standard_error":31220.63418491016},"median_abs_dev":{"confidence_interval":{"confidence_level":0.99,"lower_bound":205102.88035869598,"upper_bound":477172.5776284933},"point_estimate":306044.216966629,"standard_error":54540.49037168823},"slope":null,"std_dev":{"confidence_interval":{"confidence_level":0.99,"lower_bound":1104375.323151559,"upper_bound":3603632.821185001},"point_estimate":2384318.4051039424,"standard_error":536691.1153959249}}