{"mean":{"confidence_interval":{"confidence_level":0.99,"lower_bound":58514368.0659,"upper_bound":59886776.18},"point_estimate":59166926.21,"standard_error":273267.04797882505},"median":{"confidence_interval":{"confidence_level":0.99,"lower_bound":57807295.0,"upper_bound":57963745.5},"point_estimate":57879655.5,"standard_error":29904.512991238047},"median_abs_dev":{"confidence_interval":{"confidence_level":0.99,"lower_bound":139898.87481629848,"upper_bound":334329.44458946603},"point_estimate":213600.40210783482,"standard_error":42851.12264596514},"slope":null,"std_dev":{"confidence_interval":{"confidence_level":0.99,"lower_bound":2052054.950147888,"upper_bound":3246585.846163984},"point_estimate":2770884.0304687223,"standard_error":234235.73024407076}}