{"mean":{"confidence_interval":{"confidence_level":0.99,"lower_bound":145524676.87,"upper_bound":153896795.9127},"point_estimate":149331718.83,"standard_error":1646843.212677762},"median":{"confidence_interval":{"confidence_level":0.99,"lower_bound":142922022.0,"upper_bound":144035040.0},"point_estimate":143758873.0,"standard_error":302893.78592411784},"median_abs_dev":{"confidence_interval":{"confidence_level":0.99,"lower_bound":1109743.130198121,"upper_bound":2742564.5810097456},"point_estimate":1950048.1780797243,"standard_error":387899.8609935122},"slope":null,"std_dev":{"confidence_interval":{"confidence_level":0.99,"lower_bound":9936809.277790735,"upper_bound":21431882.123534776},"point_estimate":16488717.57141797,"standard_error":2310224.8920627823}}