{"mean":{"confidence_interval":{"confidence_level":0.99,"lower_bound":26809540.79555,"upper_bound":27136856.73245},"point_estimate":26904655.11,"standard_error":73213.82823911333},"median":{"confidence_interval":{"confidence_level":0.99,"lower_bound":26786332.0,"upper_bound":26811558.0},"point_estimate":26792442.0,"standard_error":4998.784176373929},"median_abs_dev":{"confidence_interval":{"confidence_level":0.99,"lower_bound":21105.55192530155,"upper_bound":49712.3554824293},"point_estimate":33395.564407110214,"standard_error":5049.6380681313185},"slope":null,"std_dev":{"confidence_interval":{"confidence_level":0.99,"lower_bound":70384.96383986258,"upper_bound":1435634.8912536968},"point_estimate":734525.3780132397,"standard_error":409981.2708954353}}