{"mean":{"confidence_interval":{"confidence_level":0.99,"lower_bound":27122591.19,"upper_bound":27165163.5},"point_estimate":27140447.91,"standard_error":8252.946030725492},"median":{"confidence_interval":{"confidence_level":0.99,"lower_bound":27113777.0,"upper_bound":27146758.0},"point_estimate":27130283.0,"standard_error":6787.305906304037},"median_abs_dev":{"confidence_interval":{"confidence_level":0.99,"lower_bound":33684.67140197754,"upper_bound":67206.25680685043},"point_estimate":48073.304146528244,"standard_error":6491.520237465656},"slope":null,"std_dev":{"confidence_interval":{"confidence_level":0.99,"lower_bound":42927.3215470337,"upper_bound":140460.91473676058},"point_estimate":83234.3465589346,"standard_error":25059.13114546512}}