{"mean":{"confidence_interval":{"confidence_level":0.99,"lower_bound":175601887.98,"upper_bound":184134147.09},"point_estimate":179202547.87,"standard_error":1667122.8902152702},"median":{"confidence_interval":{"confidence_level":0.99,"lower_bound":172422966.0,"upper_bound":176324865.0},"point_estimate":176057747.5,"standard_error":1073716.8234277018},"median_abs_dev":{"confidence_interval":{"confidence_level":0.99,"lower_bound":586736.715683341,"upper_bound":5951563.2680386305},"point_estimate":5419934.052076936,"standard_error":1350838.6416113211},"slope":null,"std_dev":{"confidence_interval":{"confidence_level":0.99,"lower_bound":5855930.200037706,"upper_bound":25132785.29074309},"point_estimate":17087501.372181118,"standard_error":3571806.777360559}}