{"mean":{"confidence_interval":{"confidence_level":0.99,"lower_bound":121664684.59285,"upper_bound":122458239.5355},"point_estimate":121970582.5,"standard_error":158477.1386129432},"median":{"confidence_interval":{"confidence_level":0.99,"lower_bound":121618479.0,"upper_bound":121664750.0},"point_estimate":121646059.5,"standard_error":9305.300692338487},"median_abs_dev":{"confidence_interval":{"confidence_level":0.99,"lower_bound":47702.539251610644,"upper_bound":95161.42061054707},"point_estimate":63974.18886423111,"standard_error":10178.666665840261},"slope":null,"std_dev":{"confidence_interval":{"confidence_level":0.99,"lower_bound":159579.99026171362,"upper_bound":2618158.13572631},"point_estimate":1595994.482913039,"standard_error":511961.1402906628}}