{"mean":{"confidence_interval":{"confidence_level":0.99,"lower_bound":27974614.5237,"upper_bound":28548012.479450002},"point_estimate":28169662.87,"standard_error":115856.58540645707},"median":{"confidence_interval":{"confidence_level":0.99,"lower_bound":27868915.5,"upper_bound":27919641.0},"point_estimate":27892845.5,"standard_error":9141.37280116939},"median_abs_dev":{"confidence_interval":{"confidence_level":0.99,"lower_bound":51935.47707796097,"upper_bound":129232.164752171},"point_estimate":77221.2196290493,"standard_error":14092.514380418337},"slope":null,"std_dev":{"confidence_interval":{"confidence_level":0.99,"lower_bound":265049.66911879997,"upper_bound":2187685.915356658},"point_estimate":1165302.9616076795,"standard_error":522493.1985592151}}