{"mean":{"confidence_interval":{"confidence_level":0.99,"lower_bound":106266366.07125,"upper_bound":107102863.30049999},"point_estimate":106657112.21,"standard_error":161079.2561175598},"median":{"confidence_interval":{"confidence_level":0.99,"lower_bound":106072508.0,"upper_bound":107030340.5},"point_estimate":106664941.5,"standard_error":210428.24380137824},"median_abs_dev":{"confidence_interval":{"confidence_level":0.99,"lower_bound":998220.4775780439,"upper_bound":1821518.62116158},"point_estimate":1346185.208800435,"standard_error":166373.44741460442},"slope":null,"std_dev":{"confidence_interval":{"confidence_level":0.99,"lower_bound":1122014.2758433062,"upper_bound":2269970.1223632144},"point_estimate":1613214.466391513,"standard_error":247399.9733521463}}