{"mean":{"confidence_interval":{"confidence_level":0.99,"lower_bound":98055111.6953,"upper_bound":99303664.395},"point_estimate":98631477.1,"standard_error":243162.04339441884},"median":{"confidence_interval":{"confidence_level":0.99,"lower_bound":97808656.0,"upper_bound":98486781.0},"point_estimate":98017030.0,"standard_error":133459.27987778463},"median_abs_dev":{"confidence_interval":{"confidence_level":0.99,"lower_bound":900969.5435750932,"upper_bound":1760107.6771528427},"point_estimate":1145301.8079668283,"standard_error":180642.29913385972},"slope":null,"std_dev":{"confidence_interval":{"confidence_level":0.99,"lower_bound":1596619.1121089328,"upper_bound":3352112.2192662163},"point_estimate":2443193.5042922464,"standard_error":355355.684754322}}