{"mean":{"confidence_interval":{"confidence_level":0.99,"lower_bound":26639152.0522,"upper_bound":26682828.74215},"point_estimate":26659010.11,"standard_error":8553.983503911495},"median":{"confidence_interval":{"confidence_level":0.99,"lower_bound":26621125.0,"upper_bound":26645218.0},"point_estimate":26635987.5,"standard_error":3519.3396869195967},"median_abs_dev":{"confidence_interval":{"confidence_level":0.99,"lower_bound":27079.57732424141,"upper_bound":55375.879968881636},"point_estimate":37784.80162918568,"standard_error":4780.028537739757},"slope":null,"std_dev":{"confidence_interval":{"confidence_level":0.99,"lower_bound":52031.53285815496,"upper_bound":116773.74345158855},"point_estimate":86019.56278096384,"standard_error":12807.915919085133}}