{"mean":{"confidence_interval":{"confidence_level":0.99,"lower_bound":26315773.81495,"upper_bound":26335855.919749998},"point_estimate":26325246.33,"standard_error":3881.086834728675},"median":{"confidence_interval":{"confidence_level":0.99,"lower_bound":26309103.5,"upper_bound":26332168.0},"point_estimate":26319328.0,"standard_error":4663.674130269604},"median_abs_dev":{"confidence_interval":{"confidence_level":0.99,"lower_bound":22958.801892399788,"upper_bound":41786.33895814419},"point_estimate":33143.522411584854,"standard_error":3593.364362731371},"slope":null,"std_dev":{"confidence_interval":{"confidence_level":0.99,"lower_bound":27070.658822387053,"upper_bound":51968.289163919566},"point_estimate":38981.19367132714,"standard_error":5116.23894753099}}