{"mean":{"confidence_interval":{"confidence_level":0.99,"lower_bound":28017792.9186,"upper_bound":28036051.92},"point_estimate":28026898.61,"standard_error":3536.338957740989},"median":{"confidence_interval":{"confidence_level":0.99,"lower_bound":28015401.0,"upper_bound":28035770.0},"point_estimate":28025535.5,"standard_error":4327.852269902309},"median_abs_dev":{"confidence_interval":{"confidence_level":0.99,"lower_bound":23032.120167598136,"upper_bound":46546.2261736393},"point_estimate":32477.09372341633,"standard_error":4682.112758299972},"slope":null,"std_dev":{"confidence_interval":{"confidence_level":0.99,"lower_bound":29091.096183293972,"upper_bound":41818.12013704854},"point_estimate":35692.00730177839,"standard_error":2485.2616532689367}}