{"mean":{"confidence_interval":{"confidence_level":0.99,"lower_bound":90594623.508,"upper_bound":96721899.70684999},"point_estimate":93068375.79,"standard_error":1196211.562679446},"median":{"confidence_interval":{"confidence_level":0.99,"lower_bound":90466112.0,"upper_bound":90634349.5},"point_estimate":90532610.5,"standard_error":31338.169839787464},"median_abs_dev":{"confidence_interval":{"confidence_level":0.99,"lower_bound":169082.37269818783,"upper_bound":314070.27192413807},"point_estimate":228549.45764243603,"standard_error":25566.748205659867},"slope":null,"std_dev":{"confidence_interval":{"confidence_level":0.99,"lower_bound":444104.962962024,"upper_bound":18425294.132414084},"point_estimate":12044127.992299465,"standard_error":3122847.911424412}}