{"mean":{"confidence_interval":{"confidence_level":0.99,"lower_bound":88752766.6188,"upper_bound":92773156.2439},"point_estimate":90619190.85,"standard_error":789675.8244058172},"median":{"confidence_interval":{"confidence_level":0.99,"lower_bound":86925021.0,"upper_bound":87391662.0},"point_estimate":87101144.0,"standard_error":71311.08815380973},"median_abs_dev":{"confidence_interval":{"confidence_level":0.99,"lower_bound":360890.03779292107,"upper_bound":1070471.2807953358},"point_estimate":621728.2989621162,"standard_error":118267.22118408393},"slope":null,"std_dev":{"confidence_interval":{"confidence_level":0.99,"lower_bound":5429790.5918295905,"upper_bound":9704747.22957374},"point_estimate":7952866.985513125,"standard_error":829531.6222249478}}