{"mean":{"confidence_interval":{"confidence_level":0.99,"lower_bound":127538158.47444999,"upper_bound":127967199.27245},"point_estimate":127745574.39,"standard_error":83472.99078262135},"median":{"confidence_interval":{"confidence_level":0.99,"lower_bound":127338817.0,"upper_bound":127568322.0},"point_estimate":127434274.5,"standard_error":46401.808751559016},"median_abs_dev":{"confidence_interval":{"confidence_level":0.99,"lower_bound":259519.11784261477,"upper_bound":717759.5202057215},"point_estimate":436474.4670510292,"standard_error":81803.75209798741},"slope":null,"std_dev":{"confidence_interval":{"confidence_level":0.99,"lower_bound":662481.7636432841,"upper_bound":964657.8732060301},"point_estimate":834703.3804577977,"standard_error":58479.19507729645}}