{"mean":{"confidence_interval":{"confidence_level":0.99,"lower_bound":42780521.29,"upper_bound":44712154.62},"point_estimate":43610447.1,"standard_error":379492.52488092484},"median":{"confidence_interval":{"confidence_level":0.99,"lower_bound":42510651.5,"upper_bound":42578622.0},"point_estimate":42539722.0,"standard_error":9726.792203365765},"median_abs_dev":{"confidence_interval":{"confidence_level":0.99,"lower_bound":85271.73748612404,"upper_bound":178825.53417371237},"point_estimate":125369.39507424831,"standard_error":18463.72023026679},"slope":null,"std_dev":{"confidence_interval":{"confidence_level":0.99,"lower_bound":1629669.7936325637,"upper_bound":5372260.743236603},"point_estimate":3809599.005389957,"standard_error":727451.3654937143}}