{"mean":{"confidence_interval":{"confidence_level":0.99,"lower_bound":228162315.61,"upper_bound":238185694.6084},"point_estimate":232368726.63,"standard_error":1964320.5044506053},"median":{"confidence_interval":{"confidence_level":0.99,"lower_bound":223544870.5,"upper_bound":228487981.0},"point_estimate":228370416.0,"standard_error":830620.1637814967},"median_abs_dev":{"confidence_interval":{"confidence_level":0.99,"lower_bound":578269.9282316566,"upper_bound":7583633.0406636},"point_estimate":7285095.227363706,"standard_error":1674950.1645650289},"slope":null,"std_dev":{"confidence_interval":{"confidence_level":0.99,"lower_bound":7496238.674282438,"upper_bound":29475336.83881212},"point_estimate":19679881.738155875,"standard_error":4564606.159621367}}