{"mean":{"confidence_interval":{"confidence_level":0.99,"lower_bound":26537977.11835,"upper_bound":26799101.644500002},"point_estimate":26635811.38,"standard_error":50902.19755384734},"median":{"confidence_interval":{"confidence_level":0.99,"lower_bound":26438271.5,"upper_bound":26636175.0},"point_estimate":26543583.0,"standard_error":28154.57225198991},"median_abs_dev":{"confidence_interval":{"confidence_level":0.99,"lower_bound":168693.1902050972,"upper_bound":395459.8213791847},"point_estimate":289608.1136584282,"standard_error":35777.66789985424},"slope":null,"std_dev":{"confidence_interval":{"confidence_level":0.99,"lower_bound":218010.07954869006,"upper_bound":908563.126761236},"point_estimate":508717.7944051099,"standard_error":188160.4401295413}}