{"mean":{"confidence_interval":{"confidence_level":0.99,"lower_bound":31419645.2608,"upper_bound":32793332.83675},"point_estimate":31991899.6,"standard_error":270321.9812510372},"median":{"confidence_interval":{"confidence_level":0.99,"lower_bound":31330009.0,"upper_bound":31367510.0},"point_estimate":31354344.5,"standard_error":8488.538484895767},"median_abs_dev":{"confidence_interval":{"confidence_level":0.99,"lower_bound":42033.19185376167,"upper_bound":101892.42449104786},"point_estimate":61418.92780959606,"standard_error":10484.677983841386},"slope":null,"std_dev":{"confidence_interval":{"confidence_level":0.99,"lower_bound":360420.9135118327,"upper_bound":4117697.613802578},"point_estimate":2716792.0430021705,"standard_error":664590.7024254912}}