{"mean":{"confidence_interval":{"confidence_level":0.99,"lower_bound":128682474.0394,"upper_bound":129053342.8707},"point_estimate":128866579.0,"standard_error":72107.76100013695},"median":{"confidence_interval":{"confidence_level":0.99,"lower_bound":128616927.0,"upper_bound":129082680.0},"point_estimate":128889794.0,"standard_error":108644.20632770032},"median_abs_dev":{"confidence_interval":{"confidence_level":0.99,"lower_bound":451195.2021896839,"upper_bound":850182.8702062368},"point_estimate":624480.0045132637,"standard_error":71687.18125727653},"slope":null,"std_dev":{"confidence_interval":{"confidence_level":0.99,"lower_bound":550267.0174260435,"upper_bound":920075.3400998871},"point_estimate":727504.4077858903,"standard_error":73371.65638121746}}