{"mean":{"confidence_interval":{"confidence_level":0.99,"lower_bound":728872868.57095,"upper_bound":729010844.5863},"point_estimate":728919804.67,"standard_error":28121.634380266027},"median":{"confidence_interval":{"confidence_level":0.99,"lower_bound":728845186.0,"upper_bound":728935862.0},"point_estimate":728901116.5,"standard_error":25012.391067797267},"median_abs_dev":{"confidence_interval":{"confidence_level":0.99,"lower_bound":74386.46624037623,"upper_bound":123387.90020942688},"point_estimate":104088.15505206585,"standard_error":8995.12908264824},"slope":null,"std_dev":{"confidence_interval":{"confidence_level":0.99,"lower_bound":73440.31149600416,"upper_bound":534474.2804725713},"point_estimate":282868.40835675504,"standard_error":129908.15284840905}}