{"mean":{"confidence_interval":{"confidence_level":0.99,"lower_bound":184504035.89225,"upper_bound":185424959.00100002},"point_estimate":184917595.07,"standard_error":178482.82447502817},"median":{"confidence_interval":{"confidence_level":0.99,"lower_bound":184443609.0,"upper_bound":184986928.0},"point_estimate":184670314.0,"standard_error":84725.37887873227},"median_abs_dev":{"confidence_interval":{"confidence_level":0.99,"lower_bound":593457.230169028,"upper_bound":1276972.9942291975},"point_estimate":971605.5841505527,"standard_error":144101.75249559595},"slope":null,"std_dev":{"confidence_interval":{"confidence_level":0.99,"lower_bound":967486.0878093303,"upper_bound":2636269.8375722477},"point_estimate":1788958.645138202,"standard_error":343747.119023892}}