{"mean":{"confidence_interval":{"confidence_level":0.99,"lower_bound":116178542.86389999,"upper_bound":116547788.83635},"point_estimate":116353362.38,"standard_error":71704.24527143402},"median":{"confidence_interval":{"confidence_level":0.99,"lower_bound":116114096.0,"upper_bound":116462296.0},"point_estimate":116289356.5,"standard_error":75065.74040221049},"median_abs_dev":{"confidence_interval":{"confidence_level":0.99,"lower_bound":333044.58638727665,"upper_bound":666786.9547456654},"point_estimate":453456.9084495306,"standard_error":62924.21828330127},"slope":null,"std_dev":{"confidence_interval":{"confidence_level":0.99,"lower_bound":489207.5391609887,"upper_bound":962343.9494656059},"point_estimate":725145.3980375841,"standard_error":94870.19301452319}}