{"mean":{"confidence_interval":{"confidence_level":0.99,"lower_bound":30153326.91,"upper_bound":30825883.55},"point_estimate":30404442.32,"standard_error":135885.08367648552},"median":{"confidence_interval":{"confidence_level":0.99,"lower_bound":30117151.0,"upper_bound":30183191.0},"point_estimate":30153447.0,"standard_error":13917.86526972293},"median_abs_dev":{"confidence_interval":{"confidence_level":0.99,"lower_bound":72514.70601260662,"upper_bound":134531.2328065933},"point_estimate":99491.35383367538,"standard_error":12346.715221199358},"slope":null,"std_dev":{"confidence_interval":{"confidence_level":0.99,"lower_bound":107723.05393367323,"upper_bound":2260775.9331198367},"point_estimate":1364458.9438297614,"standard_error":445658.4498211459}}