{"mean":{"confidence_interval":{"confidence_level":0.99,"lower_bound":30946046.774100002,"upper_bound":30968511.62775},"point_estimate":30956818.51,"standard_error":4372.045493268843},"median":{"confidence_interval":{"confidence_level":0.99,"lower_bound":30941810.0,"upper_bound":30964165.0},"point_estimate":30954275.0,"standard_error":4961.997299947832},"median_abs_dev":{"confidence_interval":{"confidence_level":0.99,"lower_bound":26264.2585337162,"upper_bound":54974.807024002075},"point_estimate":42721.85954153538,"standard_error":5653.105675297407},"slope":null,"std_dev":{"confidence_interval":{"confidence_level":0.99,"lower_bound":33377.28726205293,"upper_bound":57029.81546373973},"point_estimate":44062.67502516882,"standard_error":4793.792500706467}}