{"mean":{"confidence_interval":{"confidence_level":0.99,"lower_bound":112396436.971,"upper_bound":112554480.0901},"point_estimate":112458859.81,"standard_error":30619.10280531786},"median":{"confidence_interval":{"confidence_level":0.99,"lower_bound":112391602.0,"upper_bound":112469442.5},"point_estimate":112423677.0,"standard_error":13000.39130332475},"median_abs_dev":{"confidence_interval":{"confidence_level":0.99,"lower_bound":95221.46590948105,"upper_bound":196511.21351122856},"point_estimate":141065.68099558353,"standard_error":18764.82079558315},"slope":null,"std_dev":{"confidence_interval":{"confidence_level":0.99,"lower_bound":130785.41037155001,"upper_bound":533625.433419606},"point_estimate":305904.0955642531,"standard_error":102894.80892027465}}