{"mean":{"confidence_interval":{"confidence_level":0.99,"lower_bound":134473114.06344998,"upper_bound":137021052.61265},"point_estimate":135621715.22,"standard_error":499362.28728964855},"median":{"confidence_interval":{"confidence_level":0.99,"lower_bound":134334992.0,"upper_bound":134649797.0},"point_estimate":134447080.0,"standard_error":61954.350350820394},"median_abs_dev":{"confidence_interval":{"confidence_level":0.99,"lower_bound":353795.796918869,"upper_bound":1562820.5671843886},"point_estimate":686117.6158189774,"standard_error":225000.13289730423},"slope":null,"std_dev":{"confidence_interval":{"confidence_level":0.99,"lower_bound":2733276.5042336886,"upper_bound":6859625.875142552},"point_estimate":5026022.736307679,"standard_error":804538.4229743506}}