{"mean":{"confidence_interval":{"confidence_level":0.99,"lower_bound":27392408.9342,"upper_bound":27788153.7621},"point_estimate":27516861.44,"standard_error":83994.62765007548},"median":{"confidence_interval":{"confidence_level":0.99,"lower_bound":27349174.0,"upper_bound":27387360.0},"point_estimate":27369540.0,"standard_error":7630.015073281959},"median_abs_dev":{"confidence_interval":{"confidence_level":0.99,"lower_bound":37680.24497254193,"upper_bound":82076.73454284668},"point_estimate":55346.9396173954,"standard_error":9546.817967843945},"slope":null,"std_dev":{"confidence_interval":{"confidence_level":0.99,"lower_bound":115561.88764806607,"upper_bound":1621797.253665149},"point_estimate":843955.3986104619,"standard_error":424119.87087179604}}