{"mean":{"confidence_interval":{"confidence_level":0.99,"lower_bound":1244984620.3012,"upper_bound":1245075949.0521},"point_estimate":1245031773.32,"standard_error":17708.270432665166},"median":{"confidence_interval":{"confidence_level":0.99,"lower_bound":1244995081.0,"upper_bound":1245102537.0},"point_estimate":1245041892.0,"standard_error":20469.079390457387},"median_abs_dev":{"confidence_interval":{"confidence_level":0.99,"lower_bound":122513.08468195797,"upper_bound":209169.65208649635},"point_estimate":172029.04014587402,"standard_error":17826.856911772786},"slope":null,"std_dev":{"confidence_interval":{"confidence_level":0.99,"lower_bound":134464.12317420615,"upper_bound":224592.04047074268},"point_estimate":178420.2459162801,"standard_error":17792.20321837442}}