{"mean":{"confidence_interval":{"confidence_level":0.99,"lower_bound":104797625.3669,"upper_bound":106042535.0306},"point_estimate":105373837.21,"standard_error":242310.72965993517},"median":{"confidence_interval":{"confidence_level":0.99,"lower_bound":104657414.5,"upper_bound":105345418.0},"point_estimate":104960041.0,"standard_error":117772.90053926206},"median_abs_dev":{"confidence_interval":{"confidence_level":0.99,"lower_bound":909112.5126600266,"upper_bound":1681149.0208536386},"point_estimate":1262691.1086827517,"standard_error":150195.84663028677},"slope":null,"std_dev":{"confidence_interval":{"confidence_level":0.99,"lower_bound":1570038.6779307015,"upper_bound":3174236.079885232},"point_estimate":2432929.226147288,"standard_error":313650.6763117644}}