{"mean":{"confidence_interval":{"confidence_level":0.99,"lower_bound":33034151.0774,"upper_bound":33237630.97075},"point_estimate":33139335.82,"standard_error":39613.992351181085},"median":{"confidence_interval":{"confidence_level":0.99,"lower_bound":33055207.0,"upper_bound":33267803.0},"point_estimate":33158103.0,"standard_error":40571.7762156284},"median_abs_dev":{"confidence_interval":{"confidence_level":0.99,"lower_bound":198322.20937907696,"upper_bound":437481.8937331438},"point_estimate":301110.8655542135,"standard_error":49374.26869395531},"slope":null,"std_dev":{"confidence_interval":{"confidence_level":0.99,"lower_bound":300265.0490195183,"upper_bound":491346.52813814627},"point_estimate":399170.5599646505,"standard_error":37500.209563285454}}