{"mean":{"confidence_interval":{"confidence_level":0.99,"lower_bound":27707947.9879,"upper_bound":28225054.20575},"point_estimate":27911710.8,"standard_error":103672.16237865973},"median":{"confidence_interval":{"confidence_level":0.99,"lower_bound":27662332.0,"upper_bound":27718068.0},"point_estimate":27688333.0,"standard_error":11383.774735899815},"median_abs_dev":{"confidence_interval":{"confidence_level":0.99,"lower_bound":58948.83841694892,"upper_bound":119497.55787849426},"point_estimate":86146.4714705944,"standard_error":11430.51349830567},"slope":null,"std_dev":{"confidence_interval":{"confidence_level":0.99,"lower_bound":153332.59987084026,"upper_bound":1651708.4122144969},"point_estimate":1043001.0144801325,"standard_error":305843.8840533901}}