{"mean":{"confidence_interval":{"confidence_level":0.99,"lower_bound":26202389.92085,"upper_bound":26516142.38},"point_estimate":26334693.9,"standard_error":61832.52714217399},"median":{"confidence_interval":{"confidence_level":0.99,"lower_bound":26140044.0,"upper_bound":26173469.5},"point_estimate":26151750.0,"standard_error":6689.596137553715},"median_abs_dev":{"confidence_interval":{"confidence_level":0.99,"lower_bound":30956.61332041026,"upper_bound":74650.39127469063},"point_estimate":43522.463527321815,"standard_error":8344.791545649214},"slope":null,"std_dev":{"confidence_interval":{"confidence_level":0.99,"lower_bound":226194.64630873746,"upper_bound":946036.7071345802},"point_estimate":616899.5902672566,"standard_error":144862.7066910844}}