{"mean":{"confidence_interval":{"confidence_level":0.99,"lower_bound":113573102.2016,"upper_bound":113717688.71685},"point_estimate":113635146.47,"standard_error":28159.078451960708},"median":{"confidence_interval":{"confidence_level":0.99,"lower_bound":113540380.03,"upper_bound":113650536.0},"point_estimate":113593379.0,"standard_error":24459.005338975923},"median_abs_dev":{"confidence_interval":{"confidence_level":0.99,"lower_bound":123473.14600141346,"upper_bound":219533.3224225047},"point_estimate":168813.28080296516,"standard_error":19042.40805032235},"slope":null,"std_dev":{"confidence_interval":{"confidence_level":0.99,"lower_bound":139815.53799823127,"upper_bound":450791.6776524333},"point_estimate":282727.47236111696,"standard_error":67773.90809863436}}