{"mean":{"confidence_interval":{"confidence_level":0.99,"lower_bound":123428411.29654999,"upper_bound":126398110.10980001},"point_estimate":124709416.32,"standard_error":584347.2384885541},"median":{"confidence_interval":{"confidence_level":0.99,"lower_bound":123005908.0,"upper_bound":123321006.0},"point_estimate":123129681.5,"standard_error":52899.844638097304},"median_abs_dev":{"confidence_interval":{"confidence_level":0.99,"lower_bound":366595.8237916231,"upper_bound":879178.0964239687},"point_estimate":600458.9197397232,"standard_error":109064.38281765534},"slope":null,"std_dev":{"confidence_interval":{"confidence_level":0.99,"lower_bound":1578877.6728119692,"upper_bound":8403130.802547399},"point_estimate":5901144.901236359,"standard_error":1203558.477952093}}