{"mean":{"confidence_interval":{"confidence_level":0.99,"lower_bound":95425764.00965,"upper_bound":97615147.03254999},"point_estimate":96344429.46,"standard_error":427756.8157764161},"median":{"confidence_interval":{"confidence_level":0.99,"lower_bound":94985273.0,"upper_bound":96171506.0},"point_estimate":95499038.0,"standard_error":242244.9929655155},"median_abs_dev":{"confidence_interval":{"confidence_level":0.99,"lower_bound":1198270.6572264433,"upper_bound":2198277.3267747783},"point_estimate":1643983.9460134506,"standard_error":184535.61587217954},"slope":null,"std_dev":{"confidence_interval":{"confidence_level":0.99,"lower_bound":1590112.5827477868,"upper_bound":6504568.60363468},"point_estimate":4290474.205999982,"standard_error":1004394.9787238156}}