{"mean":{"confidence_interval":{"confidence_level":0.99,"lower_bound":40511646.05605,"upper_bound":41312283.57775},"point_estimate":40743903.0,"standard_error":179520.46667265575},"median":{"confidence_interval":{"confidence_level":0.99,"lower_bound":40475016.5,"upper_bound":40560076.5},"point_estimate":40507601.0,"standard_error":20180.928987962026},"median_abs_dev":{"confidence_interval":{"confidence_level":0.99,"lower_bound":95657.35030174255,"upper_bound":179929.81540560722},"point_estimate":143353.3327549696,"standard_error":16216.547578627877},"slope":null,"std_dev":{"confidence_interval":{"confidence_level":0.99,"lower_bound":139555.99280625046,"upper_bound":3490533.5128207565},"point_estimate":1788268.89883064,"standard_error":995534.4786746334}}