{"mean":{"confidence_interval":{"confidence_level":0.99,"lower_bound":30328929.2198,"upper_bound":30485103.56405},"point_estimate":30387614.76,"standard_error":31256.262278427817},"median":{"confidence_interval":{"confidence_level":0.99,"lower_bound":30321363.0,"upper_bound":30360872.0},"point_estimate":30341136.5,"standard_error":9398.143730780706},"median_abs_dev":{"confidence_interval":{"confidence_level":0.99,"lower_bound":36611.18660952152,"upper_bound":88809.22102332115},"point_estimate":62957.86658227444,"standard_error":9911.221706950279},"slope":null,"std_dev":{"confidence_interval":{"confidence_level":0.99,"lower_bound":68722.42925837876,"upper_bound":555505.3557202908},"point_estimate":315048.9446798085,"standard_error":112622.98305470619}}