{"mean":{"confidence_interval":{"confidence_level":0.99,"lower_bound":105196527.82785,"upper_bound":106000773.1727},"point_estimate":105622680.2,"standard_error":154806.47370779788},"median":{"confidence_interval":{"confidence_level":0.99,"lower_bound":105279489.0,"upper_bound":106132155.0},"point_estimate":105751547.0,"standard_error":150988.43971515849},"median_abs_dev":{"confidence_interval":{"confidence_level":0.99,"lower_bound":874114.2576813698,"upper_bound":1603993.8214014214},"point_estimate":1199141.6847109795,"standard_error":132239.38897288547},"slope":null,"std_dev":{"confidence_interval":{"confidence_level":0.99,"lower_bound":1068737.9579209292,"upper_bound":2091233.223277291},"point_estimate":1558655.4227137014,"standard_error":210774.60881333138}}