{"mean":{"confidence_interval":{"confidence_level":0.99,"lower_bound":121845180.14965001,"upper_bound":123098755.80004999},"point_estimate":122397399.69,"standard_error":244866.93446205283},"median":{"confidence_interval":{"confidence_level":0.99,"lower_bound":121850658.0,"upper_bound":122074618.5},"point_estimate":121952823.5,"standard_error":39280.58735674325},"median_abs_dev":{"confidence_interval":{"confidence_level":0.99,"lower_bound":296635.6375336647,"upper_bound":660283.311277628},"point_estimate":476993.1830316782,"standard_error":65091.40339764712},"slope":null,"std_dev":{"confidence_interval":{"confidence_level":0.99,"lower_bound":1058580.0284216302,"upper_bound":3551246.569967904},"point_estimate":2466701.102609181,"standard_error":484679.0064736209}}