{"mean":{"confidence_interval":{"confidence_level":0.99,"lower_bound":130104164.12175,"upper_bound":132713480.61385},"point_estimate":131232651.3,"standard_error":512574.2585418616},"median":{"confidence_interval":{"confidence_level":0.99,"lower_bound":129765864.0,"upper_bound":130113215.0},"point_estimate":129919567.0,"standard_error":77530.21995839171},"median_abs_dev":{"confidence_interval":{"confidence_level":0.99,"lower_bound":395112.89298534393,"upper_bound":904451.9596427679},"point_estimate":618014.3860280514,"standard_error":89804.77364753443},"slope":null,"std_dev":{"confidence_interval":{"confidence_level":0.99,"lower_bound":2151918.804940954,"upper_bound":7532195.152525208},"point_estimate":5146594.0463512335,"standard_error":1075517.7075981144}}