{"mean":{"confidence_interval":{"confidence_level":0.99,"lower_bound":26976431.09,"upper_bound":27291364.427050002},"point_estimate":27079991.16,"standard_error":65193.741236925634},"median":{"confidence_interval":{"confidence_level":0.99,"lower_bound":26961939.0,"upper_bound":26985120.0},"point_estimate":26969534.0,"standard_error":4229.44796112365},"median_abs_dev":{"confidence_interval":{"confidence_level":0.99,"lower_bound":24812.051859498024,"upper_bound":48644.84643638134},"point_estimate":38302.97031998634,"standard_error":4466.488949811182},"slope":null,"std_dev":{"confidence_interval":{"confidence_level":0.99,"lower_bound":48173.89175011462,"upper_bound":1226254.0600902387},"point_estimate":653513.3358295801,"standard_error":293769.6099333596}}