{"mean":{"confidence_interval":{"confidence_level":0.99,"lower_bound":37070933.15305,"upper_bound":37394514.45},"point_estimate":37234406.08,"standard_error":62862.69549264849},"median":{"confidence_interval":{"confidence_level":0.99,"lower_bound":37149204.0,"upper_bound":37481167.0},"point_estimate":37290435.0,"standard_error":64467.79210960984},"median_abs_dev":{"confidence_interval":{"confidence_level":0.99,"lower_bound":364869.41395877313,"upper_bound":752908.0403982103},"point_estimate":540893.9831972122,"standard_error":74080.91825953493},"slope":null,"std_dev":{"confidence_interval":{"confidence_level":0.99,"lower_bound":505223.5807453944,"upper_bound":749862.6583079643},"point_estimate":632685.0397676489,"standard_error":47699.08222023255}}