{"mean":{"confidence_interval":{"confidence_level":0.99,"lower_bound":26271425.93745,"upper_bound":26311544.925100002},"point_estimate":26287000.57,"standard_error":7816.024765095336},"median":{"confidence_interval":{"confidence_level":0.99,"lower_bound":26266658.0,"upper_bound":26287838.0},"point_estimate":26275997.5,"standard_error":4230.061154735923},"median_abs_dev":{"confidence_interval":{"confidence_level":0.99,"lower_bound":22995.866891741753,"upper_bound":42802.66124010086},"point_estimate":33752.129700779915,"standard_error":3718.435487789312},"slope":null,"std_dev":{"confidence_interval":{"confidence_level":0.99,"lower_bound":30946.9430756152,"upper_bound":136864.8203278869},"point_estimate":77971.707597058,"standard_error":26922.50708576958}}