{"mean":{"confidence_interval":{"confidence_level":0.99,"lower_bound":26801422.248800002,"upper_bound":26852820.30585},"point_estimate":26825121.6,"standard_error":10031.227861321633},"median":{"confidence_interval":{"confidence_level":0.99,"lower_bound":26780743.0,"upper_bound":26819583.475},"point_estimate":26798867.5,"standard_error":7501.058675382459},"median_abs_dev":{"confidence_interval":{"confidence_level":0.99,"lower_bound":37895.99662721157,"upper_bound":77422.11192548275},"point_estimate":57874.031272530556,"standard_error":7257.9660970651385},"slope":null,"std_dev":{"confidence_interval":{"confidence_level":0.99,"lower_bound":63489.633678760794,"upper_bound":133515.75336808347},"point_estimate":100472.54678002665,"standard_error":13754.67503683521}}