{"mean":{"confidence_interval":{"confidence_level":0.99,"lower_bound":26165381.83005,"upper_bound":26282728.2584},"point_estimate":26216217.36,"standard_error":22833.298119094838},"median":{"confidence_interval":{"confidence_level":0.99,"lower_bound":26136972.0,"upper_bound":26164102.0},"point_estimate":26149177.0,"standard_error":4399.569726864456},"median_abs_dev":{"confidence_interval":{"confidence_level":0.99,"lower_bound":28903.175291866075,"upper_bound":59074.94095771015},"point_estimate":40861.19657456875,"standard_error":4902.847403235394},"slope":null,"std_dev":{"confidence_interval":{"confidence_level":0.99,"lower_bound":90501.02989982688,"upper_bound":336604.3954803977},"point_estimate":229822.21030075755,"standard_error":47546.64421052889}}