{"mean":{"confidence_interval":{"confidence_level":0.99,"lower_bound":305855465.73565,"upper_bound":306168536.85695004},"point_estimate":306009000.73,"standard_error":60780.74246885226},"median":{"confidence_interval":{"confidence_level":0.99,"lower_bound":305792757.55,"upper_bound":306194236.5},"point_estimate":305998469.5,"standard_error":65965.02199528739},"median_abs_dev":{"confidence_interval":{"confidence_level":0.99,"lower_bound":457911.5357434452,"upper_bound":877121.7117279768},"point_estimate":628153.1459480524,"standard_error":81587.04855371399},"slope":null,"std_dev":{"confidence_interval":{"confidence_level":0.99,"lower_bound":499754.4226702948,"upper_bound":717070.9808880279},"point_estimate":609221.5498589344,"standard_error":42674.43509162388}}