{"mean":{"confidence_interval":{"confidence_level":0.99,"lower_bound":164529116.8865,"upper_bound":166121605.62},"point_estimate":165254739.47,"standard_error":308430.8926205765},"median":{"confidence_interval":{"confidence_level":0.99,"lower_bound":165311756.0,"upper_bound":165626464.0},"point_estimate":165468388.0,"standard_error":62051.897704406416},"median_abs_dev":{"confidence_interval":{"confidence_level":0.99,"lower_bound":359363.70112001896,"upper_bound":783219.2890695783},"point_estimate":501694.03989315033,"standard_error":77654.8651826547},"slope":null,"std_dev":{"confidence_interval":{"confidence_level":0.99,"lower_bound":1586145.1017339223,"upper_bound":4578336.568668316},"point_estimate":3077307.5536726615,"standard_error":626599.1664062454}}