{"mean":{"confidence_interval":{"confidence_level":0.99,"lower_bound":26337275.096899997,"upper_bound":26485574.387199998},"point_estimate":26381440.13,"standard_error":32723.063875009444},"median":{"confidence_interval":{"confidence_level":0.99,"lower_bound":26327395.0,"upper_bound":26346076.0},"point_estimate":26338260.0,"standard_error":3874.1516097484205},"median_abs_dev":{"confidence_interval":{"confidence_level":0.99,"lower_bound":18970.607963204384,"upper_bound":39593.573597073555},"point_estimate":28058.204501867294,"standard_error":4416.1486895418075},"slope":null,"std_dev":{"confidence_interval":{"confidence_level":0.99,"lower_bound":37231.31704224367,"upper_bound":643103.790040626},"point_estimate":329904.76805525104,"standard_error":180367.66554618214}}