{"mean":{"confidence_interval":{"confidence_level":0.99,"lower_bound":31185993.1324,"upper_bound":31396542.29},"point_estimate":31249675.76,"standard_error":44892.44085460543},"median":{"confidence_interval":{"confidence_level":0.99,"lower_bound":31174045.0,"upper_bound":31204335.0},"point_estimate":31183710.0,"standard_error":7568.726525048366},"median_abs_dev":{"confidence_interval":{"confidence_level":0.99,"lower_bound":31268.77474486828,"upper_bound":60431.51622712612},"point_estimate":43270.421531796455,"standard_error":5788.342690585786},"slope":null,"std_dev":{"confidence_interval":{"confidence_level":0.99,"lower_bound":41966.46576639204,"upper_bound":870774.3037558411},"point_estimate":450668.4283384549,"standard_error":232666.47727592263}}