{"mean":{"confidence_interval":{"confidence_level":0.99,"lower_bound":27065436.4906,"upper_bound":27099079.84},"point_estimate":27080819.21,"standard_error":6506.269873786767},"median":{"confidence_interval":{"confidence_level":0.99,"lower_bound":27058006.0,"upper_bound":27092941.0},"point_estimate":27073196.0,"standard_error":5977.388918601053},"median_abs_dev":{"confidence_interval":{"confidence_level":0.99,"lower_bound":34864.820981025696,"upper_bound":68067.6473915577},"point_estimate":52906.580060720444,"standard_error":7085.310608399706},"slope":null,"std_dev":{"confidence_interval":{"confidence_level":0.99,"lower_bound":42777.79865710259,"upper_bound":97481.84321359309},"point_estimate":65557.30660482237,"standard_error":12401.1266568732}}