{"mean":{"confidence_interval":{"confidence_level":0.99,"lower_bound":27155514.791500002,"upper_bound":27176049.61945},"point_estimate":27165599.98,"standard_error":3981.479065869968},"median":{"confidence_interval":{"confidence_level":0.99,"lower_bound":27152044.0,"upper_bound":27175414.0},"point_estimate":27164514.5,"standard_error":3659.066631696615},"median_abs_dev":{"confidence_interval":{"confidence_level":0.99,"lower_bound":24945.485857129097,"upper_bound":50423.22510480881},"point_estimate":35709.90296602249,"standard_error":4725.008596129756},"slope":null,"std_dev":{"confidence_interval":{"confidence_level":0.99,"lower_bound":32040.96812159691,"upper_bound":47955.372603173506},"point_estimate":40164.2967431061,"standard_error":3114.106779024095}}