{"mean":{"confidence_interval":{"confidence_level":0.99,"lower_bound":26089839.0803,"upper_bound":26345285.9155},"point_estimate":26187578.15,"standard_error":52264.443305306544},"median":{"confidence_interval":{"confidence_level":0.99,"lower_bound":26084121.0,"upper_bound":26097457.0},"point_estimate":26089102.0,"standard_error":2566.987886045795},"median_abs_dev":{"confidence_interval":{"confidence_level":0.99,"lower_bound":20237.408097714193,"upper_bound":42981.31453692913},"point_estimate":31598.653239011765,"standard_error":4417.502892169022},"slope":null,"std_dev":{"confidence_interval":{"confidence_level":0.99,"lower_bound":35703.01391170463,"upper_bound":846048.0726224765},"point_estimate":526346.2774988883,"standard_error":163662.52507665992}}