{"mean":{"confidence_interval":{"confidence_level":0.99,"lower_bound":39467100.6138,"upper_bound":40210035.8252},"point_estimate":39810790.67,"standard_error":146409.17235350204},"median":{"confidence_interval":{"confidence_level":0.99,"lower_bound":39174598.0,"upper_bound":39225088.0},"point_estimate":39197918.0,"standard_error":8509.413733327146},"median_abs_dev":{"confidence_interval":{"confidence_level":0.99,"lower_bound":38859.61248010398,"upper_bound":122612.50042319298},"point_estimate":66198.088824749,"standard_error":15948.596437617629},"slope":null,"std_dev":{"confidence_interval":{"confidence_level":0.99,"lower_bound":969019.3685343458,"upper_bound":1819164.0104365798},"point_estimate":1468927.5045717729,"standard_error":164602.320203937}}