{"mean":{"confidence_interval":{"confidence_level":0.99,"lower_bound":85968660.73685,"upper_bound":87486736.4727},"point_estimate":86700277.08,"standard_error":296381.6114879868},"median":{"confidence_interval":{"confidence_level":0.99,"lower_bound":85171747.0,"upper_bound":86221897.0},"point_estimate":85640898.5,"standard_error":209701.93325997},"median_abs_dev":{"confidence_interval":{"confidence_level":0.99,"lower_bound":1027637.3070437908,"upper_bound":2284590.108897428},"point_estimate":1490769.099533558,"standard_error":242107.74504950235},"slope":null,"std_dev":{"confidence_interval":{"confidence_level":0.99,"lower_bound":2266523.8904573177,"upper_bound":3497279.2178015057},"point_estimate":2976279.2586992066,"standard_error":238915.34153198605}}