{"mean":{"confidence_interval":{"confidence_level":0.99,"lower_bound":38185861.46575,"upper_bound":38254510.65935},"point_estimate":38217303.21,"standard_error":13401.98064166988},"median":{"confidence_interval":{"confidence_level":0.99,"lower_bound":38155139.0,"upper_bound":38209699.5},"point_estimate":38180719.0,"standard_error":9576.277650432177},"median_abs_dev":{"confidence_interval":{"confidence_level":0.99,"lower_bound":42973.1602370739,"upper_bound":89675.24843944627},"point_estimate":69363.43976855278,"standard_error":8232.11797653591},"slope":null,"std_dev":{"confidence_interval":{"confidence_level":0.99,"lower_bound":77196.60701003115,"upper_bound":180393.316748292},"point_estimate":134203.65454065162,"standard_error":20141.199600355398}}