{"mean":{"confidence_interval":{"confidence_level":0.99,"lower_bound":2577454986.14,"upper_bound":2580684549.1618},"point_estimate":2579020290.28,"standard_error":638924.693252869},"median":{"confidence_interval":{"confidence_level":0.99,"lower_bound":2576115196.0,"upper_bound":2580535169.0},"point_estimate":2577840781.0,"standard_error":1042932.0618283072},"median_abs_dev":{"confidence_interval":{"confidence_level":0.99,"lower_bound":4662899.973016977,"upper_bound":9032721.807137132},"point_estimate":6465069.181922078,"standard_error":868427.2301590525},"slope":null,"std_dev":{"confidence_interval":{"confidence_level":0.99,"lower_bound":5275420.004175931,"upper_bound":7450765.018875912},"point_estimate":6438781.089812244,"standard_error":420114.2323703534}}