{"mean":{"confidence_interval":{"confidence_level":0.99,"lower_bound":88038050.09,"upper_bound":90422782.85305001},"point_estimate":89206135.13,"standard_error":466931.2501239699},"median":{"confidence_interval":{"confidence_level":0.99,"lower_bound":85838203.5,"upper_bound":92034053.0},"point_estimate":87717833.0,"standard_error":843465.6650703988},"median_abs_dev":{"confidence_interval":{"confidence_level":0.99,"lower_bound":2373890.4115100205,"upper_bound":6913406.754205497},"point_estimate":5081256.327089667,"standard_error":949684.8113030927},"slope":null,"std_dev":{"confidence_interval":{"confidence_level":0.99,"lower_bound":3992490.969627167,"upper_bound":5277303.707076283},"point_estimate":4682717.61116342,"standard_error":248960.936824551}}