{"mean":{"confidence_interval":{"confidence_level":0.99,"lower_bound":106808532.15370001,"upper_bound":107430320.71615},"point_estimate":107113948.56,"standard_error":120433.79956576557},"median":{"confidence_interval":{"confidence_level":0.99,"lower_bound":106849360.0,"upper_bound":107512122.0},"point_estimate":107178195.5,"standard_error":127905.48634878201},"median_abs_dev":{"confidence_interval":{"confidence_level":0.99,"lower_bound":684977.1739737242,"upper_bound":1291033.9723795652},"point_estimate":958663.9689803123,"standard_error":120369.49141179025},"slope":null,"std_dev":{"confidence_interval":{"confidence_level":0.99,"lower_bound":927259.5523075727,"upper_bound":1480960.305819228},"point_estimate":1213520.4680304967,"standard_error":107980.29788005573}}