{"mean":{"confidence_interval":{"confidence_level":0.99,"lower_bound":33295667.250299998,"upper_bound":33593182.528900005},"point_estimate":33404880.92,"standard_error":60188.85544140101},"median":{"confidence_interval":{"confidence_level":0.99,"lower_bound":33280305.0,"upper_bound":33315176.0},"point_estimate":33302150.5,"standard_error":7828.563850000855},"median_abs_dev":{"confidence_interval":{"confidence_level":0.99,"lower_bound":34796.62138223648,"upper_bound":63849.65046644211},"point_estimate":48340.17214179039,"standard_error":5714.456390707424},"slope":null,"std_dev":{"confidence_interval":{"confidence_level":0.99,"lower_bound":44195.65391888939,"upper_bound":1063667.5547560097},"point_estimate":605389.9406968062,"standard_error":215168.74435018864}}