{"mean":{"confidence_interval":{"confidence_level":0.99,"lower_bound":153335014.21109998,"upper_bound":153521131.09890002},"point_estimate":153427083.67,"standard_error":36047.2075261217},"median":{"confidence_interval":{"confidence_level":0.99,"lower_bound":153306751.0,"upper_bound":153569974.0},"point_estimate":153415742.0,"standard_error":52874.84239384396},"median_abs_dev":{"confidence_interval":{"confidence_level":0.99,"lower_bound":265181.5377920866,"upper_bound":489648.1337905081},"point_estimate":373728.6122649908,"standard_error":43227.77509257646},"slope":null,"std_dev":{"confidence_interval":{"confidence_level":0.99,"lower_bound":288540.65406865056,"upper_bound":438419.40068408265},"point_estimate":362657.1797426462,"standard_error":29575.263054214523}}