{"mean":{"confidence_interval":{"confidence_level":0.99,"lower_bound":26772837.3326,"upper_bound":27015842.414},"point_estimate":26864871.06,"standard_error":48071.59438734658},"median":{"confidence_interval":{"confidence_level":0.99,"lower_bound":26735318.0,"upper_bound":26759178.0},"point_estimate":26742298.0,"standard_error":3943.108785194071},"median_abs_dev":{"confidence_interval":{"confidence_level":0.99,"lower_bound":22305.60911549629,"upper_bound":57465.574979782104},"point_estimate":40208.85258615017,"standard_error":6146.618860633225},"slope":null,"std_dev":{"confidence_interval":{"confidence_level":0.99,"lower_bound":121207.20346445077,"upper_bound":849140.8765377684},"point_estimate":482493.58138178656,"standard_error":168955.61145500015}}