{"mean":{"confidence_interval":{"confidence_level":0.99,"lower_bound":27243555.263150003,"upper_bound":27439483.81},"point_estimate":27329015.56,"standard_error":38301.85447806696},"median":{"confidence_interval":{"confidence_level":0.99,"lower_bound":27196984.0,"upper_bound":27226995.0},"point_estimate":27210159.5,"standard_error":6148.620506519207},"median_abs_dev":{"confidence_interval":{"confidence_level":0.99,"lower_bound":28583.044892549515,"upper_bound":63329.99917566776},"point_estimate":45441.68919324875,"standard_error":7024.792260028214},"slope":null,"std_dev":{"confidence_interval":{"confidence_level":0.99,"lower_bound":186361.43986636822,"upper_bound":537034.4247968266},"point_estimate":384335.5325971747,"standard_error":67947.37738121134}}