{"mean":{"confidence_interval":{"confidence_level":0.99,"lower_bound":86982373.61,"upper_bound":92874478.06095},"point_estimate":89577463.59,"standard_error":1145865.3697554786},"median":{"confidence_interval":{"confidence_level":0.99,"lower_bound":85665267.5,"upper_bound":85925129.0},"point_estimate":85764278.0,"standard_error":67066.24298300369},"median_abs_dev":{"confidence_interval":{"confidence_level":0.99,"lower_bound":212755.32012283802,"upper_bound":558114.381891489},"point_estimate":309546.8594044447,"standard_error":73908.29183859633},"slope":null,"std_dev":{"confidence_interval":{"confidence_level":0.99,"lower_bound":6018612.4295166135,"upper_bound":15402996.731448827},"point_estimate":11470245.377560241,"standard_error":1804217.7183074246}}