{"mean":{"confidence_interval":{"confidence_level":0.99,"lower_bound":52564614.15,"upper_bound":54492016.36404999},"point_estimate":53227773.69,"standard_error":429840.0563313802},"median":{"confidence_interval":{"confidence_level":0.99,"lower_bound":52467785.0,"upper_bound":52546696.0},"point_estimate":52493236.0,"standard_error":13645.703121100614},"median_abs_dev":{"confidence_interval":{"confidence_level":0.99,"lower_bound":67362.67110407352,"upper_bound":185793.49830150604},"point_estimate":115029.001557827,"standard_error":22790.56159938126},"slope":null,"std_dev":{"confidence_interval":{"confidence_level":0.99,"lower_bound":232215.57095242495,"upper_bound":7334351.897296223},"point_estimate":4325226.8278712975,"standard_error":1790885.993192127}}