{"mean":{"confidence_interval":{"confidence_level":0.99,"lower_bound":111984824.98395,"upper_bound":114290867.70365},"point_estimate":113069587.08,"standard_error":446386.1182938717},"median":{"confidence_interval":{"confidence_level":0.99,"lower_bound":112599823.0,"upper_bound":112984906.0},"point_estimate":112883555.0,"standard_error":81791.83968163174},"median_abs_dev":{"confidence_interval":{"confidence_level":0.99,"lower_bound":428302.3759961128,"upper_bound":1265588.8503313065},"point_estimate":737732.8513026237,"standard_error":142570.39160570301},"slope":null,"std_dev":{"confidence_interval":{"confidence_level":0.99,"lower_bound":2899498.195353567,"upper_bound":6133554.7709588455},"point_estimate":4480283.297656869,"standard_error":662574.5421550291}}