{"mean":{"confidence_interval":{"confidence_level":0.99,"lower_bound":662275346.7999,"upper_bound":662578181.38},"point_estimate":662430220.15,"standard_error":59035.47615607396},"median":{"confidence_interval":{"confidence_level":0.99,"lower_bound":662342057.0,"upper_bound":662698744.0},"point_estimate":662473698.0,"standard_error":66166.97697263228},"median_abs_dev":{"confidence_interval":{"confidence_level":0.99,"lower_bound":375187.7945720852,"upper_bound":726235.2885067463},"point_estimate":553042.4073815346,"standard_error":68682.41343556956},"slope":null,"std_dev":{"confidence_interval":{"confidence_level":0.99,"lower_bound":484113.6823534907,"upper_bound":702148.395869699},"point_estimate":598120.5584619339,"standard_error":42928.6522403747}}