{"mean":{"confidence_interval":{"confidence_level":0.99,"lower_bound":98826194.16255,"upper_bound":100287376.5424},"point_estimate":99456238.27,"standard_error":283181.72813629336},"median":{"confidence_interval":{"confidence_level":0.99,"lower_bound":98599116.0,"upper_bound":99461787.0},"point_estimate":98969140.0,"standard_error":153663.089316291},"median_abs_dev":{"confidence_interval":{"confidence_level":0.99,"lower_bound":971539.3452902291,"upper_bound":1853190.663099289},"point_estimate":1404354.2774677277,"standard_error":165006.63650811228},"slope":null,"std_dev":{"confidence_interval":{"confidence_level":0.99,"lower_bound":1242404.314128256,"upper_bound":4262727.681423006},"point_estimate":2840471.712680135,"standard_error":621857.4549544248}}