{"mean":{"confidence_interval":{"confidence_level":0.99,"lower_bound":109698973.64639999,"upper_bound":110449058.55165},"point_estimate":110048178.16,"standard_error":145859.30531417773},"median":{"confidence_interval":{"confidence_level":0.99,"lower_bound":109463357.0,"upper_bound":110003916.0},"point_estimate":109777585.0,"standard_error":114913.97690290122},"median_abs_dev":{"confidence_interval":{"confidence_level":0.99,"lower_bound":584330.1112215668,"upper_bound":1220542.274031043},"point_estimate":782609.669905901,"standard_error":120808.10570876171},"slope":null,"std_dev":{"confidence_interval":{"confidence_level":0.99,"lower_bound":938269.3740219617,"upper_bound":1903144.7923178943},"point_estimate":1461144.8902024056,"standard_error":188865.3833942602}}