{"mean":{"confidence_interval":{"confidence_level":0.99,"lower_bound":86713138.8448,"upper_bound":93767054.15285002},"point_estimate":90050047.38,"standard_error":1379560.621543426},"median":{"confidence_interval":{"confidence_level":0.99,"lower_bound":82734057.0,"upper_bound":83265532.0},"point_estimate":82954178.0,"standard_error":101247.1199622042},"median_abs_dev":{"confidence_interval":{"confidence_level":0.99,"lower_bound":348784.6090078354,"upper_bound":1107333.3084944042},"point_estimate":627288.7901633978,"standard_error":148027.68577660192},"slope":null,"std_dev":{"confidence_interval":{"confidence_level":0.99,"lower_bound":10453483.932559134,"upper_bound":15942909.226857176},"point_estimate":13834886.89225975,"standard_error":1048961.0629583574}}