{"mean":{"confidence_interval":{"confidence_level":0.99,"lower_bound":89575462.1157,"upper_bound":93227213.9023},"point_estimate":91168776.7,"standard_error":720233.5863355363},"median":{"confidence_interval":{"confidence_level":0.99,"lower_bound":89015315.0,"upper_bound":89236489.0},"point_estimate":89075075.0,"standard_error":34060.227662841804},"median_abs_dev":{"confidence_interval":{"confidence_level":0.99,"lower_bound":236215.24080634117,"upper_bound":593540.3669625521},"point_estimate":384234.3156784773,"standard_error":69381.15214134775},"slope":null,"std_dev":{"confidence_interval":{"confidence_level":0.99,"lower_bound":3117228.8486224506,"upper_bound":10138142.372121697},"point_estimate":7222468.766219244,"standard_error":1368833.5611496011}}