{"mean":{"confidence_interval":{"confidence_level":0.99,"lower_bound":307150355.86965,"upper_bound":307591695.52415},"point_estimate":307367794.21,"standard_error":85841.00604668685},"median":{"confidence_interval":{"confidence_level":0.99,"lower_bound":306985433.0,"upper_bound":307294487.5},"point_estimate":307116242.0,"standard_error":58061.23601858199},"median_abs_dev":{"confidence_interval":{"confidence_level":0.99,"lower_bound":343489.5032018423,"upper_bound":1483777.8104016848},"point_estimate":845100.5174964666,"standard_error":276433.6441404257},"slope":null,"std_dev":{"confidence_interval":{"confidence_level":0.99,"lower_bound":745652.9442074919,"upper_bound":956014.8859766813},"point_estimate":863180.1048388695,"standard_error":40627.86956641037}}