{"mean":{"confidence_interval":{"confidence_level":0.99,"lower_bound":728826993.1891501,"upper_bound":729064589.0386},"point_estimate":728920481.86,"standard_error":47955.23367108986},"median":{"confidence_interval":{"confidence_level":0.99,"lower_bound":728806724.0,"upper_bound":728853932.0},"point_estimate":728832423.5,"standard_error":6731.221059717699},"median_abs_dev":{"confidence_interval":{"confidence_level":0.99,"lower_bound":49387.62902319431,"upper_bound":91213.99818062782},"point_estimate":65149.89064335823,"standard_error":8112.034516430361},"slope":null,"std_dev":{"confidence_interval":{"confidence_level":0.99,"lower_bound":62118.274247835994,"upper_bound":764926.2733586867},"point_estimate":481939.8789812533,"standard_error":142270.97387217282}}