{"mean":{"confidence_interval":{"confidence_level":0.99,"lower_bound":70928865.5066,"upper_bound":72688675.01},"point_estimate":71510999.37,"standard_error":363117.0582366932},"median":{"confidence_interval":{"confidence_level":0.99,"lower_bound":70775742.0,"upper_bound":70988464.0},"point_estimate":70944894.0,"standard_error":48314.78897978024},"median_abs_dev":{"confidence_interval":{"confidence_level":0.99,"lower_bound":190130.10322451591,"upper_bound":501049.10890460014},"point_estimate":314951.67760849,"standard_error":60946.279903351606},"slope":null,"std_dev":{"confidence_interval":{"confidence_level":0.99,"lower_bound":515480.2569123808,"upper_bound":6922970.536509676},"point_estimate":3657622.5899994713,"standard_error":1701802.5843014563}}