{"mean":{"confidence_interval":{"confidence_level":0.99,"lower_bound":27810996.61,"upper_bound":27957375.54285},"point_estimate":27878079.32,"standard_error":28756.42520406034},"median":{"confidence_interval":{"confidence_level":0.99,"lower_bound":27753818.0,"upper_bound":27797118.0},"point_estimate":27772809.0,"standard_error":8215.713595743227},"median_abs_dev":{"confidence_interval":{"confidence_level":0.99,"lower_bound":40445.14195695521,"upper_bound":84642.44792729623},"point_estimate":55012.61332333088,"standard_error":8088.198272142533},"slope":null,"std_dev":{"confidence_interval":{"confidence_level":0.99,"lower_bound":179756.7402418173,"upper_bound":379488.87612539553},"point_estimate":290372.49893172755,"standard_error":38899.529628478034}}