{"mean":{"confidence_interval":{"confidence_level":0.99,"lower_bound":111276169.49985,"upper_bound":111919695.09655},"point_estimate":111558059.93,"standard_error":125878.40804140754},"median":{"confidence_interval":{"confidence_level":0.99,"lower_bound":111208748.0,"upper_bound":111469897.0},"point_estimate":111370623.0,"standard_error":44362.49075558864},"median_abs_dev":{"confidence_interval":{"confidence_level":0.99,"lower_bound":337842.27990210056,"upper_bound":729800.088948459},"point_estimate":515543.74754726887,"standard_error":68934.98715017014},"slope":null,"std_dev":{"confidence_interval":{"confidence_level":0.99,"lower_bound":577341.83247975,"upper_bound":1837757.6306924343},"point_estimate":1262708.5950076713,"standard_error":253878.91860614423}}