{"mean":{"confidence_interval":{"confidence_level":0.99,"lower_bound":28626263.542650003,"upper_bound":28811739.7768},"point_estimate":28682400.04,"standard_error":40443.71053214995},"median":{"confidence_interval":{"confidence_level":0.99,"lower_bound":28615835.0,"upper_bound":28654516.0},"point_estimate":28632431.5,"standard_error":8512.295026154596},"median_abs_dev":{"confidence_interval":{"confidence_level":0.99,"lower_bound":38244.1073945314,"upper_bound":86096.06307148933},"point_estimate":51921.39237821102,"standard_error":9421.350342069445},"slope":null,"std_dev":{"confidence_interval":{"confidence_level":0.99,"lower_bound":57449.62503634441,"upper_bound":789150.1584209902},"point_estimate":405704.90326371527,"standard_error":218083.44212140245}}