{"mean":{"confidence_interval":{"confidence_level":0.99,"lower_bound":1916570109.93,"upper_bound":1918262506.56},"point_estimate":1917272652.34,"standard_error":334110.8125307415},"median":{"confidence_interval":{"confidence_level":0.99,"lower_bound":1916289268.0,"upper_bound":1916671843.0},"point_estimate":1916410171.5,"standard_error":79289.18332314909},"median_abs_dev":{"confidence_interval":{"confidence_level":0.99,"lower_bound":434557.4652850628,"upper_bound":1060395.531374216},"point_estimate":597448.5004931688,"standard_error":128647.88694942281},"slope":null,"std_dev":{"confidence_interval":{"confidence_level":0.99,"lower_bound":1221980.0906790958,"upper_bound":5473604.312603117},"point_estimate":3358357.1565257236,"standard_error":907455.0397586959}}