{"mean":{"confidence_interval":{"confidence_level":0.99,"lower_bound":26268478.047799997,"upper_bound":26313089.146},"point_estimate":26286397.42,"standard_error":8752.9457869172},"median":{"confidence_interval":{"confidence_level":0.99,"lower_bound":26265240.0,"upper_bound":26280141.0},"point_estimate":26274020.5,"standard_error":3494.2339767803564},"median_abs_dev":{"confidence_interval":{"confidence_level":0.99,"lower_bound":17470.95808982849,"upper_bound":37079.9031782002},"point_estimate":25152.30855345726,"standard_error":3725.220182292582},"slope":null,"std_dev":{"confidence_interval":{"confidence_level":0.99,"lower_bound":29540.33127207854,"upper_bound":144768.3255801224},"point_estimate":87756.38830263485,"standard_error":25972.96378002576}}