{"mean":{"confidence_interval":{"confidence_level":0.99,"lower_bound":2556411960.6506996,"upper_bound":2557462882.69},"point_estimate":2556928806.25,"standard_error":203971.45983904443},"median":{"confidence_interval":{"confidence_level":0.99,"lower_bound":2555986567.0,"upper_bound":2557601763.5},"point_estimate":2556555657.0,"standard_error":309553.28351606877},"median_abs_dev":{"confidence_interval":{"confidence_level":0.99,"lower_bound":1305442.6202237606,"upper_bound":2943668.8892394304},"point_estimate":2299038.127183914,"standard_error":308836.6834141078},"slope":null,"std_dev":{"confidence_interval":{"confidence_level":0.99,"lower_bound":1736128.623513197,"upper_bound":2344177.520002933},"point_estimate":2053829.6328953377,"standard_error":117689.2338950809}}