{"mean":{"confidence_interval":{"confidence_level":0.99,"lower_bound":125050011.65625,"upper_bound":125472140.7205},"point_estimate":125253319.22,"standard_error":81687.62843756074},"median":{"confidence_interval":{"confidence_level":0.99,"lower_bound":124937244.0,"upper_bound":125279023.0},"point_estimate":125076373.0,"standard_error":77759.1111257521},"median_abs_dev":{"confidence_interval":{"confidence_level":0.99,"lower_bound":357789.92124795914,"upper_bound":826942.3743188381},"point_estimate":499205.4958373308,"standard_error":89895.10186417561},"slope":null,"std_dev":{"confidence_interval":{"confidence_level":0.99,"lower_bound":636486.8220234324,"upper_bound":965081.8558673935},"point_estimate":819646.1894467745,"standard_error":63504.41168928945}}