{"mean":{"confidence_interval":{"confidence_level":0.99,"lower_bound":26625459.4227,"upper_bound":26822450.025900003},"point_estimate":26680499.99,"standard_error":45183.733927256944},"median":{"confidence_interval":{"confidence_level":0.99,"lower_bound":26616858.0,"upper_bound":26637439.0},"point_estimate":26624283.0,"standard_error":3516.5452115250023},"median_abs_dev":{"confidence_interval":{"confidence_level":0.99,"lower_bound":23174.512775570154,"upper_bound":43981.40605567403},"point_estimate":31476.33874118328,"standard_error":3802.970244526842},"slope":null,"std_dev":{"confidence_interval":{"confidence_level":0.99,"lower_bound":30695.485659447153,"upper_bound":891641.9453248413},"point_estimate":454204.7451801573,"standard_error":263191.0963485093}}