{"mean":{"confidence_interval":{"confidence_level":0.99,"lower_bound":47549596.8,"upper_bound":49130087.9015},"point_estimate":48307279.84,"standard_error":305505.0353007185},"median":{"confidence_interval":{"confidence_level":0.99,"lower_bound":46914297.0,"upper_bound":48770803.0},"point_estimate":47896700.5,"standard_error":403506.9437423291},"median_abs_dev":{"confidence_interval":{"confidence_level":0.99,"lower_bound":1744864.4960224628,"upper_bound":3225734.275531769},"point_estimate":2772827.411672473,"standard_error":319113.6052958728},"slope":null,"std_dev":{"confidence_interval":{"confidence_level":0.99,"lower_bound":2258409.14131312,"upper_bound":3901700.5010407926},"point_estimate":3053053.3007850605,"standard_error":330271.33826921316}}