{"mean":{"confidence_interval":{"confidence_level":0.99,"lower_bound":29019884.08,"upper_bound":29855388.70255},"point_estimate":29365856.96,"standard_error":164205.70684796124},"median":{"confidence_interval":{"confidence_level":0.99,"lower_bound":28941014.0,"upper_bound":28979093.175},"point_estimate":28964923.5,"standard_error":7331.234193342851},"median_abs_dev":{"confidence_interval":{"confidence_level":0.99,"lower_bound":43278.4572236538,"upper_bound":115917.96479554487},"point_estimate":72352.36131548882,"standard_error":12839.868323307448},"slope":null,"std_dev":{"confidence_interval":{"confidence_level":0.99,"lower_bound":202450.53839909463,"upper_bound":2532705.9858915815},"point_estimate":1668645.0264148598,"standard_error":413995.2638079475}}