{"mean":{"confidence_interval":{"confidence_level":0.99,"lower_bound":121413222.288,"upper_bound":121502259.11595},"point_estimate":121442725.09,"standard_error":18369.685083186487},"median":{"confidence_interval":{"confidence_level":0.99,"lower_bound":121413670.0,"upper_bound":121443943.0},"point_estimate":121434935.0,"standard_error":6051.978296103837},"median_abs_dev":{"confidence_interval":{"confidence_level":0.99,"lower_bound":27165.679317712784,"upper_bound":57341.77788197994},"point_estimate":40905.674573779106,"standard_error":5517.148362457768},"slope":null,"std_dev":{"confidence_interval":{"confidence_level":0.99,"lower_bound":38957.22649182377,"upper_bound":351389.5511973685},"point_estimate":184201.35909094542,"standard_error":88556.72485176485}}