{"mean":{"confidence_interval":{"confidence_level":0.99,"lower_bound":728171226.977,"upper_bound":728200971.64435},"point_estimate":728185536.59,"standard_error":5742.66024137294},"median":{"confidence_interval":{"confidence_level":0.99,"lower_bound":728161666.0,"upper_bound":728189795.5},"point_estimate":728177571.5,"standard_error":6037.574817161988},"median_abs_dev":{"confidence_interval":{"confidence_level":0.99,"lower_bound":31730.60463666916,"upper_bound":70743.74034404755},"point_estimate":46635.92347204685,"standard_error":7666.825123427598},"slope":null,"std_dev":{"confidence_interval":{"confidence_level":0.99,"lower_bound":43196.20721670865,"upper_bound":73721.31947385901},"point_estimate":57852.27002453594,"standard_error":6049.470937940708}}