{"mean":{"confidence_interval":{"confidence_level":0.99,"lower_bound":26794391.8,"upper_bound":26927150.06},"point_estimate":26859752.66,"standard_error":25861.460385765928},"median":{"confidence_interval":{"confidence_level":0.99,"lower_bound":26749017.0,"upper_bound":26916059.0},"point_estimate":26839457.5,"standard_error":32213.989805039655},"median_abs_dev":{"confidence_interval":{"confidence_level":0.99,"lower_bound":203933.10897946358,"upper_bound":382847.34340310097},"point_estimate":291978.0497163534,"standard_error":34553.0858024848},"slope":null,"std_dev":{"confidence_interval":{"confidence_level":0.99,"lower_bound":216493.5771361405,"upper_bound":296727.9108691062},"point_estimate":258549.33826689032,"standard_error":15531.217200312329}}