{"mean":{"confidence_interval":{"confidence_level":0.99,"lower_bound":90232268.4663,"upper_bound":93309941.51484999},"point_estimate":91510230.74,"standard_error":605872.9333581877},"median":{"confidence_interval":{"confidence_level":0.99,"lower_bound":89835591.0,"upper_bound":90455210.0},"point_estimate":90173362.5,"standard_error":95919.07661603166},"median_abs_dev":{"confidence_interval":{"confidence_level":0.99,"lower_bound":737408.8957953751,"upper_bound":1533652.7255582216},"point_estimate":1146928.9614379406,"standard_error":166523.1528595184},"slope":null,"std_dev":{"confidence_interval":{"confidence_level":0.99,"lower_bound":1181716.965549851,"upper_bound":9154507.434894599},"point_estimate":6070144.215966034,"standard_error":1451403.3462356697}}