{"mean":{"confidence_interval":{"confidence_level":0.99,"lower_bound":26103230.59,"upper_bound":26121873.1156},"point_estimate":26112285.44,"standard_error":3632.36149133082},"median":{"confidence_interval":{"confidence_level":0.99,"lower_bound":26094881.325,"upper_bound":26118474.0},"point_estimate":26102153.0,"standard_error":3925.5237533236354},"median_abs_dev":{"confidence_interval":{"confidence_level":0.99,"lower_bound":23759.40217168629,"upper_bound":46139.28583936396},"point_estimate":32684.65771973133,"standard_error":4161.394423319785},"slope":null,"std_dev":{"confidence_interval":{"confidence_level":0.99,"lower_bound":29592.779832054155,"upper_bound":42735.86345856831},"point_estimate":36546.60389266385,"standard_error":2568.721084019938}}