{"mean":{"confidence_interval":{"confidence_level":0.99,"lower_bound":26247794.95,"upper_bound":26312668.7939},"point_estimate":26276490.92,"standard_error":12453.827746672841},"median":{"confidence_interval":{"confidence_level":0.99,"lower_bound":26228356.0,"upper_bound":26296816.5},"point_estimate":26265896.0,"standard_error":14916.337927884231},"median_abs_dev":{"confidence_interval":{"confidence_level":0.99,"lower_bound":66280.37312328815,"upper_bound":120788.46138207642},"point_estimate":91914.52666819096,"standard_error":10415.20076592236},"slope":null,"std_dev":{"confidence_interval":{"confidence_level":0.99,"lower_bound":71270.86901713468,"upper_bound":184642.84142192136},"point_estimate":124925.9562370083,"standard_error":25570.06485582491}}