{"mean":{"confidence_interval":{"confidence_level":0.99,"lower_bound":54438570.67605,"upper_bound":54548999.761599995},"point_estimate":54493854.07,"standard_error":21611.439782177742},"median":{"confidence_interval":{"confidence_level":0.99,"lower_bound":54326019.0,"upper_bound":54656311.0},"point_estimate":54595755.5,"standard_error":88939.21836948545},"median_abs_dev":{"confidence_interval":{"confidence_level":0.99,"lower_bound":90483.7064985931,"upper_bound":330948.1900244951},"point_estimate":231910.5117827654,"standard_error":63825.66723890627},"slope":null,"std_dev":{"confidence_interval":{"confidence_level":0.99,"lower_bound":196169.01197105658,"upper_bound":240197.14867144063},"point_estimate":217317.8420220398,"standard_error":8504.418464442091}}