{"mean":{"confidence_interval":{"confidence_level":0.99,"lower_bound":120840058.68024999,"upper_bound":120893218.36424999},"point_estimate":120858529.62,"standard_error":10853.896425363382},"median":{"confidence_interval":{"confidence_level":0.99,"lower_bound":120832627.0,"upper_bound":120853136.6025},"point_estimate":120844031.5,"standard_error":4347.464979196853},"median_abs_dev":{"confidence_interval":{"confidence_level":0.99,"lower_bound":19084.72368317843,"upper_bound":34234.715992212296},"point_estimate":25427.33084857464,"standard_error":3098.4538786804933},"slope":null,"std_dev":{"confidence_interval":{"confidence_level":0.99,"lower_bound":22678.081399122624,"upper_bound":202904.9494040432},"point_estimate":108802.1297309733,"standard_error":47391.249392364385}}