{"mean":{"confidence_interval":{"confidence_level":0.99,"lower_bound":610294707.42195,"upper_bound":611197285.33595},"point_estimate":610729343.25,"standard_error":174009.15595206872},"median":{"confidence_interval":{"confidence_level":0.99,"lower_bound":610205567.0,"upper_bound":610987242.0},"point_estimate":610569239.5,"standard_error":139210.61028000718},"median_abs_dev":{"confidence_interval":{"confidence_level":0.99,"lower_bound":875903.7558495998,"upper_bound":1842114.899995923},"point_estimate":1153817.8622156382,"standard_error":176387.78213916105},"slope":null,"std_dev":{"confidence_interval":{"confidence_level":0.99,"lower_bound":1312868.5943687626,"upper_bound":2163743.328774283},"point_estimate":1750869.461869231,"standard_error":165229.24090100036}}