{"mean":{"confidence_interval":{"confidence_level":0.99,"lower_bound":115781708.24075,"upper_bound":118951299.5773},"point_estimate":117126233.48,"standard_error":626319.529758597},"median":{"confidence_interval":{"confidence_level":0.99,"lower_bound":115190140.0,"upper_bound":115419888.0},"point_estimate":115267930.0,"standard_error":55590.72640476249},"median_abs_dev":{"confidence_interval":{"confidence_level":0.99,"lower_bound":183039.56885039806,"upper_bound":493961.695403427},"point_estimate":281417.4901038408,"standard_error":58317.40092667268},"slope":null,"std_dev":{"confidence_interval":{"confidence_level":0.99,"lower_bound":1724549.5128725765,"upper_bound":9367394.286749268},"point_estimate":6305838.2758915,"standard_error":1413115.3815282409}}