{"mean":{"confidence_interval":{"confidence_level":0.99,"lower_bound":26331919.649,"upper_bound":26673322.5926},"point_estimate":26476955.16,"standard_error":66651.88824013917},"median":{"confidence_interval":{"confidence_level":0.99,"lower_bound":26259431.0,"upper_bound":26282371.0},"point_estimate":26266650.0,"standard_error":3967.0288452387},"median_abs_dev":{"confidence_interval":{"confidence_level":0.99,"lower_bound":28182.742899656296,"upper_bound":73464.45584924532},"point_estimate":42386.05064749718,"standard_error":7132.658168989471},"slope":null,"std_dev":{"confidence_interval":{"confidence_level":0.99,"lower_bound":290713.8245930708,"upper_bound":1041270.7621194032},"point_estimate":671340.0414774346,"standard_error":152645.72067659145}}