{"mean":{"confidence_interval":{"confidence_level":0.99,"lower_bound":26227065.67185,"upper_bound":26311047.555600002},"point_estimate":26262824.5,"standard_error":16688.114496556333},"median":{"confidence_interval":{"confidence_level":0.99,"lower_bound":26210141.0,"upper_bound":26232061.0},"point_estimate":26221145.0,"standard_error":4919.975910637339},"median_abs_dev":{"confidence_interval":{"confidence_level":0.99,"lower_bound":27962.428543567672,"upper_bound":60459.685626626015},"point_estimate":41128.064569830894,"standard_error":5919.242788460309},"slope":null,"std_dev":{"confidence_interval":{"confidence_level":0.99,"lower_bound":62906.318941042984,"upper_bound":259926.4903473417},"point_estimate":167581.62509446862,"standard_error":40745.136906227635}}