{"mean":{"confidence_interval":{"confidence_level":0.99,"lower_bound":26593130.94,"upper_bound":26756854.32335},"point_estimate":26673866.55,"standard_error":31581.125442783556},"median":{"confidence_interval":{"confidence_level":0.99,"lower_bound":26481627.0,"upper_bound":26738582.0},"point_estimate":26576813.5,"standard_error":39413.64879207654},"median_abs_dev":{"confidence_interval":{"confidence_level":0.99,"lower_bound":190665.3218150139,"upper_bound":445782.2296857834},"point_estimate":308348.9186257124,"standard_error":45976.353615121305},"slope":null,"std_dev":{"confidence_interval":{"confidence_level":0.99,"lower_bound":262452.55470604816,"upper_bound":363841.29627161805},"point_estimate":317679.9070103881,"standard_error":19597.138133953646}}