{"mean":{"confidence_interval":{"confidence_level":0.99,"lower_bound":93414018.7106,"upper_bound":94403824.90179999},"point_estimate":93930353.99,"standard_error":192281.5806766911},"median":{"confidence_interval":{"confidence_level":0.99,"lower_bound":94468711.0,"upper_bound":94715763.0},"point_estimate":94574999.0,"standard_error":51797.370564197634},"median_abs_dev":{"confidence_interval":{"confidence_level":0.99,"lower_bound":288276.44977506995,"upper_bound":799764.8342013359},"point_estimate":504034.323951602,"standard_error":91484.20833706658},"slope":null,"std_dev":{"confidence_interval":{"confidence_level":0.99,"lower_bound":1466681.1959381234,"upper_bound":2282531.835745982},"point_estimate":1930987.3382309924,"standard_error":156884.56290565061}}