{"mean":{"confidence_interval":{"confidence_level":0.99,"lower_bound":28273088.49635,"upper_bound":28555442.674050003},"point_estimate":28368325.83,"standard_error":58279.77943149868},"median":{"confidence_interval":{"confidence_level":0.99,"lower_bound":28238840.0,"upper_bound":28377134.5},"point_estimate":28300841.0,"standard_error":28460.216246788274},"median_abs_dev":{"confidence_interval":{"confidence_level":0.99,"lower_bound":144489.74563479424,"upper_bound":253683.97499620914},"point_estimate":198844.82586979866,"standard_error":21406.752172644854},"slope":null,"std_dev":{"confidence_interval":{"confidence_level":0.99,"lower_bound":156937.3084984382,"upper_bound":1108376.033508408},"point_estimate":582651.5700646044,"standard_error":277080.20129598776}}