{"mean":{"confidence_interval":{"confidence_level":0.99,"lower_bound":217689489.7088,"upper_bound":217735885.0097},"point_estimate":217710101.85,"standard_error":8937.989230472485},"median":{"confidence_interval":{"confidence_level":0.99,"lower_bound":217673710.0,"upper_bound":217720863.0},"point_estimate":217702095.0,"standard_error":9066.939780351944},"median_abs_dev":{"confidence_interval":{"confidence_level":0.99,"lower_bound":53544.02391940356,"upper_bound":93331.15094304085},"point_estimate":74472.4792778492,"standard_error":7751.247775753315},"slope":null,"std_dev":{"confidence_interval":{"confidence_level":0.99,"lower_bound":56287.45685583295,"upper_bound":135574.407694298},"point_estimate":89095.65761804226,"standard_error":18326.400693429812}}