{"mean":{"confidence_interval":{"confidence_level":0.99,"lower_bound":26535086.39,"upper_bound":26578318.30095},"point_estimate":26553619.13,"standard_error":8313.231070956625},"median":{"confidence_interval":{"confidence_level":0.99,"lower_bound":26524771.0,"upper_bound":26549972.0},"point_estimate":26536821.5,"standard_error":4216.148117088353},"median_abs_dev":{"confidence_interval":{"confidence_level":0.99,"lower_bound":25367.285549640656,"upper_bound":47858.4012803436},"point_estimate":35338.511672616005,"standard_error":4229.904693611656},"slope":null,"std_dev":{"confidence_interval":{"confidence_level":0.99,"lower_bound":37581.96765107688,"upper_bound":131214.65301372754},"point_estimate":83302.08845110828,"standard_error":20001.672689739215}}