{"mean":{"confidence_interval":{"confidence_level":0.99,"lower_bound":36155372.187249996,"upper_bound":36957295.82305},"point_estimate":36492126.23,"standard_error":158221.752924396},"median":{"confidence_interval":{"confidence_level":0.99,"lower_bound":36092342.0,"upper_bound":36138997.0},"point_estimate":36116852.0,"standard_error":8681.584975385213},"median_abs_dev":{"confidence_interval":{"confidence_level":0.99,"lower_bound":45033.90007048846,"upper_bound":91270.40740312643},"point_estimate":62625.022888183594,"standard_error":9178.822241894333},"slope":null,"std_dev":{"confidence_interval":{"confidence_level":0.99,"lower_bound":176766.3857737913,"upper_bound":2400943.7613245095},"point_estimate":1594822.3051547233,"standard_error":390314.2749600258}}