{"mean":{"confidence_interval":{"confidence_level":0.99,"lower_bound":419947512.21705,"upper_bound":420140092.92904997},"point_estimate":420041145.13,"standard_error":37065.66706837384},"median":{"confidence_interval":{"confidence_level":0.99,"lower_bound":419882342.0,"upper_bound":420145591.0},"point_estimate":419980872.0,"standard_error":46205.99199371304},"median_abs_dev":{"confidence_interval":{"confidence_level":0.99,"lower_bound":258735.93440651894,"upper_bound":496485.84409761446},"point_estimate":323845.79485058784,"standard_error":44185.84356306753},"slope":null,"std_dev":{"confidence_interval":{"confidence_level":0.99,"lower_bound":298747.17801778397,"upper_bound":446825.72402751265},"point_estimate":372811.7716312366,"standard_error":29118.68315923716}}