{"mean":{"confidence_interval":{"confidence_level":0.99,"lower_bound":83290475.23494999,"upper_bound":83413843.8798},"point_estimate":83344479.68,"standard_error":24086.657231287234},"median":{"confidence_interval":{"confidence_level":0.99,"lower_bound":83252391.0,"upper_bound":83337432.0},"point_estimate":83298461.0,"standard_error":13203.230829421274},"median_abs_dev":{"confidence_interval":{"confidence_level":0.99,"lower_bound":81566.70903240144,"upper_bound":153367.55427718163},"point_estimate":106725.70040524006,"standard_error":14413.652856674236},"slope":null,"std_dev":{"confidence_interval":{"confidence_level":0.99,"lower_bound":114521.22044208158,"upper_bound":359502.49742633745},"point_estimate":242290.9602460378,"standard_error":50287.699378289515}}