{"mean":{"confidence_interval":{"confidence_level":0.99,"lower_bound":152745678.67990002,"upper_bound":153513760.60665002},"point_estimate":153130501.67,"standard_error":149328.13810859565},"median":{"confidence_interval":{"confidence_level":0.99,"lower_bound":152611536.5,"upper_bound":153121958.0},"point_estimate":152916886.0,"standard_error":96490.08211330409},"median_abs_dev":{"confidence_interval":{"confidence_level":0.99,"lower_bound":603821.0598845334,"upper_bound":2027036.0587119192},"point_estimate":1165841.7480021715,"standard_error":269423.2555932681},"slope":null,"std_dev":{"confidence_interval":{"confidence_level":0.99,"lower_bound":1214188.2059957616,"upper_bound":1764915.468986787},"point_estimate":1501373.7717832318,"standard_error":106809.72889244574}}