{"mean":{"confidence_interval":{"confidence_level":0.99,"lower_bound":129367017.64925,"upper_bound":129599065.54},"point_estimate":129457889.11,"standard_error":45809.83845227533},"median":{"confidence_interval":{"confidence_level":0.99,"lower_bound":129332195.0,"upper_bound":129495481.5},"point_estimate":129414381.0,"standard_error":28518.188465545467},"median_abs_dev":{"confidence_interval":{"confidence_level":0.99,"lower_bound":155155.569845438,"upper_bound":333779.95597422123},"point_estimate":231198.12249541283,"standard_error":34054.90389052462},"slope":null,"std_dev":{"confidence_interval":{"confidence_level":0.99,"lower_bound":207841.40555167382,"upper_bound":800087.8181170824},"point_estimate":457214.4752795669,"standard_error":156523.65220506908}}