{"mean":{"confidence_interval":{"confidence_level":0.99,"lower_bound":112042011.01365,"upper_bound":112585256.8386},"point_estimate":112280570.57,"standard_error":107013.33155976032},"median":{"confidence_interval":{"confidence_level":0.99,"lower_bound":111895572.0,"upper_bound":112137539.0},"point_estimate":112061586.5,"standard_error":49756.893985384406},"median_abs_dev":{"confidence_interval":{"confidence_level":0.99,"lower_bound":230846.00500166416,"upper_bound":488077.3191183956},"point_estimate":357983.4005445242,"standard_error":47482.4497994124},"slope":null,"std_dev":{"confidence_interval":{"confidence_level":0.99,"lower_bound":493212.11981739214,"upper_bound":1563253.5819093138},"point_estimate":1074652.632825309,"standard_error":216105.61295511125}}