{"mean":{"confidence_interval":{"confidence_level":0.99,"lower_bound":26343163.9514,"upper_bound":26512221.67745},"point_estimate":26398749.17,"standard_error":35323.706436670225},"median":{"confidence_interval":{"confidence_level":0.99,"lower_bound":26317234.0,"upper_bound":26344814.0},"point_estimate":26327919.0,"standard_error":5644.153980104678},"median_abs_dev":{"confidence_interval":{"confidence_level":0.99,"lower_bound":29377.71847844124,"upper_bound":67147.69410789013},"point_estimate":41817.47355759144,"standard_error":6939.868591996137},"slope":null,"std_dev":{"confidence_interval":{"confidence_level":0.99,"lower_bound":76832.45026717875,"upper_bound":672877.3878146838},"point_estimate":352429.320068952,"standard_error":172792.9741448314}}