{"mean":{"confidence_interval":{"confidence_level":0.99,"lower_bound":96137380.5473,"upper_bound":98084811.6162},"point_estimate":97061380.97,"standard_error":379553.83431744523},"median":{"confidence_interval":{"confidence_level":0.99,"lower_bound":94890456.0,"upper_bound":95160951.0},"point_estimate":94993287.5,"standard_error":60453.025658949016},"median_abs_dev":{"confidence_interval":{"confidence_level":0.99,"lower_bound":204594.57095772034,"upper_bound":602647.2373008728},"point_estimate":293146.33849561214,"standard_error":72135.03656380462},"slope":null,"std_dev":{"confidence_interval":{"confidence_level":0.99,"lower_bound":3026917.9173148735,"upper_bound":4316521.5283035375},"point_estimate":3815166.050790291,"standard_error":250293.44440353167}}