{"mean":{"confidence_interval":{"confidence_level":0.99,"lower_bound":116619205.352,"upper_bound":117065927.34754999},"point_estimate":116840503.72,"standard_error":87028.52963935319},"median":{"confidence_interval":{"confidence_level":0.99,"lower_bound":116631104.0,"upper_bound":117023191.0},"point_estimate":116889690.5,"standard_error":76226.60549434568},"median_abs_dev":{"confidence_interval":{"confidence_level":0.99,"lower_bound":486973.3047544956,"upper_bound":1166957.4044823647},"point_estimate":769950.4900306463,"standard_error":135528.2089679519},"slope":null,"std_dev":{"confidence_interval":{"confidence_level":0.99,"lower_bound":689358.7341804414,"upper_bound":1059582.0174431338},"point_estimate":874014.2289951585,"standard_error":72601.15523313034}}