{"mean":{"confidence_interval":{"confidence_level":0.99,"lower_bound":112827953.7825,"upper_bound":120548461.27705},"point_estimate":116307470.85,"standard_error":1520483.5442710104},"median":{"confidence_interval":{"confidence_level":0.99,"lower_bound":110773230.0,"upper_bound":111322654.0},"point_estimate":111135642.5,"standard_error":106286.41304281312},"median_abs_dev":{"confidence_interval":{"confidence_level":0.99,"lower_bound":650259.452855587,"upper_bound":1817799.1484776183},"point_estimate":1099341.950082779,"standard_error":246876.96803536193},"slope":null,"std_dev":{"confidence_interval":{"confidence_level":0.99,"lower_bound":8072023.5196028855,"upper_bound":19965417.63309093},"point_estimate":15264469.657340132,"standard_error":2213079.203255702}}