{"mean":{"confidence_interval":{"confidence_level":0.99,"lower_bound":26516455.61215,"upper_bound":26596984.77585},"point_estimate":26542871.87,"standard_error":16893.289064523557},"median":{"confidence_interval":{"confidence_level":0.99,"lower_bound":26505438.0,"upper_bound":26537507.0},"point_estimate":26518797.0,"standard_error":5315.207006221794},"median_abs_dev":{"confidence_interval":{"confidence_level":0.99,"lower_bound":27473.31881225109,"upper_bound":52543.34306716919},"point_estimate":40572.83087968826,"standard_error":4725.123794139473},"slope":null,"std_dev":{"confidence_interval":{"confidence_level":0.99,"lower_bound":36062.8291546579,"upper_bound":326389.8344834002},"point_estimate":170213.23416153752,"standard_error":84236.33979040617}}