{"mean":{"confidence_interval":{"confidence_level":0.99,"lower_bound":101476926.9084,"upper_bound":102242192.58175},"point_estimate":101831262.68,"standard_error":149472.25040040922},"median":{"confidence_interval":{"confidence_level":0.99,"lower_bound":101139116.0,"upper_bound":101790940.0},"point_estimate":101421428.5,"standard_error":112551.91667956614},"median_abs_dev":{"confidence_interval":{"confidence_level":0.99,"lower_bound":521646.8703389168,"upper_bound":1247174.6806707245},"point_estimate":830904.6227484941,"standard_error":141650.64341214398},"slope":null,"std_dev":{"confidence_interval":{"confidence_level":0.99,"lower_bound":978972.4120219921,"upper_bound":2095992.4363308533},"point_estimate":1504807.1299288375,"standard_error":230263.40399612449}}