{"mean":{"confidence_interval":{"confidence_level":0.99,"lower_bound":36878617.73,"upper_bound":37338849.79955},"point_estimate":37093090.36,"standard_error":90409.12525767602},"median":{"confidence_interval":{"confidence_level":0.99,"lower_bound":36678055.0,"upper_bound":36837276.0},"point_estimate":36721660.0,"standard_error":35347.5977553274},"median_abs_dev":{"confidence_interval":{"confidence_level":0.99,"lower_bound":131307.3895873279,"upper_bound":319481.0205280781},"point_estimate":196705.43410778046,"standard_error":30330.160025640856},"slope":null,"std_dev":{"confidence_interval":{"confidence_level":0.99,"lower_bound":600980.9154335571,"upper_bound":1148119.3232675325},"point_estimate":910792.026511098,"standard_error":105788.98330539117}}