{"mean":{"confidence_interval":{"confidence_level":0.99,"lower_bound":116018907.46260001,"upper_bound":116393504.33850001},"point_estimate":116197939.92,"standard_error":72551.26276565729},"median":{"confidence_interval":{"confidence_level":0.99,"lower_bound":115940322.0,"upper_bound":116409638.0},"point_estimate":116144099.5,"standard_error":101088.89856286428},"median_abs_dev":{"confidence_interval":{"confidence_level":0.99,"lower_bound":408016.32008676237,"upper_bound":799760.5198354126},"point_estimate":613284.8921120167,"standard_error":71361.1957158692},"slope":null,"std_dev":{"confidence_interval":{"confidence_level":0.99,"lower_bound":522721.9008074603,"upper_bound":934169.5178649101},"point_estimate":726809.9530322078,"standard_error":82307.97081538213}}