{"mean":{"confidence_interval":{"confidence_level":0.99,"lower_bound":28401482.250350002,"upper_bound":28469853.6433},"point_estimate":28435005.24,"standard_error":13212.55208324381},"median":{"confidence_interval":{"confidence_level":0.99,"lower_bound":28395199.0,"upper_bound":28465431.0},"point_estimate":28426955.0,"standard_error":14590.025468272706},"median_abs_dev":{"confidence_interval":{"confidence_level":0.99,"lower_bound":73916.50428771973,"upper_bound":143939.00051607194},"point_estimate":104117.06575155258,"standard_error":13203.668891321446},"slope":null,"std_dev":{"confidence_interval":{"confidence_level":0.99,"lower_bound":100891.3761997353,"upper_bound":165597.07444582542},"point_estimate":132533.663612106,"standard_error":12741.071194079721}}