{"mean":{"confidence_interval":{"confidence_level":0.99,"lower_bound":119874894.55240001,"upper_bound":120852816.56025},"point_estimate":120278382.97,"standard_error":192885.52589302245},"median":{"confidence_interval":{"confidence_level":0.99,"lower_bound":119765781.0,"upper_bound":119813007.0},"point_estimate":119796061.0,"standard_error":9217.35304530387},"median_abs_dev":{"confidence_interval":{"confidence_level":0.99,"lower_bound":56258.73860120773,"upper_bound":121216.63254797459},"point_estimate":86213.92976939678,"standard_error":12326.325337176413},"slope":null,"std_dev":{"confidence_interval":{"confidence_level":0.99,"lower_bound":345888.83156883245,"upper_bound":2974199.448624619},"point_estimate":1939496.1779341563,"standard_error":496619.63636090164}}