{"mean":{"confidence_interval":{"confidence_level":0.99,"lower_bound":79765585.00845,"upper_bound":80435015.13069999},"point_estimate":80109169.27,"standard_error":129240.93123840586},"median":{"confidence_interval":{"confidence_level":0.99,"lower_bound":80028953.5,"upper_bound":80569943.0},"point_estimate":80217579.0,"standard_error":111398.83700534489},"median_abs_dev":{"confidence_interval":{"confidence_level":0.99,"lower_bound":681569.7403997183,"upper_bound":1544986.2979710102},"point_estimate":1093656.1791837215,"standard_error":165757.39732118676},"slope":null,"std_dev":{"confidence_interval":{"confidence_level":0.99,"lower_bound":979853.9995512139,"upper_bound":1614795.6357428646},"point_estimate":1294040.5739958668,"standard_error":124273.41486297747}}