{"mean":{"confidence_interval":{"confidence_level":0.99,"lower_bound":33335469.11175,"upper_bound":33557516.876049995},"point_estimate":33442291.76,"standard_error":42931.36199735745},"median":{"confidence_interval":{"confidence_level":0.99,"lower_bound":33274236.0,"upper_bound":33545989.0},"point_estimate":33384931.5,"standard_error":54561.96812710646},"median_abs_dev":{"confidence_interval":{"confidence_level":0.99,"lower_bound":267766.75107268995,"upper_bound":494169.10372674465},"point_estimate":345877.9717594385,"standard_error":45270.36262177766},"slope":null,"std_dev":{"confidence_interval":{"confidence_level":0.99,"lower_bound":323969.841144013,"upper_bound":531189.0017178165},"point_estimate":430502.8911472533,"standard_error":40995.631744407256}}