{"mean":{"confidence_interval":{"confidence_level":0.99,"lower_bound":207435817.0586,"upper_bound":208150816.56059998},"point_estimate":207759996.13,"standard_error":140290.2514141971},"median":{"confidence_interval":{"confidence_level":0.99,"lower_bound":207246808.0,"upper_bound":207471160.0},"point_estimate":207381339.5,"standard_error":39006.33062211727},"median_abs_dev":{"confidence_interval":{"confidence_level":0.99,"lower_bound":229263.6223432572,"upper_bound":607961.943078519},"point_estimate":410697.98390865326,"standard_error":67042.19922506307},"slope":null,"std_dev":{"confidence_interval":{"confidence_level":0.99,"lower_bound":829515.8291451106,"upper_bound":1858797.9447249533},"point_estimate":1410641.1258129769,"standard_error":199185.1775277639}}