{"mean":{"confidence_interval":{"confidence_level":0.99,"lower_bound":26272217.913,"upper_bound":26313456.86365},"point_estimate":26290233.57,"standard_error":8065.019726987628},"median":{"confidence_interval":{"confidence_level":0.99,"lower_bound":26257776.0,"upper_bound":26287557.0},"point_estimate":26267446.0,"standard_error":6606.288287787167},"median_abs_dev":{"confidence_interval":{"confidence_level":0.99,"lower_bound":26071.520537137985,"upper_bound":59320.38167685277},"point_estimate":36865.58964550495,"standard_error":6526.009844510259},"slope":null,"std_dev":{"confidence_interval":{"confidence_level":0.99,"lower_bound":42452.69810639654,"upper_bound":122463.86438123773},"point_estimate":80937.54269035245,"standard_error":17655.976315495176}}