{"mean":{"confidence_interval":{"confidence_level":0.99,"lower_bound":35085310.9926,"upper_bound":35383130.1233},"point_estimate":35227479.71,"standard_error":57470.56573085303},"median":{"confidence_interval":{"confidence_level":0.99,"lower_bound":35044084.5,"upper_bound":35307167.0},"point_estimate":35190226.0,"standard_error":59887.3996465081},"median_abs_dev":{"confidence_interval":{"confidence_level":0.99,"lower_bound":306670.61545550823,"upper_bound":613897.2059011459},"point_estimate":438963.75240683556,"standard_error":60057.40311851688},"slope":null,"std_dev":{"confidence_interval":{"confidence_level":0.99,"lower_bound":414605.5188702325,"upper_bound":764872.1941543779},"point_estimate":577810.0278117578,"standard_error":70737.49707969854}}