{"mean":{"confidence_interval":{"confidence_level":0.99,"lower_bound":27058312.18615,"upper_bound":27083958.0478},"point_estimate":27070622.63,"standard_error":4957.068387242482},"median":{"confidence_interval":{"confidence_level":0.99,"lower_bound":27053141.0,"upper_bound":27083201.0},"point_estimate":27065801.5,"standard_error":4994.69842299587},"median_abs_dev":{"confidence_interval":{"confidence_level":0.99,"lower_bound":32944.846602112055,"upper_bound":61691.062741264774},"point_estimate":43277.83453166485,"standard_error":5252.761596570953},"slope":null,"std_dev":{"confidence_interval":{"confidence_level":0.99,"lower_bound":37462.641108146345,"upper_bound":63425.2057890768},"point_estimate":49552.691033685536,"standard_error":5212.286134596974}}