{"mean":{"confidence_interval":{"confidence_level":0.99,"lower_bound":27098078.0862,"upper_bound":27198120.926999997},"point_estimate":27140207.36,"standard_error":19627.731650260877},"median":{"confidence_interval":{"confidence_level":0.99,"lower_bound":27071571.0,"upper_bound":27101013.0},"point_estimate":27084197.0,"standard_error":5569.636103167171},"median_abs_dev":{"confidence_interval":{"confidence_level":0.99,"lower_bound":37105.77084124088,"upper_bound":74088.48588466644},"point_estimate":56022.263905406,"standard_error":7406.418054650189},"slope":null,"std_dev":{"confidence_interval":{"confidence_level":0.99,"lower_bound":80229.7730282846,"upper_bound":313393.9171544316},"point_estimate":197598.01380046637,"standard_error":48430.10813810418}}