{"mean":{"confidence_interval":{"confidence_level":0.99,"lower_bound":26258208.06,"upper_bound":26311290.26935},"point_estimate":26284803.79,"standard_error":10270.067469552629},"median":{"confidence_interval":{"confidence_level":0.99,"lower_bound":26265096.0,"upper_bound":26324106.0},"point_estimate":26293081.0,"standard_error":11912.333611851156},"median_abs_dev":{"confidence_interval":{"confidence_level":0.99,"lower_bound":73003.07444393636,"upper_bound":149424.57964718342},"point_estimate":109091.18866324425,"standard_error":13963.20287560347},"slope":null,"std_dev":{"confidence_interval":{"confidence_level":0.99,"lower_bound":86002.89327382346,"upper_bound":117804.0993749209},"point_estimate":102872.15741333827,"standard_error":6162.2395236521625}}