{"mean":{"confidence_interval":{"confidence_level":0.99,"lower_bound":26097647.19,"upper_bound":26148955.53255},"point_estimate":26119255.19,"standard_error":10020.987586930023},"median":{"confidence_interval":{"confidence_level":0.99,"lower_bound":26080483.0,"upper_bound":26109663.0},"point_estimate":26093284.0,"standard_error":6076.731124411567},"median_abs_dev":{"confidence_interval":{"confidence_level":0.99,"lower_bound":27753.530207276344,"upper_bound":61646.506905555725},"point_estimate":39259.24730300903,"standard_error":7114.472948573159},"slope":null,"std_dev":{"confidence_interval":{"confidence_level":0.99,"lower_bound":46878.68146861364,"upper_bound":164308.50724330003},"point_estimate":100808.95129123346,"standard_error":26493.336475806333}}