{"mean":{"confidence_interval":{"confidence_level":0.99,"lower_bound":26742609.678799998,"upper_bound":27061025.65},"point_estimate":26875772.95,"standard_error":63077.34895382808},"median":{"confidence_interval":{"confidence_level":0.99,"lower_bound":26699103.5,"upper_bound":26724079.0},"point_estimate":26711809.5,"standard_error":5197.217961745493},"median_abs_dev":{"confidence_interval":{"confidence_level":0.99,"lower_bound":25092.155766025196,"upper_bound":55302.491270184546},"point_estimate":40179.2005866766,"standard_error":5455.3395335367195},"slope":null,"std_dev":{"confidence_interval":{"confidence_level":0.99,"lower_bound":160324.70550490735,"upper_bound":980206.4994347091},"point_estimate":635560.8043305537,"standard_error":156515.31259686232}}