{"mean":{"confidence_interval":{"confidence_level":0.99,"lower_bound":31179027.529000003,"upper_bound":31357207.24715},"point_estimate":31244296.0,"standard_error":36323.05901613286},"median":{"confidence_interval":{"confidence_level":0.99,"lower_bound":31169706.0,"upper_bound":31201235.0},"point_estimate":31181531.0,"standard_error":6375.701481771671},"median_abs_dev":{"confidence_interval":{"confidence_level":0.99,"lower_bound":34122.03839421272,"upper_bound":69889.803530708},"point_estimate":54219.422337412834,"standard_error":6938.842830323068},"slope":null,"std_dev":{"confidence_interval":{"confidence_level":0.99,"lower_bound":46299.307693625924,"upper_bound":640318.1740864306},"point_estimate":364289.06836284103,"standard_error":133876.95252122078}}