{"mean":{"confidence_interval":{"confidence_level":0.99,"lower_bound":395136782.97,"upper_bound":395886608.45185},"point_estimate":395514221.07,"standard_error":145319.458887759},"median":{"confidence_interval":{"confidence_level":0.99,"lower_bound":395045166.0,"upper_bound":395911263.0},"point_estimate":395464284.5,"standard_error":124792.80034174466},"median_abs_dev":{"confidence_interval":{"confidence_level":0.99,"lower_bound":904207.3306471109,"upper_bound":1946389.2362461856},"point_estimate":1347746.3865727186,"standard_error":218951.85658300066},"slope":null,"std_dev":{"confidence_interval":{"confidence_level":0.99,"lower_bound":1161022.410936936,"upper_bound":1763659.3004002513},"point_estimate":1460574.2757992938,"standard_error":118407.44552939435}}