{"mean":{"confidence_interval":{"confidence_level":0.99,"lower_bound":27059610.442799997,"upper_bound":27314429.34},"point_estimate":27150503.5,"standard_error":53541.337497239474},"median":{"confidence_interval":{"confidence_level":0.99,"lower_bound":27034785.0,"upper_bound":27061116.0},"point_estimate":27043456.0,"standard_error":6394.317699894777},"median_abs_dev":{"confidence_interval":{"confidence_level":0.99,"lower_bound":30015.97776710987,"upper_bound":82826.93012952805},"point_estimate":52670.84666490555,"standard_error":10561.5509142004},"slope":null,"std_dev":{"confidence_interval":{"confidence_level":0.99,"lower_bound":72077.05914561666,"upper_bound":911477.8901609065},"point_estimate":538528.4854922493,"standard_error":205704.86095729138}}