{"mean":{"confidence_interval":{"confidence_level":0.99,"lower_bound":1506471065.3809,"upper_bound":1506969026.7363498},"point_estimate":1506719573.5,"standard_error":97760.4878522179},"median":{"confidence_interval":{"confidence_level":0.99,"lower_bound":1506377393.5,"upper_bound":1507023927.0},"point_estimate":1506792685.5,"standard_error":132445.88582696966},"median_abs_dev":{"confidence_interval":{"confidence_level":0.99,"lower_bound":723252.7087811978,"upper_bound":1296742.7235782146},"point_estimate":1031866.6013807058,"standard_error":108846.0836746759},"slope":null,"std_dev":{"confidence_interval":{"confidence_level":0.99,"lower_bound":807779.3119466954,"upper_bound":1139441.8746115135},"point_estimate":980692.7113023042,"standard_error":63678.572830499754}}