{"mean":{"confidence_interval":{"confidence_level":0.99,"lower_bound":108787412.43415001,"upper_bound":110071417.32990001},"point_estimate":109348206.33,"standard_error":249312.16343124327},"median":{"confidence_interval":{"confidence_level":0.99,"lower_bound":109179204.0,"upper_bound":109413563.5},"point_estimate":109301452.0,"standard_error":53482.762667797775},"median_abs_dev":{"confidence_interval":{"confidence_level":0.99,"lower_bound":242723.85469079018,"upper_bound":515293.929451704},"point_estimate":351122.6691663265,"standard_error":49979.460342650586},"slope":null,"std_dev":{"confidence_interval":{"confidence_level":0.99,"lower_bound":1164586.1583596645,"upper_bound":3855403.516742904},"point_estimate":2505173.9582301565,"standard_error":581347.2928958454}}