{"mean":{"confidence_interval":{"confidence_level":0.99,"lower_bound":26275732.03,"upper_bound":26564192.808399998},"point_estimate":26355313.41,"standard_error":66444.04946760795},"median":{"confidence_interval":{"confidence_level":0.99,"lower_bound":26267061.0,"upper_bound":26289081.0},"point_estimate":26275610.5,"standard_error":4020.711476350411},"median_abs_dev":{"confidence_interval":{"confidence_level":0.99,"lower_bound":19414.64665532112,"upper_bound":37280.72134463489},"point_estimate":27406.601813435555,"standard_error":2840.640043290778},"slope":null,"std_dev":{"confidence_interval":{"confidence_level":0.99,"lower_bound":27498.74113268505,"upper_bound":1306563.0721224435},"point_estimate":666444.6962946695,"standard_error":385483.1015843874}}