{"mean":{"confidence_interval":{"confidence_level":0.99,"lower_bound":28571531.444700003,"upper_bound":28633870.48785},"point_estimate":28595189.27,"standard_error":12274.597568435845},"median":{"confidence_interval":{"confidence_level":0.99,"lower_bound":28562707.5,"upper_bound":28608963.0},"point_estimate":28585962.5,"standard_error":9601.69256355044},"median_abs_dev":{"confidence_interval":{"confidence_level":0.99,"lower_bound":43744.112223386765,"upper_bound":82129.40390691164},"point_estimate":61008.24761688709,"standard_error":7769.43146778638},"slope":null,"std_dev":{"confidence_interval":{"confidence_level":0.99,"lower_bound":49448.04482693209,"upper_bound":222857.28004753654},"point_estimate":122977.47080507565,"standard_error":47617.126803501276}}