{"mean":{"confidence_interval":{"confidence_level":0.99,"lower_bound":1505538245.32,"upper_bound":1505991662.10115},"point_estimate":1505765172.86,"standard_error":89359.38562358439},"median":{"confidence_interval":{"confidence_level":0.99,"lower_bound":1505551261.0,"upper_bound":1506057955.5},"point_estimate":1505783429.5,"standard_error":102985.95312969633},"median_abs_dev":{"confidence_interval":{"confidence_level":0.99,"lower_bound":607865.9892082214,"upper_bound":1244139.3352121115},"point_estimate":943992.9009407759,"standard_error":129355.53252510064},"slope":null,"std_dev":{"confidence_interval":{"confidence_level":0.99,"lower_bound":749682.8655819263,"upper_bound":1028600.6050982046},"point_estimate":896388.3121148566,"standard_error":54431.9255554941}}