{"mean":{"confidence_interval":{"confidence_level":0.99,"lower_bound":68289095.11295,"upper_bound":69390175.50985},"point_estimate":68843619.06,"standard_error":212908.6146615857},"median":{"confidence_interval":{"confidence_level":0.99,"lower_bound":68127022.0,"upper_bound":69255242.0},"point_estimate":68494351.0,"standard_error":160711.2316981951},"median_abs_dev":{"confidence_interval":{"confidence_level":0.99,"lower_bound":843878.8551181555,"upper_bound":2455982.4538975954},"point_estimate":1388480.8208495378,"standard_error":291100.72812460747},"slope":null,"std_dev":{"confidence_interval":{"confidence_level":0.99,"lower_bound":1632770.5794366926,"upper_bound":2591113.4073245297},"point_estimate":2135267.0366890375,"standard_error":186417.09827959744}}