{"mean":{"confidence_interval":{"confidence_level":0.99,"lower_bound":26068596.884999998,"upper_bound":26327063.649800003},"point_estimate":26167324.59,"standard_error":52975.27579870468},"median":{"confidence_interval":{"confidence_level":0.99,"lower_bound":26052538.5,"upper_bound":26074184.0},"point_estimate":26065033.5,"standard_error":4295.381313579717},"median_abs_dev":{"confidence_interval":{"confidence_level":0.99,"lower_bound":22677.849197387695,"upper_bound":55598.24031293392},"point_estimate":35019.75267827511,"standard_error":6413.172091858339},"slope":null,"std_dev":{"confidence_interval":{"confidence_level":0.99,"lower_bound":38781.355908326106,"upper_bound":861468.9236492175},"point_estimate":534967.8629254398,"standard_error":168251.77145829782}}