{"mean":{"confidence_interval":{"confidence_level":0.99,"lower_bound":2233278139.49435,"upper_bound":2246135185.51},"point_estimate":2239521301.63,"standard_error":2497164.8550588577},"median":{"confidence_interval":{"confidence_level":0.99,"lower_bound":2227309448.5,"upper_bound":2243123036.0},"point_estimate":2233115616.0,"standard_error":3181476.1581411134},"median_abs_dev":{"confidence_interval":{"confidence_level":0.99,"lower_bound":17309936.613187194,"upper_bound":35537910.24957597},"point_estimate":26245408.016350865,"standard_error":3646431.2519782986},"slope":null,"std_dev":{"confidence_interval":{"confidence_level":0.99,"lower_bound":20415307.418133613,"upper_bound":29071950.852255255},"point_estimate":25035075.403711043,"standard_error":1696277.1144114544}}