{"mean":{"confidence_interval":{"confidence_level":0.99,"lower_bound":27843209.73585,"upper_bound":28136986.00175},"point_estimate":27962415.33,"standard_error":58079.03187372929},"median":{"confidence_interval":{"confidence_level":0.99,"lower_bound":27776716.0,"upper_bound":27805477.0},"point_estimate":27789966.5,"standard_error":5416.541359153029},"median_abs_dev":{"confidence_interval":{"confidence_level":0.99,"lower_bound":30033.768966794014,"upper_bound":66304.83602285385},"point_estimate":42821.19373977184,"standard_error":6443.596121021585},"slope":null,"std_dev":{"confidence_interval":{"confidence_level":0.99,"lower_bound":194296.57699286894,"upper_bound":928648.0162550285},"point_estimate":584803.4703336187,"standard_error":163932.08804487772}}