{"mean":{"confidence_interval":{"confidence_level":0.99,"lower_bound":88814055.66489999,"upper_bound":91294678.1586},"point_estimate":89887696.42,"standard_error":482595.2300805195},"median":{"confidence_interval":{"confidence_level":0.99,"lower_bound":88199023.0,"upper_bound":89019583.0},"point_estimate":88576961.0,"standard_error":169190.44068169023},"median_abs_dev":{"confidence_interval":{"confidence_level":0.99,"lower_bound":819726.5602469444,"upper_bound":1552415.4655921166},"point_estimate":1082097.0884889364,"standard_error":144417.76184361937},"slope":null,"std_dev":{"confidence_interval":{"confidence_level":0.99,"lower_bound":2036687.6758286923,"upper_bound":6888704.705193783},"point_estimate":4855077.93199091,"standard_error":923825.2686586617}}