{"mean":{"confidence_interval":{"confidence_level":0.99,"lower_bound":26478180.76745,"upper_bound":26495273.59595},"point_estimate":26486763.18,"standard_error":3328.8498059817457},"median":{"confidence_interval":{"confidence_level":0.99,"lower_bound":26473196.0,"upper_bound":26501037.0},"point_estimate":26486261.5,"standard_error":5280.711441975333},"median_abs_dev":{"confidence_interval":{"confidence_level":0.99,"lower_bound":27361.382514238358,"upper_bound":46294.92547810078},"point_estimate":37554.998633265495,"standard_error":3748.784904041027},"slope":null,"std_dev":{"confidence_interval":{"confidence_level":0.99,"lower_bound":27920.662047938593,"upper_bound":38591.66570533535},"point_estimate":33448.090432842895,"standard_error":2074.5926996547596}}