{"mean":{"confidence_interval":{"confidence_level":0.99,"lower_bound":26991281.830050003,"upper_bound":27242063.839050002},"point_estimate":27069126.97,"standard_error":52439.681290670655},"median":{"confidence_interval":{"confidence_level":0.99,"lower_bound":26967252.5,"upper_bound":27021708.0},"point_estimate":26995113.0,"standard_error":12120.281546875038},"median_abs_dev":{"confidence_interval":{"confidence_level":0.99,"lower_bound":49949.5344132185,"upper_bound":94863.45878733699},"point_estimate":64567.228853702545,"standard_error":9274.394526837166},"slope":null,"std_dev":{"confidence_interval":{"confidence_level":0.99,"lower_bound":61905.07276634791,"upper_bound":1007759.1332691767},"point_estimate":525518.0407479124,"standard_error":260132.79170519355}}