{"mean":{"confidence_interval":{"confidence_level":0.99,"lower_bound":27024518.6895,"upper_bound":27406331.6565},"point_estimate":27191219.88,"standard_error":75009.64773447286},"median":{"confidence_interval":{"confidence_level":0.99,"lower_bound":26923160.0,"upper_bound":26953864.0},"point_estimate":26935330.5,"standard_error":6412.187950938028},"median_abs_dev":{"confidence_interval":{"confidence_level":0.99,"lower_bound":28843.978781417012,"upper_bound":86509.7121706456},"point_estimate":43463.90082836151,"standard_error":10074.390350550524},"slope":null,"std_dev":{"confidence_interval":{"confidence_level":0.99,"lower_bound":354324.1589436053,"upper_bound":1061111.9356433498},"point_estimate":749263.7280820954,"standard_error":138122.00279331574}}