{"mean":{"confidence_interval":{"confidence_level":0.99,"lower_bound":215705125.74475,"upper_bound":215756133.9539},"point_estimate":215724370.03,"standard_error":10058.6790389257},"median":{"confidence_interval":{"confidence_level":0.99,"lower_bound":215693320.0,"upper_bound":215724696.0},"point_estimate":215707155.5,"standard_error":6633.965002857281},"median_abs_dev":{"confidence_interval":{"confidence_level":0.99,"lower_bound":29034.496584534645,"upper_bound":56196.46940231323},"point_estimate":37376.345336437225,"standard_error":5682.605410633612},"slope":null,"std_dev":{"confidence_interval":{"confidence_level":0.99,"lower_bound":37847.34469719055,"upper_bound":180840.14857330295},"point_estimate":100782.22531850846,"standard_error":37835.058649344806}}