{"mean":{"confidence_interval":{"confidence_level":0.99,"lower_bound":31008111.63455,"upper_bound":31036130.80435},"point_estimate":31021570.59,"standard_error":5415.1545829800225},"median":{"confidence_interval":{"confidence_level":0.99,"lower_bound":30998829.0,"upper_bound":31028785.0},"point_estimate":31011509.5,"standard_error":6934.392608416499},"median_abs_dev":{"confidence_interval":{"confidence_level":0.99,"lower_bound":35723.2463657856,"upper_bound":67704.41039800644},"point_estimate":51861.34707927704,"standard_error":5727.1824648789625},"slope":null,"std_dev":{"confidence_interval":{"confidence_level":0.99,"lower_bound":42217.86282737282,"upper_bound":66433.86917168202},"point_estimate":54538.19730218093,"standard_error":4742.417525275912}}