{"mean":{"confidence_interval":{"confidence_level":0.99,"lower_bound":1665372272.6111,"upper_bound":1665821554.67},"point_estimate":1665595560.3,"standard_error":87732.38181575676},"median":{"confidence_interval":{"confidence_level":0.99,"lower_bound":1665317523.0,"upper_bound":1665992898.5},"point_estimate":1665641620.0,"standard_error":162200.04590258354},"median_abs_dev":{"confidence_interval":{"confidence_level":0.99,"lower_bound":690180.1139523538,"upper_bound":1228831.7314063767},"point_estimate":966981.3548326492,"standard_error":105719.92440593037},"slope":null,"std_dev":{"confidence_interval":{"confidence_level":0.99,"lower_bound":735959.1555550679,"upper_bound":1000956.1597283115},"point_estimate":875887.8575925636,"standard_error":51177.42370768683}}