{"mean":{"confidence_interval":{"confidence_level":0.99,"lower_bound":1272998817.17055,"upper_bound":1273055166.42185},"point_estimate":1273024679.23,"standard_error":10823.746923199182},"median":{"confidence_interval":{"confidence_level":0.99,"lower_bound":1272985502.5,"upper_bound":1273036610.0},"point_estimate":1273011606.0,"standard_error":10988.553954530853},"median_abs_dev":{"confidence_interval":{"confidence_level":0.99,"lower_bound":50322.40830659866,"upper_bound":95623.25050234795},"point_estimate":64594.6569532156,"standard_error":8208.6991199875},"slope":null,"std_dev":{"confidence_interval":{"confidence_level":0.99,"lower_bound":65825.87689180161,"upper_bound":163302.60518269418},"point_estimate":108475.21858334346,"standard_error":21283.187925915292}}