{"mean":{"confidence_interval":{"confidence_level":0.99,"lower_bound":559409746.8351,"upper_bound":559478046.68595},"point_estimate":559443171.34,"standard_error":13242.920400781308},"median":{"confidence_interval":{"confidence_level":0.99,"lower_bound":559394675.0,"upper_bound":559477689.0},"point_estimate":559425518.5,"standard_error":15240.157046451564},"median_abs_dev":{"confidence_interval":{"confidence_level":0.99,"lower_bound":92202.14735658467,"upper_bound":170751.78026854992},"point_estimate":121886.02643609047,"standard_error":14477.891047552335},"slope":null,"std_dev":{"confidence_interval":{"confidence_level":0.99,"lower_bound":106562.98935773672,"upper_bound":158889.07979989072},"point_estimate":133585.5523041638,"standard_error":10282.156033099116}}