{"mean":{"confidence_interval":{"confidence_level":0.99,"lower_bound":61136960.4429,"upper_bound":61402396.88},"point_estimate":61264738.97,"standard_error":51546.296663808156},"median":{"confidence_interval":{"confidence_level":0.99,"lower_bound":61004607.0,"upper_bound":61152957.0},"point_estimate":61078472.0,"standard_error":33924.376996534214},"median_abs_dev":{"confidence_interval":{"confidence_level":0.99,"lower_bound":165102.77414233985,"upper_bound":405695.16898097115},"point_estimate":253163.58240544796,"standard_error":49643.67895753863},"slope":null,"std_dev":{"confidence_interval":{"confidence_level":0.99,"lower_bound":400266.29533958546,"upper_bound":612534.7858432445},"point_estimate":517405.8581639297,"standard_error":41152.634269650014}}