{"mean":{"confidence_interval":{"confidence_level":0.99,"lower_bound":34975475.897199996,"upper_bound":35046272.2234},"point_estimate":35007908.57,"standard_error":13837.616443084347},"median":{"confidence_interval":{"confidence_level":0.99,"lower_bound":34955130.5,"upper_bound":34999186.0},"point_estimate":34977546.0,"standard_error":8223.049206712552},"median_abs_dev":{"confidence_interval":{"confidence_level":0.99,"lower_bound":48881.176578685656,"upper_bound":107829.50349864364},"point_estimate":85902.58377492428,"standard_error":11703.766229420664},"slope":null,"std_dev":{"confidence_interval":{"confidence_level":0.99,"lower_bound":84426.64689768203,"upper_bound":188802.94016534867},"point_estimate":139701.42027796968,"standard_error":20560.957484850842}}