{"mean":{"confidence_interval":{"confidence_level":0.99,"lower_bound":147183871.86589998,"upper_bound":147966728.64835},"point_estimate":147534628.86,"standard_error":151155.84289929213},"median":{"confidence_interval":{"confidence_level":0.99,"lower_bound":147141918.0,"upper_bound":147671392.0},"point_estimate":147374863.5,"standard_error":86805.27700886979},"median_abs_dev":{"confidence_interval":{"confidence_level":0.99,"lower_bound":651047.4547415972,"upper_bound":1253887.4300390482},"point_estimate":890887.6524835825,"standard_error":109247.99234309213},"slope":null,"std_dev":{"confidence_interval":{"confidence_level":0.99,"lower_bound":891404.4894968881,"upper_bound":2279599.167052208},"point_estimate":1515280.139048689,"standard_error":306262.258587257}}