{"mean":{"confidence_interval":{"confidence_level":0.99,"lower_bound":107595454.64775,"upper_bound":108602214.77405},"point_estimate":108016412.65,"standard_error":197310.99726049195},"median":{"confidence_interval":{"confidence_level":0.99,"lower_bound":107455622.0,"upper_bound":107933916.0},"point_estimate":107700800.5,"standard_error":89541.10099432705},"median_abs_dev":{"confidence_interval":{"confidence_level":0.99,"lower_bound":544148.2901394367,"upper_bound":1188396.0336112538},"point_estimate":819265.4716551304,"standard_error":127958.82957766675},"slope":null,"std_dev":{"confidence_interval":{"confidence_level":0.99,"lower_bound":831687.90917598,"upper_bound":3145410.5913270875},"point_estimate":1980936.7055165886,"standard_error":516898.1056566326}}