{"mean":{"confidence_interval":{"confidence_level":0.99,"lower_bound":26310170.79,"upper_bound":26329499.59415},"point_estimate":26319521.65,"standard_error":3729.2916983032055},"median":{"confidence_interval":{"confidence_level":0.99,"lower_bound":26304035.5,"upper_bound":26329415.0},"point_estimate":26317315.0,"standard_error":5620.534844293197},"median_abs_dev":{"confidence_interval":{"confidence_level":0.99,"lower_bound":23935.805623054508,"upper_bound":46375.72717666626},"point_estimate":33677.999702095985,"standard_error":4093.936392908819},"slope":null,"std_dev":{"confidence_interval":{"confidence_level":0.99,"lower_bound":29216.140581621617,"upper_bound":46839.45625867379},"point_estimate":37585.49939961801,"standard_error":3486.830388663046}}