{"mean":{"confidence_interval":{"confidence_level":0.99,"lower_bound":37528348.35645,"upper_bound":37775478.011099994},"point_estimate":37606280.78,"standard_error":52866.213415366125},"median":{"confidence_interval":{"confidence_level":0.99,"lower_bound":37509444.0,"upper_bound":37551545.0},"point_estimate":37531610.5,"standard_error":7732.8385542040605},"median_abs_dev":{"confidence_interval":{"confidence_level":0.99,"lower_bound":44390.522105410695,"upper_bound":85197.60748744011},"point_estimate":61217.29421317577,"standard_error":8087.32517046084},"slope":null,"std_dev":{"confidence_interval":{"confidence_level":0.99,"lower_bound":70238.59123723209,"upper_bound":1019099.7110259217},"point_estimate":530122.9999528236,"standard_error":267069.8407057237}}