{"mean":{"confidence_interval":{"confidence_level":0.99,"lower_bound":87838401.41714999,"upper_bound":90819518.24890001},"point_estimate":89078258.71,"standard_error":585429.4516547555},"median":{"confidence_interval":{"confidence_level":0.99,"lower_bound":87472817.0,"upper_bound":87723503.0},"point_estimate":87563532.5,"standard_error":47191.59979745359},"median_abs_dev":{"confidence_interval":{"confidence_level":0.99,"lower_bound":240737.0076400638,"upper_bound":588120.8265407683},"point_estimate":361445.2714830637,"standard_error":64894.89684595664},"slope":null,"std_dev":{"confidence_interval":{"confidence_level":0.99,"lower_bound":916794.8780819093,"upper_bound":8901557.340766298},"point_estimate":5877494.696947848,"standard_error":1432921.3408918378}}