{"mean":{"confidence_interval":{"confidence_level":0.99,"lower_bound":26286457.4,"upper_bound":26312341.45865},"point_estimate":26297485.54,"standard_error":5041.507730926126},"median":{"confidence_interval":{"confidence_level":0.99,"lower_bound":26285743.0,"upper_bound":26299598.3775},"point_estimate":26289828.5,"standard_error":2647.4390259712814},"median_abs_dev":{"confidence_interval":{"confidence_level":0.99,"lower_bound":16871.98770046234,"upper_bound":36309.685078874296},"point_estimate":29734.28377211094,"standard_error":3891.423553464866},"slope":null,"std_dev":{"confidence_interval":{"confidence_level":0.99,"lower_bound":23324.703687728575,"upper_bound":83219.82155044968},"point_estimate":50804.37910645424,"standard_error":13576.460307698004}}