{"mean":{"confidence_interval":{"confidence_level":0.99,"lower_bound":54863751.51495,"upper_bound":54988561.86},"point_estimate":54922880.65,"standard_error":24194.208087177354},"median":{"confidence_interval":{"confidence_level":0.99,"lower_bound":54824490.0,"upper_bound":54903590.0},"point_estimate":54872115.0,"standard_error":14550.03399638255},"median_abs_dev":{"confidence_interval":{"confidence_level":0.99,"lower_bound":95531.32930397987,"upper_bound":228012.37097597154},"point_estimate":161040.75044095516,"standard_error":24766.09567893983},"slope":null,"std_dev":{"confidence_interval":{"confidence_level":0.99,"lower_bound":168540.1637065067,"upper_bound":320301.43828582496},"point_estimate":243583.05812689854,"standard_error":30345.14450960877}}