{"mean":{"confidence_interval":{"confidence_level":0.99,"lower_bound":37679662.2899,"upper_bound":38570449.1672},"point_estimate":37963954.76,"standard_error":183323.47577379475},"median":{"confidence_interval":{"confidence_level":0.99,"lower_bound":37639186.0,"upper_bound":37682757.0},"point_estimate":37655752.0,"standard_error":7334.361572881975},"median_abs_dev":{"confidence_interval":{"confidence_level":0.99,"lower_bound":44516.54680967331,"upper_bound":92663.23965489864},"point_estimate":69779.30906116962,"standard_error":8413.480875014544},"slope":null,"std_dev":{"confidence_interval":{"confidence_level":0.99,"lower_bound":172782.3984160287,"upper_bound":3490322.9207327194},"point_estimate":1838333.8546710222,"standard_error":868067.1099158621}}