{"mean":{"confidence_interval":{"confidence_level":0.99,"lower_bound":109935516.525,"upper_bound":110646228.50865},"point_estimate":110277288.72,"standard_error":138263.656563508},"median":{"confidence_interval":{"confidence_level":0.99,"lower_bound":109619943.0,"upper_bound":110537502.0},"point_estimate":109917648.5,"standard_error":210818.55185430907},"median_abs_dev":{"confidence_interval":{"confidence_level":0.99,"lower_bound":886943.1952536106,"upper_bound":1579755.4912537336},"point_estimate":1198725.8154183626,"standard_error":125906.35131472418},"slope":null,"std_dev":{"confidence_interval":{"confidence_level":0.99,"lower_bound":1052715.0977232114,"upper_bound":1691383.7704154362},"point_estimate":1390548.3155151869,"standard_error":125315.6358048512}}