{"mean":{"confidence_interval":{"confidence_level":0.99,"lower_bound":77175900.3191,"upper_bound":77579661.41115001},"point_estimate":77344211.56,"standard_error":79091.55829247943},"median":{"confidence_interval":{"confidence_level":0.99,"lower_bound":77065029.0,"upper_bound":77189264.5},"point_estimate":77132004.0,"standard_error":24785.879173486537},"median_abs_dev":{"confidence_interval":{"confidence_level":0.99,"lower_bound":135340.62119722366,"upper_bound":287982.4427872896},"point_estimate":194585.31614542007,"standard_error":28554.265945855113},"slope":null,"std_dev":{"confidence_interval":{"confidence_level":0.99,"lower_bound":353735.47427888185,"upper_bound":1283478.434695267},"point_estimate":792073.1003688396,"standard_error":207401.6541499031}}