{"mean":{"confidence_interval":{"confidence_level":0.99,"lower_bound":79360033.008,"upper_bound":80510394.03415},"point_estimate":79899231.98,"standard_error":223084.98169728013},"median":{"confidence_interval":{"confidence_level":0.99,"lower_bound":79054976.0,"upper_bound":80177555.0},"point_estimate":79703342.5,"standard_error":236095.50688474104},"median_abs_dev":{"confidence_interval":{"confidence_level":0.99,"lower_bound":1162651.4189553114,"upper_bound":2002649.931879357},"point_estimate":1576591.6229099035,"standard_error":157419.43388543255},"slope":null,"std_dev":{"confidence_interval":{"confidence_level":0.99,"lower_bound":1510783.3243033397,"upper_bound":2880175.350641507},"point_estimate":2245295.2718936275,"standard_error":269218.636900654}}