{"mean":{"confidence_interval":{"confidence_level":0.99,"lower_bound":79879986.6213,"upper_bound":80356219.6072},"point_estimate":80110001.75,"standard_error":92593.81986887469},"median":{"confidence_interval":{"confidence_level":0.99,"lower_bound":79677123.0,"upper_bound":80280868.0},"point_estimate":79918154.0,"standard_error":124531.20850753873},"median_abs_dev":{"confidence_interval":{"confidence_level":0.99,"lower_bound":567411.6996094288,"upper_bound":1064223.3487577606},"point_estimate":764758.4249228239,"standard_error":94002.99604995262},"slope":null,"std_dev":{"confidence_interval":{"confidence_level":0.99,"lower_bound":717552.268977458,"upper_bound":1121148.194957942},"point_estimate":927905.8069859734,"standard_error":79469.53976282525}}