{"mean":{"confidence_interval":{"confidence_level":0.99,"lower_bound":26261323.717949998,"upper_bound":26346461.91},"point_estimate":26287465.31,"standard_error":18349.58319841417},"median":{"confidence_interval":{"confidence_level":0.99,"lower_bound":26252732.5,"upper_bound":26280553.0},"point_estimate":26262132.5,"standard_error":5689.437665199604},"median_abs_dev":{"confidence_interval":{"confidence_level":0.99,"lower_bound":26383.60783159733,"upper_bound":45227.48685555163},"point_estimate":37136.90544068813,"standard_error":3692.2694395036083},"slope":null,"std_dev":{"confidence_interval":{"confidence_level":0.99,"lower_bound":29244.17585037037,"upper_bound":356094.5782543677},"point_estimate":183502.91563101864,"standard_error":97291.8656683535}}