{"mean":{"confidence_interval":{"confidence_level":0.99,"lower_bound":102034914.90630001,"upper_bound":104318698.40625},"point_estimate":102965409.62,"standard_error":452103.590966263},"median":{"confidence_interval":{"confidence_level":0.99,"lower_bound":101637237.0,"upper_bound":102248250.0},"point_estimate":101874776.5,"standard_error":112192.18517134797},"median_abs_dev":{"confidence_interval":{"confidence_level":0.99,"lower_bound":497783.68246257305,"upper_bound":994106.3293680848},"point_estimate":746285.2292507887,"standard_error":92655.478860388},"slope":null,"std_dev":{"confidence_interval":{"confidence_level":0.99,"lower_bound":1107250.1287009895,"upper_bound":7124537.948300021},"point_estimate":4541965.008075278,"standard_error":1219985.057872726}}