{"mean":{"confidence_interval":{"confidence_level":0.99,"lower_bound":144122912.49085,"upper_bound":144939640.4591},"point_estimate":144491930.38,"standard_error":157610.5991304703},"median":{"confidence_interval":{"confidence_level":0.99,"lower_bound":143948449.5,"upper_bound":144829937.0},"point_estimate":144193727.0,"standard_error":191362.94649427012},"median_abs_dev":{"confidence_interval":{"confidence_level":0.99,"lower_bound":845522.2097004801,"upper_bound":1454711.5379932076},"point_estimate":1184666.3198679686,"standard_error":115643.38015656084},"slope":null,"std_dev":{"confidence_interval":{"confidence_level":0.99,"lower_bound":959179.0192436493,"upper_bound":2381357.077484463},"point_estimate":1585230.9697323102,"standard_error":311567.192680996}}