{"mean":{"confidence_interval":{"confidence_level":0.99,"lower_bound":136333051.35680002,"upper_bound":136351494.17995},"point_estimate":136341866.66,"standard_error":3572.099867434058},"median":{"confidence_interval":{"confidence_level":0.99,"lower_bound":136329953.0,"upper_bound":136350940.0},"point_estimate":136340140.5,"standard_error":4042.127105756642},"median_abs_dev":{"confidence_interval":{"confidence_level":0.99,"lower_bound":21451.739019155502,"upper_bound":40240.72848558426},"point_estimate":30465.946859121323,"standard_error":3883.6234874490888},"slope":null,"std_dev":{"confidence_interval":{"confidence_level":0.99,"lower_bound":25345.76983069573,"upper_bound":49550.51868291767},"point_estimate":35873.43774044488,"standard_error":5098.17960250642}}