{"mean":{"confidence_interval":{"confidence_level":0.99,"lower_bound":26308889.71085,"upper_bound":26489077.0357},"point_estimate":26372312.96,"standard_error":37234.031352346334},"median":{"confidence_interval":{"confidence_level":0.99,"lower_bound":26291214.0,"upper_bound":26310264.0},"point_estimate":26297254.0,"standard_error":3548.78681843285},"median_abs_dev":{"confidence_interval":{"confidence_level":0.99,"lower_bound":23113.7335896492,"upper_bound":51936.21837794781},"point_estimate":36368.918654322624,"standard_error":5219.824874381631},"slope":null,"std_dev":{"confidence_interval":{"confidence_level":0.99,"lower_bound":58830.18122087852,"upper_bound":669483.2341415852},"point_estimate":370785.0952192467,"standard_error":146584.74918433654}}