{"mean":{"confidence_interval":{"confidence_level":0.99,"lower_bound":61294815.4966,"upper_bound":64201537.62335},"point_estimate":62312304.49,"standard_error":626848.6611258662},"median":{"confidence_interval":{"confidence_level":0.99,"lower_bound":61235354.5,"upper_bound":61461744.0},"point_estimate":61392953.0,"standard_error":59901.439815748556},"median_abs_dev":{"confidence_interval":{"confidence_level":0.99,"lower_bound":153264.32454751435,"upper_bound":388590.4242041425},"point_estimate":238348.70216846466,"standard_error":47405.12687759654},"slope":null,"std_dev":{"confidence_interval":{"confidence_level":0.99,"lower_bound":283651.7974565403,"upper_bound":10653049.599476598},"point_estimate":6307188.649018344,"standard_error":2504751.62639394}}