{"mean":{"confidence_interval":{"confidence_level":0.99,"lower_bound":121245142.3514,"upper_bound":121324985.10734999},"point_estimate":121272580.54,"standard_error":16147.815749816458},"median":{"confidence_interval":{"confidence_level":0.99,"lower_bound":121233688.0,"upper_bound":121252167.0},"point_estimate":121244422.5,"standard_error":3035.961636962041},"median_abs_dev":{"confidence_interval":{"confidence_level":0.99,"lower_bound":21356.085375353698,"upper_bound":42728.575719416185},"point_estimate":33227.289310097694,"standard_error":4418.94439506401},"slope":null,"std_dev":{"confidence_interval":{"confidence_level":0.99,"lower_bound":35594.39879094437,"upper_bound":306318.79512918345},"point_estimate":163240.88677750883,"standard_error":72982.69118197206}}