{"mean":{"confidence_interval":{"confidence_level":0.99,"lower_bound":26608465.56165,"upper_bound":26850611.93625},"point_estimate":26687777.0,"standard_error":50664.045279530175},"median":{"confidence_interval":{"confidence_level":0.99,"lower_bound":26588601.0,"upper_bound":26612185.0},"point_estimate":26596925.0,"standard_error":5263.595941933139},"median_abs_dev":{"confidence_interval":{"confidence_level":0.99,"lower_bound":25494.047847390175,"upper_bound":55590.08601307869},"point_estimate":39845.615592598915,"standard_error":5646.405727362248},"slope":null,"std_dev":{"confidence_interval":{"confidence_level":0.99,"lower_bound":82628.86282161824,"upper_bound":970645.0306585665},"point_estimate":509664.8366820111,"standard_error":245830.86744677107}}