{"mean":{"confidence_interval":{"confidence_level":0.99,"lower_bound":106457615.82429999,"upper_bound":114372553.06220001},"point_estimate":110064393.45,"standard_error":1546784.9512876342},"median":{"confidence_interval":{"confidence_level":0.99,"lower_bound":103970368.5,"upper_bound":104416321.0},"point_estimate":104113664.0,"standard_error":102005.9986999737},"median_abs_dev":{"confidence_interval":{"confidence_level":0.99,"lower_bound":318816.07443988323,"upper_bound":864240.1418566704},"point_estimate":492661.2995535135,"standard_error":99422.84312916496},"slope":null,"std_dev":{"confidence_interval":{"confidence_level":0.99,"lower_bound":9427580.787241833,"upper_bound":19424804.6227039},"point_estimate":15489025.375603793,"standard_error":1856119.4452690133}}