{"mean":{"confidence_interval":{"confidence_level":0.99,"lower_bound":47644002.6742,"upper_bound":48091507.04},"point_estimate":47869018.56,"standard_error":87040.44550434929},"median":{"confidence_interval":{"confidence_level":0.99,"lower_bound":47580057.0,"upper_bound":48301117.5},"point_estimate":48037336.0,"standard_error":186615.79528806382},"median_abs_dev":{"confidence_interval":{"confidence_level":0.99,"lower_bound":677461.0815161618,"upper_bound":1276979.665929079},"point_estimate":994579.9533426762,"standard_error":122987.22629504552},"slope":null,"std_dev":{"confidence_interval":{"confidence_level":0.99,"lower_bound":749845.6385835836,"upper_bound":980669.6690797749},"point_estimate":873659.6517417418,"standard_error":44489.99021310389}}