{"mean":{"confidence_interval":{"confidence_level":0.99,"lower_bound":30754981.59,"upper_bound":30780808.6416},"point_estimate":30766884.9,"standard_error":5011.236919471376},"median":{"confidence_interval":{"confidence_level":0.99,"lower_bound":30751863.0,"upper_bound":30777654.0},"point_estimate":30762874.0,"standard_error":4118.534481313052},"median_abs_dev":{"confidence_interval":{"confidence_level":0.99,"lower_bound":26345.694043770443,"upper_bound":51223.829090595245},"point_estimate":33974.5196968317,"standard_error":4547.925037879935},"slope":null,"std_dev":{"confidence_interval":{"confidence_level":0.99,"lower_bound":33218.25097354769,"upper_bound":75259.45247291058},"point_estimate":50418.0622768019,"standard_error":9665.569489608723}}