{"mean":{"confidence_interval":{"confidence_level":0.99,"lower_bound":26637101.74425,"upper_bound":26662717.6845},"point_estimate":26648773.13,"standard_error":4880.1421494449005},"median":{"confidence_interval":{"confidence_level":0.99,"lower_bound":26636455.0,"upper_bound":26655696.0},"point_estimate":26644680.0,"standard_error":4271.013462389552},"median_abs_dev":{"confidence_interval":{"confidence_level":0.99,"lower_bound":21942.479610443115,"upper_bound":43136.98753416538},"point_estimate":34381.493389606476,"standard_error":4155.383442779916},"slope":null,"std_dev":{"confidence_interval":{"confidence_level":0.99,"lower_bound":28892.058459398722,"upper_bound":69365.36654617467},"point_estimate":49094.605888082675,"standard_error":8235.02103516281}}