{"mean":{"confidence_interval":{"confidence_level":0.99,"lower_bound":76351633.79245,"upper_bound":76995049.9031},"point_estimate":76672368.44,"standard_error":124904.55783746732},"median":{"confidence_interval":{"confidence_level":0.99,"lower_bound":76535309.0,"upper_bound":77070842.5},"point_estimate":76838046.5,"standard_error":93505.60507161726},"median_abs_dev":{"confidence_interval":{"confidence_level":0.99,"lower_bound":620000.8438962847,"upper_bound":1349451.376542449},"point_estimate":943327.2135525942,"standard_error":150043.22947578257},"slope":null,"std_dev":{"confidence_interval":{"confidence_level":0.99,"lower_bound":962604.6401043339,"upper_bound":1556573.0441355049},"point_estimate":1258828.2396775277,"standard_error":116480.83128329934}}