{"mean":{"confidence_interval":{"confidence_level":0.99,"lower_bound":26811096.27,"upper_bound":27193623.7299},"point_estimate":26973425.56,"standard_error":75137.8902540722},"median":{"confidence_interval":{"confidence_level":0.99,"lower_bound":26748948.0,"upper_bound":26780958.0},"point_estimate":26759463.0,"standard_error":6982.786986118811},"median_abs_dev":{"confidence_interval":{"confidence_level":0.99,"lower_bound":32550.371227115404,"upper_bound":70571.75874710083},"point_estimate":44434.26251113415,"standard_error":6519.225767341101},"slope":null,"std_dev":{"confidence_interval":{"confidence_level":0.99,"lower_bound":288655.8509664431,"upper_bound":1138853.9402371645},"point_estimate":754514.2626730907,"standard_error":168560.51744481875}}