{"mean":{"confidence_interval":{"confidence_level":0.99,"lower_bound":25969067.49015,"upper_bound":26145610.296850003},"point_estimate":26036864.76,"standard_error":34893.452774645746},"median":{"confidence_interval":{"confidence_level":0.99,"lower_bound":25935642.0,"upper_bound":25958033.0},"point_estimate":25945167.0,"standard_error":3596.421988711258},"median_abs_dev":{"confidence_interval":{"confidence_level":0.99,"lower_bound":26879.537522792816,"upper_bound":61499.76657316092},"point_estimate":41721.10455930233,"standard_error":6991.39973231163},"slope":null,"std_dev":{"confidence_interval":{"confidence_level":0.99,"lower_bound":115123.2449861118,"upper_bound":614482.1193301984},"point_estimate":349756.7108154276,"standard_error":121913.38604835336}}