{"mean":{"confidence_interval":{"confidence_level":0.99,"lower_bound":26193127.636099998,"upper_bound":26242652.8354},"point_estimate":26215873.68,"standard_error":9576.086448125165},"median":{"confidence_interval":{"confidence_level":0.99,"lower_bound":26180698.5,"upper_bound":26209734.0},"point_estimate":26195559.0,"standard_error":5579.275404436825},"median_abs_dev":{"confidence_interval":{"confidence_level":0.99,"lower_bound":32869.241416454315,"upper_bound":84079.72710728645},"point_estimate":57903.68327200413,"standard_error":10770.029947038898},"slope":null,"std_dev":{"confidence_interval":{"confidence_level":0.99,"lower_bound":61093.3145868718,"upper_bound":132064.0192667425},"point_estimate":95928.93354577597,"standard_error":14344.633936957292}}