{"mean":{"confidence_interval":{"confidence_level":0.99,"lower_bound":27261509.00555,"upper_bound":27680915.77225},"point_estimate":27396005.18,"standard_error":86889.33187295122},"median":{"confidence_interval":{"confidence_level":0.99,"lower_bound":27225005.0,"upper_bound":27257315.0},"point_estimate":27244390.0,"standard_error":5433.059876758962},"median_abs_dev":{"confidence_interval":{"confidence_level":0.99,"lower_bound":38221.42732143402,"upper_bound":86213.18846940994},"point_estimate":66294.4578230381,"standard_error":9956.176679795059},"slope":null,"std_dev":{"confidence_interval":{"confidence_level":0.99,"lower_bound":131624.8602603432,"upper_bound":1662729.5676585888},"point_estimate":872444.014519416,"standard_error":422340.422293154}}