{"mean":{"confidence_interval":{"confidence_level":0.99,"lower_bound":132709429.1171,"upper_bound":133094270.89535001},"point_estimate":132897477.54,"standard_error":74464.91036019768},"median":{"confidence_interval":{"confidence_level":0.99,"lower_bound":132536958.0,"upper_bound":132991258.0},"point_estimate":132738297.5,"standard_error":87960.0120461427},"median_abs_dev":{"confidence_interval":{"confidence_level":0.99,"lower_bound":434769.4770812988,"upper_bound":982871.6982645411},"point_estimate":639401.6319483519,"standard_error":103084.94184270136},"slope":null,"std_dev":{"confidence_interval":{"confidence_level":0.99,"lower_bound":609853.736997908,"upper_bound":877690.7342369376},"point_estimate":750321.6085586826,"standard_error":52126.11546261986}}