{"mean":{"confidence_interval":{"confidence_level":0.99,"lower_bound":78854859.53715,"upper_bound":79242154.752},"point_estimate":79035554.68,"standard_error":75518.34426501716},"median":{"confidence_interval":{"confidence_level":0.99,"lower_bound":78704559.0,"upper_bound":79114909.0},"point_estimate":78838477.5,"standard_error":92704.45293252109},"median_abs_dev":{"confidence_interval":{"confidence_level":0.99,"lower_bound":421676.6367137432,"upper_bound":741185.7858698233},"point_estimate":568160.4793131351,"standard_error":66443.98754788887},"slope":null,"std_dev":{"confidence_interval":{"confidence_level":0.99,"lower_bound":528700.2723854476,"upper_bound":994381.8182597859},"point_estimate":761428.8534872757,"standard_error":93159.63475084877}}