{"mean":{"confidence_interval":{"confidence_level":0.99,"lower_bound":155161520.8706,"upper_bound":168271137.7684},"point_estimate":161317592.61,"standard_error":2549422.7878694213},"median":{"confidence_interval":{"confidence_level":0.99,"lower_bound":149261002.0,"upper_bound":152010371.5},"point_estimate":151822973.0,"standard_error":832890.6413079164},"median_abs_dev":{"confidence_interval":{"confidence_level":0.99,"lower_bound":1584090.4393712732,"upper_bound":4840232.454887196},"point_estimate":3966719.2098766565,"standard_error":531489.9342537554},"slope":null,"std_dev":{"confidence_interval":{"confidence_level":0.99,"lower_bound":17855603.058531646,"upper_bound":30543071.115940027},"point_estimate":25532540.22364731,"standard_error":2411608.6498915837}}