{"mean":{"confidence_interval":{"confidence_level":0.99,"lower_bound":26241105.78,"upper_bound":26266260.4296},"point_estimate":26253415.37,"standard_error":4865.130133636198},"median":{"confidence_interval":{"confidence_level":0.99,"lower_bound":26231283.0,"upper_bound":26256643.0},"point_estimate":26243348.0,"standard_error":4944.9617245628},"median_abs_dev":{"confidence_interval":{"confidence_level":0.99,"lower_bound":25975.892838835716,"upper_bound":60386.296927928925},"point_estimate":41824.88655745983,"standard_error":8034.533476196186},"slope":null,"std_dev":{"confidence_interval":{"confidence_level":0.99,"lower_bound":38850.739149753266,"upper_bound":58674.456054143324},"point_estimate":48989.93884950132,"standard_error":3882.214006456427}}