{"mean":{"confidence_interval":{"confidence_level":0.99,"lower_bound":78955475.8819,"upper_bound":82760055.67},"point_estimate":80638671.59,"standard_error":742758.2504035089},"median":{"confidence_interval":{"confidence_level":0.99,"lower_bound":77806249.0,"upper_bound":79216902.0},"point_estimate":77919866.5,"standard_error":144625.82800650832},"median_abs_dev":{"confidence_interval":{"confidence_level":0.99,"lower_bound":165198.50932914022,"upper_bound":1927754.804120514},"point_estimate":350771.2929725647,"standard_error":201186.20734914538},"slope":null,"std_dev":{"confidence_interval":{"confidence_level":0.99,"lower_bound":3912269.7606676137,"upper_bound":10028141.41909133},"point_estimate":7480560.313195735,"standard_error":1175637.6146247846}}