{"mean":{"confidence_interval":{"confidence_level":0.99,"lower_bound":365908767.8676,"upper_bound":365940504.75335},"point_estimate":365924588.05,"standard_error":6156.207777854622},"median":{"confidence_interval":{"confidence_level":0.99,"lower_bound":365906595.0,"upper_bound":365947389.0},"point_estimate":365928027.5,"standard_error":9283.814301562581},"median_abs_dev":{"confidence_interval":{"confidence_level":0.99,"lower_bound":39288.139469996095,"upper_bound":80800.28268250829},"point_estimate":57751.71677470207,"standard_error":7890.009243256503},"slope":null,"std_dev":{"confidence_interval":{"confidence_level":0.99,"lower_bound":50510.38136847749,"upper_bound":72206.41125208358},"point_estimate":61784.457252838096,"standard_error":4227.349598637158}}