{"mean":{"confidence_interval":{"confidence_level":0.99,"lower_bound":26409605.7,"upper_bound":26565001.7486},"point_estimate":26464530.0,"standard_error":31541.513915978958},"median":{"confidence_interval":{"confidence_level":0.99,"lower_bound":26388810.5,"upper_bound":26415246.5},"point_estimate":26406971.5,"standard_error":5587.31689355748},"median_abs_dev":{"confidence_interval":{"confidence_level":0.99,"lower_bound":28465.919494628906,"upper_bound":61237.309312820435},"point_estimate":42291.16424918175,"standard_error":6625.53070293224},"slope":null,"std_dev":{"confidence_interval":{"confidence_level":0.99,"lower_bound":73866.79158696631,"upper_bound":590371.2893588176},"point_estimate":318425.87020190177,"standard_error":136200.7281374628}}