{"mean":{"confidence_interval":{"confidence_level":0.99,"lower_bound":311317253.02510005,"upper_bound":311695905.56984997},"point_estimate":311507966.24,"standard_error":74168.9068412255},"median":{"confidence_interval":{"confidence_level":0.99,"lower_bound":311293993.0,"upper_bound":311756328.0},"point_estimate":311642121.5,"standard_error":69558.16559762674},"median_abs_dev":{"confidence_interval":{"confidence_level":0.99,"lower_bound":582297.0700621605,"upper_bound":980068.2981588095},"point_estimate":789182.0355892181,"standard_error":77010.8831253871},"slope":null,"std_dev":{"confidence_interval":{"confidence_level":0.99,"lower_bound":612726.5218974872,"upper_bound":874185.5282282846},"point_estimate":747705.5903720653,"standard_error":51451.91839827501}}