{"mean":{"confidence_interval":{"confidence_level":0.99,"lower_bound":782713721.73,"upper_bound":783177234.11},"point_estimate":782946725.2,"standard_error":90378.58370741458},"median":{"confidence_interval":{"confidence_level":0.99,"lower_bound":782666903.1,"upper_bound":783282864.0},"point_estimate":783049336.5,"standard_error":141044.94667422882},"median_abs_dev":{"confidence_interval":{"confidence_level":0.99,"lower_bound":652919.9785083532,"upper_bound":1211008.1109673094},"point_estimate":912074.7474074364,"standard_error":108541.73234929734},"slope":null,"std_dev":{"confidence_interval":{"confidence_level":0.99,"lower_bound":754880.0622206833,"upper_bound":1054399.7637987211},"point_estimate":910718.0819046259,"standard_error":57927.981034459066}}