{"mean":{"confidence_interval":{"confidence_level":0.99,"lower_bound":101371657.05379999,"upper_bound":104915380.04175},"point_estimate":102872560.59,"standard_error":699817.2884364495},"median":{"confidence_interval":{"confidence_level":0.99,"lower_bound":100853583.0,"upper_bound":101063283.0},"point_estimate":100925294.5,"standard_error":38565.01110982799},"median_abs_dev":{"confidence_interval":{"confidence_level":0.99,"lower_bound":148878.79753187302,"upper_bound":382400.4581190349},"point_estimate":257245.18013298512,"standard_error":41188.83231250213},"slope":null,"std_dev":{"confidence_interval":{"confidence_level":0.99,"lower_bound":1703665.1005240504,"upper_bound":10095619.398772154},"point_estimate":7067294.425864683,"standard_error":1480502.4396694552}}