{"mean":{"confidence_interval":{"confidence_level":0.99,"lower_bound":38492679.6529,"upper_bound":38703841.731350005},"point_estimate":38585217.43,"standard_error":41412.73400307229},"median":{"confidence_interval":{"confidence_level":0.99,"lower_bound":38438231.0,"upper_bound":38539861.0},"point_estimate":38494996.5,"standard_error":14064.191772476848},"median_abs_dev":{"confidence_interval":{"confidence_level":0.99,"lower_bound":117749.56880302727,"upper_bound":241952.9027044773},"point_estimate":176215.16117155552,"standard_error":25707.706876673994},"slope":null,"std_dev":{"confidence_interval":{"confidence_level":0.99,"lower_bound":186943.3331951361,"upper_bound":590978.0561453715},"point_estimate":418526.715719842,"standard_error":76867.00193111856}}