{"mean":{"confidence_interval":{"confidence_level":0.99,"lower_bound":28511937.03075,"upper_bound":28657810.017100003},"point_estimate":28584364.52,"standard_error":28342.694668457534},"median":{"confidence_interval":{"confidence_level":0.99,"lower_bound":28442728.0,"upper_bound":28683080.0},"point_estimate":28569479.5,"standard_error":50980.58349439551},"median_abs_dev":{"confidence_interval":{"confidence_level":0.99,"lower_bound":220643.49328279495,"upper_bound":419483.5340611789},"point_estimate":316678.1652778387,"standard_error":37809.23324075798},"slope":null,"std_dev":{"confidence_interval":{"confidence_level":0.99,"lower_bound":241062.73607759716,"upper_bound":325419.04056450014},"point_estimate":284141.169547263,"standard_error":16281.494950103333}}