{"mean":{"confidence_interval":{"confidence_level":0.99,"lower_bound":26240011.3178,"upper_bound":26344173.1768},"point_estimate":26275602.02,"standard_error":21198.9282756585},"median":{"confidence_interval":{"confidence_level":0.99,"lower_bound":26225602.5,"upper_bound":26247803.0},"point_estimate":26236338.0,"standard_error":4105.740769904686},"median_abs_dev":{"confidence_interval":{"confidence_level":0.99,"lower_bound":23514.03558254242,"upper_bound":43678.21065455682},"point_estimate":32410.376724600792,"standard_error":4120.663907424766},"slope":null,"std_dev":{"confidence_interval":{"confidence_level":0.99,"lower_bound":45414.80219607329,"upper_bound":401129.4756494815},"point_estimate":214108.17998300755,"standard_error":95677.7825052918}}