{"mean":{"confidence_interval":{"confidence_level":0.99,"lower_bound":319135953.76,"upper_bound":319230613.25},"point_estimate":319183855.19,"standard_error":18570.137468066892},"median":{"confidence_interval":{"confidence_level":0.99,"lower_bound":319139191.0,"upper_bound":319239986.5},"point_estimate":319181136.0,"standard_error":21182.763175037962},"median_abs_dev":{"confidence_interval":{"confidence_level":0.99,"lower_bound":131055.68117679657,"upper_bound":248174.6334940195},"point_estimate":190442.19051897526,"standard_error":22543.13106813614},"slope":null,"std_dev":{"confidence_interval":{"confidence_level":0.99,"lower_bound":149717.71141269171,"upper_bound":218629.4218951375},"point_estimate":185152.63296249218,"standard_error":13479.52927580451}}