{"mean":{"confidence_interval":{"confidence_level":0.99,"lower_bound":36631258.97,"upper_bound":36995416.43},"point_estimate":36735063.5,"standard_error":80269.55323481491},"median":{"confidence_interval":{"confidence_level":0.99,"lower_bound":36610979.0,"upper_bound":36650179.0},"point_estimate":36627869.0,"standard_error":7278.454114493129},"median_abs_dev":{"confidence_interval":{"confidence_level":0.99,"lower_bound":46228.023154288545,"upper_bound":89223.60771596432},"point_estimate":65324.096140265465,"standard_error":8250.25349698906},"slope":null,"std_dev":{"confidence_interval":{"confidence_level":0.99,"lower_bound":74250.88017668018,"upper_bound":1554083.6660122096},"point_estimate":795433.4403832348,"standard_error":444893.83693867974}}