{"mean":{"confidence_interval":{"confidence_level":0.99,"lower_bound":305721746.24995005,"upper_bound":306061331.27739996},"point_estimate":305888516.21,"standard_error":65860.14797013262},"median":{"confidence_interval":{"confidence_level":0.99,"lower_bound":305653230.0,"upper_bound":306022918.5},"point_estimate":305822366.0,"standard_error":61138.62160795076},"median_abs_dev":{"confidence_interval":{"confidence_level":0.99,"lower_bound":458772.02935516834,"upper_bound":865898.4299272299},"point_estimate":690081.3468486071,"standard_error":79618.14180576136},"slope":null,"std_dev":{"confidence_interval":{"confidence_level":0.99,"lower_bound":530806.3344007857,"upper_bound":789326.5279602598},"point_estimate":660782.2123207472,"standard_error":50552.88788725314}}