{"mean":{"confidence_interval":{"confidence_level":0.99,"lower_bound":112599454.568,"upper_bound":113249409.53975001},"point_estimate":112911444.3,"standard_error":125608.24883006245},"median":{"confidence_interval":{"confidence_level":0.99,"lower_bound":112397766.0,"upper_bound":113053762.0},"point_estimate":112804050.5,"standard_error":133914.99162791125},"median_abs_dev":{"confidence_interval":{"confidence_level":0.99,"lower_bound":791170.6802924128,"upper_bound":1639679.257761377},"point_estimate":1295312.7559036016,"standard_error":172748.43497471602},"slope":null,"std_dev":{"confidence_interval":{"confidence_level":0.99,"lower_bound":968183.9881121903,"upper_bound":1605838.6420774253},"point_estimate":1260888.771839875,"standard_error":128297.88340902182}}