{"mean":{"confidence_interval":{"confidence_level":0.99,"lower_bound":3545015981.9428997,"upper_bound":3546803703.71},"point_estimate":3545912963.54,"standard_error":345504.2128795958},"median":{"confidence_interval":{"confidence_level":0.99,"lower_bound":3544531871.0,"upper_bound":3546281136.0},"point_estimate":3545551459.0,"standard_error":287203.3243530911},"median_abs_dev":{"confidence_interval":{"confidence_level":0.99,"lower_bound":1926346.70108901,"upper_bound":4493956.964716315},"point_estimate":2992856.367266178,"standard_error":491047.3461888497},"slope":null,"std_dev":{"confidence_interval":{"confidence_level":0.99,"lower_bound":2789373.9684317773,"upper_bound":4036900.7556483643},"point_estimate":3429724.6777964267,"standard_error":243576.6349248823}}