{"mean":{"confidence_interval":{"confidence_level":0.99,"lower_bound":1219529850.79,"upper_bound":1220178519.31},"point_estimate":1219855931.68,"standard_error":126618.90000163669},"median":{"confidence_interval":{"confidence_level":0.99,"lower_bound":1219273423.0,"upper_bound":1220350381.0},"point_estimate":1219880918.0,"standard_error":209727.96859914428},"median_abs_dev":{"confidence_interval":{"confidence_level":0.99,"lower_bound":957933.7884932756,"upper_bound":1696422.6953589802},"point_estimate":1326224.9653548002,"standard_error":133788.2101257017},"slope":null,"std_dev":{"confidence_interval":{"confidence_level":0.99,"lower_bound":1045326.7034066219,"upper_bound":1507852.3611977876},"point_estimate":1278553.2509134102,"standard_error":90554.4464342149}}