{"mean":{"confidence_interval":{"confidence_level":0.99,"lower_bound":105131253.00694999,"upper_bound":105736362.18625},"point_estimate":105414041.37,"standard_error":116873.20089135024},"median":{"confidence_interval":{"confidence_level":0.99,"lower_bound":105093365.0,"upper_bound":105694812.0},"point_estimate":105433480.0,"standard_error":104594.49934906182},"median_abs_dev":{"confidence_interval":{"confidence_level":0.99,"lower_bound":557896.4396953583,"upper_bound":1276916.6554301977},"point_estimate":850835.9554946423,"standard_error":131604.73175511372},"slope":null,"std_dev":{"confidence_interval":{"confidence_level":0.99,"lower_bound":815300.7170277948,"upper_bound":1669833.3010039367},"point_estimate":1172942.2761380856,"standard_error":184401.85181871784}}