{"mean":{"confidence_interval":{"confidence_level":0.99,"lower_bound":413263016.4996,"upper_bound":413513568.18050003},"point_estimate":413386791.02,"standard_error":48434.70332924834},"median":{"confidence_interval":{"confidence_level":0.99,"lower_bound":413194137.0,"upper_bound":413466414.5},"point_estimate":413290062.0,"standard_error":61653.972081801636},"median_abs_dev":{"confidence_interval":{"confidence_level":0.99,"lower_bound":296441.4169371128,"upper_bound":600976.347130537},"point_estimate":414122.7898478508,"standard_error":60462.582806623315},"slope":null,"std_dev":{"confidence_interval":{"confidence_level":0.99,"lower_bound":395116.72893436265,"upper_bound":563819.0675568976},"point_estimate":485153.09413148474,"standard_error":32877.954843394466}}