{"mean":{"confidence_interval":{"confidence_level":0.99,"lower_bound":26644270.06,"upper_bound":26686886.41},"point_estimate":26663667.89,"standard_error":8267.59749412916},"median":{"confidence_interval":{"confidence_level":0.99,"lower_bound":26632965.0,"upper_bound":26654375.0},"point_estimate":26643514.5,"standard_error":4735.8573010003765},"median_abs_dev":{"confidence_interval":{"confidence_level":0.99,"lower_bound":23760.147178173065,"upper_bound":60371.47092819214},"point_estimate":37035.34734249115,"standard_error":7521.834772026622},"slope":null,"std_dev":{"confidence_interval":{"confidence_level":0.99,"lower_bound":48364.55357887295,"upper_bound":116516.02212091468},"point_estimate":83102.41500895814,"standard_error":13725.89386620453}}