{"mean":{"confidence_interval":{"confidence_level":0.99,"lower_bound":26147008.73,"upper_bound":26273772.4981},"point_estimate":26201805.56,"standard_error":24903.956887389573},"median":{"confidence_interval":{"confidence_level":0.99,"lower_bound":26101801.5,"upper_bound":26150857.0},"point_estimate":26119591.5,"standard_error":9956.398057195021},"median_abs_dev":{"confidence_interval":{"confidence_level":0.99,"lower_bound":38102.819323539734,"upper_bound":88268.22029292597},"point_estimate":60742.862221598625,"standard_error":10223.966179882369},"slope":null,"std_dev":{"confidence_interval":{"confidence_level":0.99,"lower_bound":116125.7453124655,"upper_bound":378317.3365951655},"point_estimate":249748.55680242748,"standard_error":54618.13869268878}}