{"mean":{"confidence_interval":{"confidence_level":0.99,"lower_bound":46628560.887949996,"upper_bound":46969996.2008},"point_estimate":46797145.73,"standard_error":66298.08267732583},"median":{"confidence_interval":{"confidence_level":0.99,"lower_bound":46549849.5,"upper_bound":46766902.15000007},"point_estimate":46643261.0,"standard_error":40047.20810228384},"median_abs_dev":{"confidence_interval":{"confidence_level":0.99,"lower_bound":240390.98363220692,"upper_bound":853711.4581435919},"point_estimate":525496.4411705732,"standard_error":116137.28045779053},"slope":null,"std_dev":{"confidence_interval":{"confidence_level":0.99,"lower_bound":550764.5423953879,"upper_bound":769612.8320298234},"point_estimate":665440.2599667098,"standard_error":42644.95523150559}}