{"mean":{"confidence_interval":{"confidence_level":0.99,"lower_bound":26656267.92755,"upper_bound":26685499.9374},"point_estimate":26670342.81,"standard_error":5638.031560719078},"median":{"confidence_interval":{"confidence_level":0.99,"lower_bound":26645017.0,"upper_bound":26671161.0},"point_estimate":26654576.5,"standard_error":5414.732408930022},"median_abs_dev":{"confidence_interval":{"confidence_level":0.99,"lower_bound":32328.83372604847,"upper_bound":66272.2558884323},"point_estimate":48711.56343519688,"standard_error":6680.461525611328},"slope":null,"std_dev":{"confidence_interval":{"confidence_level":0.99,"lower_bound":44855.59392902121,"upper_bound":67377.38572524885},"point_estimate":56768.888343986626,"standard_error":4355.079358425122}}