{"mean":{"confidence_interval":{"confidence_level":0.99,"lower_bound":26624762.62,"upper_bound":26649393.58495},"point_estimate":26635675.85,"standard_error":4749.110880899884},"median":{"confidence_interval":{"confidence_level":0.99,"lower_bound":26621067.0,"upper_bound":26637257.0},"point_estimate":26630512.0,"standard_error":2390.410978017594},"median_abs_dev":{"confidence_interval":{"confidence_level":0.99,"lower_bound":20370.18233835697,"upper_bound":37257.73733854294},"point_estimate":30274.691462516785,"standard_error":3230.6690942406376},"slope":null,"std_dev":{"confidence_interval":{"confidence_level":0.99,"lower_bound":25696.636769462984,"upper_bound":72302.01535037954},"point_estimate":47641.40247733662,"standard_error":10021.07209488224}}