{"mean":{"confidence_interval":{"confidence_level":0.99,"lower_bound":114625531.84830001,"upper_bound":115121895.74},"point_estimate":114863334.48,"standard_error":95610.42733524142},"median":{"confidence_interval":{"confidence_level":0.99,"lower_bound":114561861.0,"upper_bound":115142483.0},"point_estimate":114747767.0,"standard_error":104181.10109895673},"median_abs_dev":{"confidence_interval":{"confidence_level":0.99,"lower_bound":633652.1092504263,"upper_bound":1192709.424725175},"point_estimate":943749.0132451057,"standard_error":118205.92194016704},"slope":null,"std_dev":{"confidence_interval":{"confidence_level":0.99,"lower_bound":715287.2362870872,"upper_bound":1228719.2646771567},"point_estimate":962501.0669160716,"standard_error":103503.09987526906}}