{"mean":{"confidence_interval":{"confidence_level":0.99,"lower_bound":517184243.8311,"upper_bound":517202143.35539997},"point_estimate":517193175.31,"standard_error":3487.186622281212},"median":{"confidence_interval":{"confidence_level":0.99,"lower_bound":517181307.0,"upper_bound":517206596.0},"point_estimate":517196092.5,"standard_error":3887.365041755814},"median_abs_dev":{"confidence_interval":{"confidence_level":0.99,"lower_bound":25247.93625175953,"upper_bound":45892.41441124679},"point_estimate":35160.599675774574,"standard_error":3714.6422728368143},"slope":null,"std_dev":{"confidence_interval":{"confidence_level":0.99,"lower_bound":28961.043541623243,"upper_bound":40511.831411383195},"point_estimate":34926.674276750746,"standard_error":2247.0247712747723}}