{"mean":{"confidence_interval":{"confidence_level":0.99,"lower_bound":26751719.6,"upper_bound":26776375.84125},"point_estimate":26763209.59,"standard_error":4793.851707371671},"median":{"confidence_interval":{"confidence_level":0.99,"lower_bound":26749304.0,"upper_bound":26770165.0},"point_estimate":26760605.0,"standard_error":3133.436025979926},"median_abs_dev":{"confidence_interval":{"confidence_level":0.99,"lower_bound":25798.714728981256,"upper_bound":48940.62513113022},"point_estimate":38725.51131248474,"standard_error":4186.432928267477},"slope":null,"std_dev":{"confidence_interval":{"confidence_level":0.99,"lower_bound":31319.681823531177,"upper_bound":66752.11465294959},"point_estimate":48118.81650624332,"standard_error":7305.590562504537}}