{"mean":{"confidence_interval":{"confidence_level":0.99,"lower_bound":57909309.71575,"upper_bound":58039723.219450004},"point_estimate":57972697.85,"standard_error":25275.959689628446},"median":{"confidence_interval":{"confidence_level":0.99,"lower_bound":57802241.0,"upper_bound":58130084.0},"point_estimate":58066913.5,"standard_error":60162.67974849737},"median_abs_dev":{"confidence_interval":{"confidence_level":0.99,"lower_bound":101820.39607782663,"upper_bound":356707.62326717377},"point_estimate":197194.6920990944,"standard_error":59599.53597019697},"slope":null,"std_dev":{"confidence_interval":{"confidence_level":0.99,"lower_bound":205363.28217906386,"upper_bound":333104.57023633964},"point_estimate":254331.94133013472,"standard_error":28251.48405975014}}