{"mean":{"confidence_interval":{"confidence_level":0.99,"lower_bound":26715077.3844,"upper_bound":27019530.44925},"point_estimate":26816084.89,"standard_error":62875.31464888188},"median":{"confidence_interval":{"confidence_level":0.99,"lower_bound":26683287.0,"upper_bound":26711007.0},"point_estimate":26700556.0,"standard_error":6334.165980353928},"median_abs_dev":{"confidence_interval":{"confidence_level":0.99,"lower_bound":29400.583876535307,"upper_bound":69386.78701163862},"point_estimate":46361.64247691631,"standard_error":7942.242102934843},"slope":null,"std_dev":{"confidence_interval":{"confidence_level":0.99,"lower_bound":76595.28317582216,"upper_bound":1190898.0503225827},"point_estimate":632779.2672689365,"standard_error":286601.09550278913}}