{"mean":{"confidence_interval":{"confidence_level":0.99,"lower_bound":115569223.43105,"upper_bound":116212634.1894},"point_estimate":115863363.55,"standard_error":124408.74870366167},"median":{"confidence_interval":{"confidence_level":0.99,"lower_bound":115432256.0,"upper_bound":116028712.0},"point_estimate":115670672.0,"standard_error":109455.15191785377},"median_abs_dev":{"confidence_interval":{"confidence_level":0.99,"lower_bound":573054.5418262482,"upper_bound":1108687.519016862},"point_estimate":787763.1874144077,"standard_error":105729.30344441505},"slope":null,"std_dev":{"confidence_interval":{"confidence_level":0.99,"lower_bound":776490.8669762594,"upper_bound":1777269.5221023844},"point_estimate":1252499.7167374375,"standard_error":211298.63293249914}}