{"mean":{"confidence_interval":{"confidence_level":0.99,"lower_bound":29132926.83335,"upper_bound":29245001.458949998},"point_estimate":29186882.28,"standard_error":21816.660662457856},"median":{"confidence_interval":{"confidence_level":0.99,"lower_bound":29123766.0,"upper_bound":29240808.0},"point_estimate":29182771.0,"standard_error":20311.73686013332},"median_abs_dev":{"confidence_interval":{"confidence_level":0.99,"lower_bound":119854.8644721508,"upper_bound":257699.5970249176},"point_estimate":177141.78615510464,"standard_error":29385.845556770968},"slope":null,"std_dev":{"confidence_interval":{"confidence_level":0.99,"lower_bound":162807.606077193,"upper_bound":281009.14229114336},"point_estimate":219002.45049194395,"standard_error":23527.214754152406}}