{"mean":{"confidence_interval":{"confidence_level":0.99,"lower_bound":51529731.0387,"upper_bound":51604308.97375},"point_estimate":51565133.04,"standard_error":14303.435426801178},"median":{"confidence_interval":{"confidence_level":0.99,"lower_bound":51516158.0,"upper_bound":51608273.5},"point_estimate":51575153.5,"standard_error":15353.903650661956},"median_abs_dev":{"confidence_interval":{"confidence_level":0.99,"lower_bound":92047.21936583519,"upper_bound":151916.896919936},"point_estimate":129083.30800831318,"standard_error":11708.851508154992},"slope":null,"std_dev":{"confidence_interval":{"confidence_level":0.99,"lower_bound":98013.07486181943,"upper_bound":206451.8852842064},"point_estimate":144146.58012437873,"standard_error":23190.743526053895}}