{"mean":{"confidence_interval":{"confidence_level":0.99,"lower_bound":63217695.61970001,"upper_bound":65187651.4864},"point_estimate":64009402.86,"standard_error":395452.0793343552},"median":{"confidence_interval":{"confidence_level":0.99,"lower_bound":62655192.0,"upper_bound":63130821.0},"point_estimate":62700967.5,"standard_error":131533.6440622989},"median_abs_dev":{"confidence_interval":{"confidence_level":0.99,"lower_bound":108557.45267271996,"upper_bound":968873.1523990631},"point_estimate":250997.50384390354,"standard_error":193230.58882398007},"slope":null,"std_dev":{"confidence_interval":{"confidence_level":0.99,"lower_bound":866161.4303506723,"upper_bound":6268342.2064553145},"point_estimate":3986737.822942574,"standard_error":1126813.8570193762}}