{"mean":{"confidence_interval":{"confidence_level":0.99,"lower_bound":27157411.42095,"upper_bound":27365543.90035},"point_estimate":27249024.26,"standard_error":40888.49776492487},"median":{"confidence_interval":{"confidence_level":0.99,"lower_bound":27119884.0,"upper_bound":27144114.0},"point_estimate":27130889.5,"standard_error":3799.717449790282},"median_abs_dev":{"confidence_interval":{"confidence_level":0.99,"lower_bound":26256.10423386097,"upper_bound":60002.30353474617},"point_estimate":40277.052184939384,"standard_error":5950.326011481396},"slope":null,"std_dev":{"confidence_interval":{"confidence_level":0.99,"lower_bound":182739.43263650968,"upper_bound":573705.1728458869},"point_estimate":412777.15496742603,"standard_error":74668.8181627385}}