{"mean":{"confidence_interval":{"confidence_level":0.99,"lower_bound":26148626.1673,"upper_bound":26335526.39365},"point_estimate":26222866.16,"standard_error":37535.52638219635},"median":{"confidence_interval":{"confidence_level":0.99,"lower_bound":26119593.0,"upper_bound":26157068.5},"point_estimate":26135058.0,"standard_error":7121.233142689034},"median_abs_dev":{"confidence_interval":{"confidence_level":0.99,"lower_bound":40098.398888111115,"upper_bound":96355.87727934142},"point_estimate":72070.66732048988,"standard_error":10409.111124586223},"slope":null,"std_dev":{"confidence_interval":{"confidence_level":0.99,"lower_bound":79683.53838811119,"upper_bound":615359.5064689546},"point_estimate":376359.1552704856,"standard_error":112710.53255632134}}