{"mean":{"confidence_interval":{"confidence_level":0.99,"lower_bound":113770396.77655,"upper_bound":114718975.8547},"point_estimate":114173620.24,"standard_error":184676.14649163312},"median":{"confidence_interval":{"confidence_level":0.99,"lower_bound":113591926.5,"upper_bound":114262890.0},"point_estimate":113857929.5,"standard_error":118343.41114299749},"median_abs_dev":{"confidence_interval":{"confidence_level":0.99,"lower_bound":657832.5735211372,"upper_bound":1211118.868598342},"point_estimate":898815.8558428288,"standard_error":109480.63384698852},"slope":null,"std_dev":{"confidence_interval":{"confidence_level":0.99,"lower_bound":828143.407577366,"upper_bound":2913637.741473231},"point_estimate":1852253.9915473012,"standard_error":464874.95931939204}}