{"mean":{"confidence_interval":{"confidence_level":0.99,"lower_bound":32968189.437400002,"upper_bound":32994649.95615},"point_estimate":32981030.98,"standard_error":5157.40903225909},"median":{"confidence_interval":{"confidence_level":0.99,"lower_bound":32965776.0,"upper_bound":32988506.0},"point_estimate":32976595.0,"standard_error":4937.153666674399},"median_abs_dev":{"confidence_interval":{"confidence_level":0.99,"lower_bound":27183.470517396927,"upper_bound":54879.92433218658},"point_estimate":43664.05182480812,"standard_error":5354.455012736822},"slope":null,"std_dev":{"confidence_interval":{"confidence_level":0.99,"lower_bound":39001.66215014512,"upper_bound":64496.85902705668},"point_estimate":51925.91620371812,"standard_error":5035.68944081903}}