{"mean":{"confidence_interval":{"confidence_level":0.99,"lower_bound":27363131.1309,"upper_bound":27424126.003149997},"point_estimate":27388098.47,"standard_error":11980.806002511488},"median":{"confidence_interval":{"confidence_level":0.99,"lower_bound":27355490.0,"upper_bound":27380544.5},"point_estimate":27369879.0,"standard_error":4882.667817572981},"median_abs_dev":{"confidence_interval":{"confidence_level":0.99,"lower_bound":28502.98449397087,"upper_bound":57546.37667834759},"point_estimate":42136.232551932335,"standard_error":5694.22207370191},"slope":null,"std_dev":{"confidence_interval":{"confidence_level":0.99,"lower_bound":46215.81618950953,"upper_bound":196188.46556380403},"point_estimate":120363.3875719987,"standard_error":33951.69464144606}}