{"mean":{"confidence_interval":{"confidence_level":0.99,"lower_bound":419636552.39005,"upper_bound":420134657.6246},"point_estimate":419894748.01,"standard_error":97124.64330986179},"median":{"confidence_interval":{"confidence_level":0.99,"lower_bound":419711634.0,"upper_bound":420312042.0},"point_estimate":420032134.5,"standard_error":114540.82986754089},"median_abs_dev":{"confidence_interval":{"confidence_level":0.99,"lower_bound":674028.388145104,"upper_bound":1238873.1401056051},"point_estimate":1084003.712055087,"standard_error":124761.92736421275},"slope":null,"std_dev":{"confidence_interval":{"confidence_level":0.99,"lower_bound":759178.7567679943,"upper_bound":1196781.509577876},"point_estimate":973752.6771870148,"standard_error":87255.7725794925}}