{"mean":{"confidence_interval":{"confidence_level":0.99,"lower_bound":28336229.94,"upper_bound":28372946.36615},"point_estimate":28353005.82,"standard_error":7161.79654679225},"median":{"confidence_interval":{"confidence_level":0.99,"lower_bound":28326171.0,"upper_bound":28353772.0},"point_estimate":28339777.0,"standard_error":6053.920009832211},"median_abs_dev":{"confidence_interval":{"confidence_level":0.99,"lower_bound":28852.13678777218,"upper_bound":58504.94798482961},"point_estimate":41268.17026734352,"standard_error":5512.097723329963},"slope":null,"std_dev":{"confidence_interval":{"confidence_level":0.99,"lower_bound":43513.1795854112,"upper_bound":97132.87035560393},"point_estimate":72020.27378361086,"standard_error":10627.996063840501}}