{"mean":{"confidence_interval":{"confidence_level":0.99,"lower_bound":26538070.75535,"upper_bound":26708776.065050002},"point_estimate":26593875.12,"standard_error":35974.27593029168},"median":{"confidence_interval":{"confidence_level":0.99,"lower_bound":26537007.0,"upper_bound":26551737.0},"point_estimate":26544107.0,"standard_error":2407.7355171179966},"median_abs_dev":{"confidence_interval":{"confidence_level":0.99,"lower_bound":22216.760605573654,"upper_bound":47836.08815073967},"point_estimate":30238.36776316166,"standard_error":4950.700746550058},"slope":null,"std_dev":{"confidence_interval":{"confidence_level":0.99,"lower_bound":30572.03484414049,"upper_bound":669997.0853204525},"point_estimate":362859.38029571663,"standard_error":160642.2826500708}}