{"mean":{"confidence_interval":{"confidence_level":0.99,"lower_bound":133259007.27835,"upper_bound":134681253.57915},"point_estimate":133883213.0,"standard_error":279143.69247581426},"median":{"confidence_interval":{"confidence_level":0.99,"lower_bound":132945486.0,"upper_bound":133371418.0},"point_estimate":133166008.0,"standard_error":68140.99690195575},"median_abs_dev":{"confidence_interval":{"confidence_level":0.99,"lower_bound":457283.2098746007,"upper_bound":945115.2291208506},"point_estimate":662131.3721448183,"standard_error":97422.4270528353},"slope":null,"std_dev":{"confidence_interval":{"confidence_level":0.99,"lower_bound":1289794.2023194556,"upper_bound":3948742.9217847753},"point_estimate":2805667.141097846,"standard_error":516065.5398956307}}