{"mean":{"confidence_interval":{"confidence_level":0.99,"lower_bound":30474937.6297,"upper_bound":30506283.146250002},"point_estimate":30489836.91,"standard_error":6077.571746196204},"median":{"confidence_interval":{"confidence_level":0.99,"lower_bound":30465351.0,"upper_bound":30498591.0},"point_estimate":30486020.5,"standard_error":6459.439916302628},"median_abs_dev":{"confidence_interval":{"confidence_level":0.99,"lower_bound":35195.44077515602,"upper_bound":70046.29195792983},"point_estimate":52588.56236636639,"standard_error":6870.662820581297},"slope":null,"std_dev":{"confidence_interval":{"confidence_level":0.99,"lower_bound":44340.08315452589,"upper_bound":79370.4839582925},"point_estimate":61123.87394184438,"standard_error":7080.618463608205}}