{"mean":{"confidence_interval":{"confidence_level":0.99,"lower_bound":26273483.3097,"upper_bound":26302828.451},"point_estimate":26286983.47,"standard_error":5712.677978849267},"median":{"confidence_interval":{"confidence_level":0.99,"lower_bound":26266933.0,"upper_bound":26285493.5},"point_estimate":26273293.0,"standard_error":3961.8884902399104},"median_abs_dev":{"confidence_interval":{"confidence_level":0.99,"lower_bound":19992.86064505577,"upper_bound":40884.17687416077},"point_estimate":29570.456475019455,"standard_error":3986.197791845711},"slope":null,"std_dev":{"confidence_interval":{"confidence_level":0.99,"lower_bound":35358.780591593444,"upper_bound":74719.95855547852},"point_estimate":57224.63415956506,"standard_error":7705.592844784575}}