{"mean":{"confidence_interval":{"confidence_level":0.99,"lower_bound":26299349.44475,"upper_bound":26444544.895},"point_estimate":26358218.98,"standard_error":28717.271351218682},"median":{"confidence_interval":{"confidence_level":0.99,"lower_bound":26277106.0,"upper_bound":26348006.0},"point_estimate":26326356.0,"standard_error":15636.55976508023},"median_abs_dev":{"confidence_interval":{"confidence_level":0.99,"lower_bound":79949.2035806179,"upper_bound":133294.6628855467},"point_estimate":114264.72127139568,"standard_error":9957.013730126266},"slope":null,"std_dev":{"confidence_interval":{"confidence_level":0.99,"lower_bound":85229.82696510297,"upper_bound":467177.30148455256},"point_estimate":289177.8681331962,"standard_error":82308.40270554688}}