{"mean":{"confidence_interval":{"confidence_level":0.99,"lower_bound":113559452.2176,"upper_bound":114019379.71249999},"point_estimate":113779017.07,"standard_error":89531.216192434},"median":{"confidence_interval":{"confidence_level":0.99,"lower_bound":113326859.0,"upper_bound":113851797.22750007},"point_estimate":113597581.0,"standard_error":94447.31142732818},"median_abs_dev":{"confidence_interval":{"confidence_level":0.99,"lower_bound":498832.6219439509,"upper_bound":1032397.3721712828},"point_estimate":790780.2783608437,"standard_error":101993.41203694478},"slope":null,"std_dev":{"confidence_interval":{"confidence_level":0.99,"lower_bound":659375.5057866062,"upper_bound":1194937.5730911847},"point_estimate":899806.463842763,"standard_error":110866.72216542973}}