{"mean":{"confidence_interval":{"confidence_level":0.99,"lower_bound":118566325.2095,"upper_bound":119324606.5474},"point_estimate":118901459.08,"standard_error":148181.58592004093},"median":{"confidence_interval":{"confidence_level":0.99,"lower_bound":118407799.0,"upper_bound":118679579.5},"point_estimate":118525102.0,"standard_error":50280.913737080395},"median_abs_dev":{"confidence_interval":{"confidence_level":0.99,"lower_bound":286141.79491996765,"upper_bound":614691.8794870377},"point_estimate":431837.6356333494,"standard_error":70320.86999524322},"slope":null,"std_dev":{"confidence_interval":{"confidence_level":0.99,"lower_bound":753306.5510080912,"upper_bound":2049177.2127184},"point_estimate":1486839.0089238135,"standard_error":252106.76140574535}}