{"mean":{"confidence_interval":{"confidence_level":0.99,"lower_bound":26679105.07835,"upper_bound":27010924.894399997},"point_estimate":26804467.17,"standard_error":67512.20360040294},"median":{"confidence_interval":{"confidence_level":0.99,"lower_bound":26666946.0,"upper_bound":26686546.0},"point_estimate":26676390.5,"standard_error":3427.426536697627},"median_abs_dev":{"confidence_interval":{"confidence_level":0.99,"lower_bound":21557.74491727352,"upper_bound":48859.119197577274},"point_estimate":35271.05337381363,"standard_error":4823.421461172264},"slope":null,"std_dev":{"confidence_interval":{"confidence_level":0.99,"lower_bound":46225.39175320824,"upper_bound":1119313.3284210886},"point_estimate":683014.1251244192,"standard_error":218558.39911658538}}