{"mean":{"confidence_interval":{"confidence_level":0.99,"lower_bound":103055394.56,"upper_bound":104338263.05565},"point_estimate":103727466.02,"standard_error":248355.63681834185},"median":{"confidence_interval":{"confidence_level":0.99,"lower_bound":103127516.5,"upper_bound":104458206.0},"point_estimate":103889093.0,"standard_error":227028.62091840987},"median_abs_dev":{"confidence_interval":{"confidence_level":0.99,"lower_bound":1455211.9043648243,"upper_bound":2943535.4552417994},"point_estimate":2044798.1771975756,"standard_error":324496.3711752513},"slope":null,"std_dev":{"confidence_interval":{"confidence_level":0.99,"lower_bound":1805037.6994204945,"upper_bound":3141347.2395804985},"point_estimate":2489564.1707061008,"standard_error":264343.08038798603}}