{"mean":{"confidence_interval":{"confidence_level":0.99,"lower_bound":146718780.45945,"upper_bound":147406522.4315},"point_estimate":147042062.14,"standard_error":133448.80885645162},"median":{"confidence_interval":{"confidence_level":0.99,"lower_bound":146486620.0,"upper_bound":147253174.0},"point_estimate":146993259.5,"standard_error":137996.90556717393},"median_abs_dev":{"confidence_interval":{"confidence_level":0.99,"lower_bound":762740.6063586473,"upper_bound":1514134.8751187325},"point_estimate":1166220.5522954464,"standard_error":156803.4765256745},"slope":null,"std_dev":{"confidence_interval":{"confidence_level":0.99,"lower_bound":937522.1071539156,"upper_bound":1896718.8728429498},"point_estimate":1339689.5967983322,"standard_error":209356.46070512204}}