{"mean":{"confidence_interval":{"confidence_level":0.99,"lower_bound":114477724.4472,"upper_bound":114670929.09755},"point_estimate":114570720.16,"standard_error":37577.21026906693},"median":{"confidence_interval":{"confidence_level":0.99,"lower_bound":114427471.5,"upper_bound":114633397.0},"point_estimate":114515873.0,"standard_error":39890.00146965247},"median_abs_dev":{"confidence_interval":{"confidence_level":0.99,"lower_bound":219570.09090185165,"upper_bound":435357.3279708624},"point_estimate":298133.8048070669,"standard_error":39524.919974375494},"slope":null,"std_dev":{"confidence_interval":{"confidence_level":0.99,"lower_bound":288367.356344324,"upper_bound":454023.51435356383},"point_estimate":375591.36177413334,"standard_error":32377.53922924504}}