{"mean":{"confidence_interval":{"confidence_level":0.99,"lower_bound":293475593.76890004,"upper_bound":293797284.34455},"point_estimate":293630661.36,"standard_error":62727.7747401355},"median":{"confidence_interval":{"confidence_level":0.99,"lower_bound":293154019.5,"upper_bound":293571497.0},"point_estimate":293494749.0,"standard_error":92253.33970044572},"median_abs_dev":{"confidence_interval":{"confidence_level":0.99,"lower_bound":237827.56827771664,"upper_bound":755920.261003733},"point_estimate":600538.238838315,"standard_error":108334.77269898182},"slope":null,"std_dev":{"confidence_interval":{"confidence_level":0.99,"lower_bound":526293.0458711005,"upper_bound":712583.9454612375},"point_estimate":632798.9057151197,"standard_error":36011.24355611545}}