{"mean":{"confidence_interval":{"confidence_level":0.99,"lower_bound":60129659.69,"upper_bound":60193581.49},"point_estimate":60158916.09,"standard_error":12399.863123236},"median":{"confidence_interval":{"confidence_level":0.99,"lower_bound":60109572.0,"upper_bound":60139333.0},"point_estimate":60126502.5,"standard_error":5250.344072053202},"median_abs_dev":{"confidence_interval":{"confidence_level":0.99,"lower_bound":35442.293670773506,"upper_bound":74115.9139841795},"point_estimate":51809.45608019829,"standard_error":7175.139048282389},"slope":null,"std_dev":{"confidence_interval":{"confidence_level":0.99,"lower_bound":75549.36974712285,"upper_bound":165971.83559162007},"point_estimate":124676.56701112157,"standard_error":17584.878837553963}}