{"mean":{"confidence_interval":{"confidence_level":0.99,"lower_bound":143580620.13,"upper_bound":143876647.99464998},"point_estimate":143714729.62,"standard_error":58375.72647608603},"median":{"confidence_interval":{"confidence_level":0.99,"lower_bound":143480093.0,"upper_bound":143828281.0},"point_estimate":143662189.5,"standard_error":72596.18623143017},"median_abs_dev":{"confidence_interval":{"confidence_level":0.99,"lower_bound":351356.91996216774,"upper_bound":641562.5214099884},"point_estimate":525518.6801701784,"standard_error":52084.38006020288},"slope":null,"std_dev":{"confidence_interval":{"confidence_level":0.99,"lower_bound":392563.181125693,"upper_bound":860510.6397532057},"point_estimate":594406.748593461,"standard_error":103058.09285191545}}