{"mean":{"confidence_interval":{"confidence_level":0.99,"lower_bound":92759438.83385,"upper_bound":96421995.82},"point_estimate":94486877.86,"standard_error":714459.2958031786},"median":{"confidence_interval":{"confidence_level":0.99,"lower_bound":90872185.0,"upper_bound":91122278.0},"point_estimate":90975396.5,"standard_error":55514.14523448549},"median_abs_dev":{"confidence_interval":{"confidence_level":0.99,"lower_bound":264749.3598997593,"upper_bound":686324.1049303132},"point_estimate":400416.15309119225,"standard_error":82307.43367749505},"slope":null,"std_dev":{"confidence_interval":{"confidence_level":0.99,"lower_bound":5298230.584954312,"upper_bound":8463439.47398788},"point_estimate":7193139.305050192,"standard_error":612482.087553286}}