{"mean":{"confidence_interval":{"confidence_level":0.99,"lower_bound":116667824.79215,"upper_bound":117082983.5511},"point_estimate":116867928.95,"standard_error":80492.34703351957},"median":{"confidence_interval":{"confidence_level":0.99,"lower_bound":116594525.0,"upper_bound":116931425.0},"point_estimate":116779886.5,"standard_error":60278.677373018094},"median_abs_dev":{"confidence_interval":{"confidence_level":0.99,"lower_bound":364913.71775248647,"upper_bound":789781.0059785843},"point_estimate":530880.502974987,"standard_error":80825.44433103503},"slope":null,"std_dev":{"confidence_interval":{"confidence_level":0.99,"lower_bound":588535.3656606697,"upper_bound":1017298.4511463153},"point_estimate":812501.5226369245,"standard_error":83905.0057120799}}