{"mean":{"confidence_interval":{"confidence_level":0.99,"lower_bound":113870579.6605,"upper_bound":114438921.74155},"point_estimate":114125045.74,"standard_error":109972.46235640607},"median":{"confidence_interval":{"confidence_level":0.99,"lower_bound":113615740.0,"upper_bound":114153475.0},"point_estimate":113832116.5,"standard_error":86446.29565815514},"median_abs_dev":{"confidence_interval":{"confidence_level":0.99,"lower_bound":476918.01891951263,"upper_bound":1117021.954768896},"point_estimate":771705.1470994949,"standard_error":122060.49085296618},"slope":null,"std_dev":{"confidence_interval":{"confidence_level":0.99,"lower_bound":721664.6346322014,"upper_bound":1623085.3331482986},"point_estimate":1102568.2750226476,"standard_error":201672.06633444407}}