{"mean":{"confidence_interval":{"confidence_level":0.99,"lower_bound":114962927.87775,"upper_bound":115797305.4627},"point_estimate":115348768.45,"standard_error":162662.33110701983},"median":{"confidence_interval":{"confidence_level":0.99,"lower_bound":114695932.5,"upper_bound":115171942.0},"point_estimate":114886212.5,"standard_error":99870.38660517252},"median_abs_dev":{"confidence_interval":{"confidence_level":0.99,"lower_bound":386950.33875475865,"upper_bound":829324.9124765396},"point_estimate":537904.3203502893,"standard_error":84322.79164039619},"slope":null,"std_dev":{"confidence_interval":{"confidence_level":0.99,"lower_bound":1017852.7779134248,"upper_bound":2132494.3102448327},"point_estimate":1632230.225143409,"standard_error":216906.79114193108}}