{"mean":{"confidence_interval":{"confidence_level":0.99,"lower_bound":105549242.633,"upper_bound":113670305.1746},"point_estimate":109331163.79,"standard_error":1594672.9261375892},"median":{"confidence_interval":{"confidence_level":0.99,"lower_bound":102370510.0,"upper_bound":102593509.28},"point_estimate":102445239.0,"standard_error":34313.42111096611},"median_abs_dev":{"confidence_interval":{"confidence_level":0.99,"lower_bound":177116.9785510451,"upper_bound":567186.5297384291},"point_estimate":351754.2567551136,"standard_error":71924.90746403448},"slope":null,"std_dev":{"confidence_interval":{"confidence_level":0.99,"lower_bound":10609995.41829543,"upper_bound":19761377.78021189},"point_estimate":16090765.54848667,"standard_error":1758626.714633069}}