{"mean":{"confidence_interval":{"confidence_level":0.99,"lower_bound":174505523.57050002,"upper_bound":183883662.50125},"point_estimate":179008467.41,"standard_error":1828674.8853855245},"median":{"confidence_interval":{"confidence_level":0.99,"lower_bound":166560305.0,"upper_bound":168267780.0},"point_estimate":166757291.5,"standard_error":480431.5061793817},"median_abs_dev":{"confidence_interval":{"confidence_level":0.99,"lower_bound":391283.33725333214,"upper_bound":3004293.1434631348},"point_estimate":789157.5726896524,"standard_error":702198.5911646102},"slope":null,"std_dev":{"confidence_interval":{"confidence_level":0.99,"lower_bound":15526566.70018998,"upper_bound":20035338.819089603},"point_estimate":18403262.374699954,"standard_error":883474.9828903021}}