{"mean":{"confidence_interval":{"confidence_level":0.99,"lower_bound":27057243.88325,"upper_bound":27130203.0548},"point_estimate":27083175.92,"standard_error":14744.252871110128},"median":{"confidence_interval":{"confidence_level":0.99,"lower_bound":27044393.0,"upper_bound":27078934.0},"point_estimate":27058959.0,"standard_error":6443.880859990847},"median_abs_dev":{"confidence_interval":{"confidence_level":0.99,"lower_bound":30243.423429071914,"upper_bound":60787.48848080649},"point_estimate":43374.944829940796,"standard_error":5376.795348261777},"slope":null,"std_dev":{"confidence_interval":{"confidence_level":0.99,"lower_bound":40902.77851092465,"upper_bound":274862.84317364823},"point_estimate":147978.22876967987,"standard_error":63624.75499373247}}