{"mean":{"confidence_interval":{"confidence_level":0.99,"lower_bound":116254651.59719999,"upper_bound":116840582.48745},"point_estimate":116512095.51,"standard_error":114134.16205387506},"median":{"confidence_interval":{"confidence_level":0.99,"lower_bound":116109751.0,"upper_bound":116396008.0},"point_estimate":116278390.0,"standard_error":45685.28748351333},"median_abs_dev":{"confidence_interval":{"confidence_level":0.99,"lower_bound":303874.4319051504,"upper_bound":624569.7018116713},"point_estimate":439024.5390057564,"standard_error":60148.2246263915},"slope":null,"std_dev":{"confidence_interval":{"confidence_level":0.99,"lower_bound":595984.3951669898,"upper_bound":1714430.2628747693},"point_estimate":1149613.9534376815,"standard_error":244812.4543792095}}