{"mean":{"confidence_interval":{"confidence_level":0.99,"lower_bound":291699748.62235,"upper_bound":316940272.4276},"point_estimate":303430330.3,"standard_error":4907703.047767923},"median":{"confidence_interval":{"confidence_level":0.99,"lower_bound":277725260.0,"upper_bound":284213009.0},"point_estimate":280899389.5,"standard_error":2836756.476809168},"median_abs_dev":{"confidence_interval":{"confidence_level":0.99,"lower_bound":2065263.9872342348,"upper_bound":11388799.154319905},"point_estimate":5706674.81738627,"standard_error":3531685.1792919366},"slope":null,"std_dev":{"confidence_interval":{"confidence_level":0.99,"lower_bound":35009475.409534864,"upper_bound":58625180.61961548},"point_estimate":49187951.159733124,"standard_error":4466210.421789806}}