{"mean":{"confidence_interval":{"confidence_level":0.99,"lower_bound":100990173.00495,"upper_bound":103030019.5557},"point_estimate":101910457.16,"standard_error":399573.6209230838},"median":{"confidence_interval":{"confidence_level":0.99,"lower_bound":100428577.0,"upper_bound":101724141.0},"point_estimate":100926055.0,"standard_error":227652.53269922512},"median_abs_dev":{"confidence_interval":{"confidence_level":0.99,"lower_bound":930926.0060727596,"upper_bound":2008923.7056344748},"point_estimate":1402523.2665002346,"standard_error":177636.4479469457},"slope":null,"std_dev":{"confidence_interval":{"confidence_level":0.99,"lower_bound":2088119.6053122126,"upper_bound":5455490.566943543},"point_estimate":4005904.1024750513,"standard_error":651209.5177167784}}