{"mean":{"confidence_interval":{"confidence_level":0.99,"lower_bound":110156520.4622,"upper_bound":110925356.8731},"point_estimate":110509655.01,"standard_error":149035.9050007314},"median":{"confidence_interval":{"confidence_level":0.99,"lower_bound":109996924.5,"upper_bound":110426301.0},"point_estimate":110175530.0,"standard_error":96824.88407106213},"median_abs_dev":{"confidence_interval":{"confidence_level":0.99,"lower_bound":493644.26333606243,"upper_bound":1049618.9940105383},"point_estimate":697767.8864121437,"standard_error":110851.10664863838},"slope":null,"std_dev":{"confidence_interval":{"confidence_level":0.99,"lower_bound":864290.834271074,"upper_bound":2029585.831816337},"point_estimate":1495232.7760041715,"standard_error":229836.67480506987}}