{"mean":{"confidence_interval":{"confidence_level":0.99,"lower_bound":181085620.55815002,"upper_bound":188007401.99665},"point_estimate":183992560.0,"standard_error":1358886.8624649064},"median":{"confidence_interval":{"confidence_level":0.99,"lower_bound":179319297.5,"upper_bound":181072154.0},"point_estimate":180859247.0,"standard_error":212931.14552378887},"median_abs_dev":{"confidence_interval":{"confidence_level":0.99,"lower_bound":960004.9806565046,"upper_bound":6204699.6817995645},"point_estimate":5230247.987544537,"standard_error":1236368.4430408853},"slope":null,"std_dev":{"confidence_interval":{"confidence_level":0.99,"lower_bound":6110725.952032153,"upper_bound":20947540.187782694},"point_estimate":13613906.457152156,"standard_error":3424241.667097467}}