{"mean":{"confidence_interval":{"confidence_level":0.99,"lower_bound":34666361.41,"upper_bound":35759644.34},"point_estimate":35122582.44,"standard_error":215814.12541574883},"median":{"confidence_interval":{"confidence_level":0.99,"lower_bound":34558925.5,"upper_bound":34599686.0},"point_estimate":34580401.0,"standard_error":8006.3576441419555},"median_abs_dev":{"confidence_interval":{"confidence_level":0.99,"lower_bound":42194.79525089264,"upper_bound":112234.33396594299},"point_estimate":64931.94844722748,"standard_error":13273.458076379347},"slope":null,"std_dev":{"confidence_interval":{"confidence_level":0.99,"lower_bound":468923.41526532255,"upper_bound":3128621.165543736},"point_estimate":2159889.494703839,"standard_error":464843.69894545164}}