{"mean":{"confidence_interval":{"confidence_level":0.99,"lower_bound":236986117.86499998,"upper_bound":238972629.3107},"point_estimate":237961293.28,"standard_error":385082.31607604836},"median":{"confidence_interval":{"confidence_level":0.99,"lower_bound":236031697.0,"upper_bound":239208171.0},"point_estimate":237943923.0,"standard_error":582845.0683127954},"median_abs_dev":{"confidence_interval":{"confidence_level":0.99,"lower_bound":3050158.1149488688,"upper_bound":5424068.2821035385},"point_estimate":4399626.541391015,"standard_error":447295.27949161746},"slope":null,"std_dev":{"confidence_interval":{"confidence_level":0.99,"lower_bound":3180688.9735435774,"upper_bound":4530426.294116392},"point_estimate":3869931.12486961,"standard_error":263623.44532261643}}