{"mean":{"confidence_interval":{"confidence_level":0.99,"lower_bound":26334336.35835,"upper_bound":26369966.6202},"point_estimate":26349651.7,"standard_error":6944.877055595197},"median":{"confidence_interval":{"confidence_level":0.99,"lower_bound":26324575.0,"upper_bound":26352265.0},"point_estimate":26339845.0,"standard_error":4417.742780758508},"median_abs_dev":{"confidence_interval":{"confidence_level":0.99,"lower_bound":26716.45152568817,"upper_bound":48324.6085485667},"point_estimate":36161.35465800762,"standard_error":4080.5464492538267},"slope":null,"std_dev":{"confidence_interval":{"confidence_level":0.99,"lower_bound":33425.0525466001,"upper_bound":106719.12978729868},"point_estimate":70053.6652671624,"standard_error":16133.812324898734}}