{"mean":{"confidence_interval":{"confidence_level":0.99,"lower_bound":42900175.20175,"upper_bound":42977328.3},"point_estimate":42937913.13,"standard_error":15102.5086259201},"median":{"confidence_interval":{"confidence_level":0.99,"lower_bound":42905588.67,"upper_bound":42971479.0},"point_estimate":42941993.5,"standard_error":12217.536373824722},"median_abs_dev":{"confidence_interval":{"confidence_level":0.99,"lower_bound":69978.7187576294,"upper_bound":132299.85312920812},"point_estimate":95435.7016056776,"standard_error":10704.335300604023},"slope":null,"std_dev":{"confidence_interval":{"confidence_level":0.99,"lower_bound":113587.22497504245,"upper_bound":186180.7295218587},"point_estimate":151626.607736205,"standard_error":14120.216328559145}}