{"mean":{"confidence_interval":{"confidence_level":0.99,"lower_bound":26256323.04755,"upper_bound":26478443.23135},"point_estimate":26340484.6,"standard_error":43942.79774144038},"median":{"confidence_interval":{"confidence_level":0.99,"lower_bound":26188436.0,"upper_bound":26247245.0},"point_estimate":26212755.5,"standard_error":11087.581418312373},"median_abs_dev":{"confidence_interval":{"confidence_level":0.99,"lower_bound":62558.787734359525,"upper_bound":161396.57443463802},"point_estimate":97230.38887381554,"standard_error":19642.6650001777},"slope":null,"std_dev":{"confidence_interval":{"confidence_level":0.99,"lower_bound":164729.93603256493,"upper_bound":792809.0161459144},"point_estimate":442025.8636853822,"standard_error":165322.63571846904}}