{"mean":{"confidence_interval":{"confidence_level":0.99,"lower_bound":26234401.38375,"upper_bound":26583238.59445},"point_estimate":26358789.59,"standard_error":70427.66715342454},"median":{"confidence_interval":{"confidence_level":0.99,"lower_bound":26200405.0,"upper_bound":26223965.0},"point_estimate":26213205.0,"standard_error":5136.021975466936},"median_abs_dev":{"confidence_interval":{"confidence_level":0.99,"lower_bound":22001.779902890325,"upper_bound":49031.06372952461},"point_estimate":32484.50672328472,"standard_error":5425.9106123621},"slope":null,"std_dev":{"confidence_interval":{"confidence_level":0.99,"lower_bound":122034.6370209638,"upper_bound":1289633.7667308387},"point_estimate":706868.0502590225,"standard_error":283359.63501421286}}