{"mean":{"confidence_interval":{"confidence_level":0.99,"lower_bound":101861203.9899,"upper_bound":103289008.30115001},"point_estimate":102454400.97,"standard_error":285383.5216847386},"median":{"confidence_interval":{"confidence_level":0.99,"lower_bound":101521528.0,"upper_bound":102219190.5},"point_estimate":101865635.5,"standard_error":169630.95375102086},"median_abs_dev":{"confidence_interval":{"confidence_level":0.99,"lower_bound":676801.698884368,"upper_bound":1308649.4839668274},"point_estimate":1086016.3415193558,"standard_error":132927.87715380272},"slope":null,"std_dev":{"confidence_interval":{"confidence_level":0.99,"lower_bound":851034.5512382057,"upper_bound":4462632.897373407},"point_estimate":2885326.779497659,"standard_error":749225.787628248}}