{"mean":{"confidence_interval":{"confidence_level":0.99,"lower_bound":91539885.55815001,"upper_bound":92194261.81615001},"point_estimate":91865787.1,"standard_error":126699.81864360922},"median":{"confidence_interval":{"confidence_level":0.99,"lower_bound":90987786.0,"upper_bound":92565970.0},"point_estimate":92257967.5,"standard_error":358504.62051640486},"median_abs_dev":{"confidence_interval":{"confidence_level":0.99,"lower_bound":814150.1903999448,"upper_bound":1989778.1508743763},"point_estimate":1595270.89997828,"standard_error":260448.5926261141},"slope":null,"std_dev":{"confidence_interval":{"confidence_level":0.99,"lower_bound":1082670.6034073802,"upper_bound":1478128.976423964},"point_estimate":1271874.2481294123,"standard_error":77521.58512594207}}