{"mean":{"confidence_interval":{"confidence_level":0.99,"lower_bound":97665638.46565,"upper_bound":98488468.39885001},"point_estimate":98036372.65,"standard_error":159467.65402410453},"median":{"confidence_interval":{"confidence_level":0.99,"lower_bound":97503291.0,"upper_bound":98191930.0},"point_estimate":97927639.0,"standard_error":162225.72933548022},"median_abs_dev":{"confidence_interval":{"confidence_level":0.99,"lower_bound":797957.5448334217,"upper_bound":1518205.3459334678},"point_estimate":1165808.3895027637,"standard_error":145852.00310347124},"slope":null,"std_dev":{"confidence_interval":{"confidence_level":0.99,"lower_bound":959752.894339595,"upper_bound":2409350.8721103477},"point_estimate":1600446.090669063,"standard_error":318669.0363929796}}