{"mean":{"confidence_interval":{"confidence_level":0.99,"lower_bound":1556266095.5542,"upper_bound":1556337519.2786498},"point_estimate":1556302175.12,"standard_error":13786.365886911963},"median":{"confidence_interval":{"confidence_level":0.99,"lower_bound":1556302527.0,"upper_bound":1556360455.0},"point_estimate":1556334402.0,"standard_error":10272.596049672191},"median_abs_dev":{"confidence_interval":{"confidence_level":0.99,"lower_bound":58540.45996069908,"upper_bound":142156.87457621098},"point_estimate":104548.50234389305,"standard_error":15872.673052163416},"slope":null,"std_dev":{"confidence_interval":{"confidence_level":0.99,"lower_bound":109581.23896334747,"upper_bound":166063.6539160854},"point_estimate":138252.4097679021,"standard_error":10890.206647954723}}