{"mean":{"confidence_interval":{"confidence_level":0.99,"lower_bound":27983011.99275,"upper_bound":28288919.98105},"point_estimate":28132117.05,"standard_error":59424.54749300809},"median":{"confidence_interval":{"confidence_level":0.99,"lower_bound":27822310.0,"upper_bound":28225265.0},"point_estimate":28010582.0,"standard_error":68866.70208832264},"median_abs_dev":{"confidence_interval":{"confidence_level":0.99,"lower_bound":434893.05178910505,"upper_bound":857662.5870734453},"point_estimate":709319.5641070604,"standard_error":85378.41349490742},"slope":null,"std_dev":{"confidence_interval":{"confidence_level":0.99,"lower_bound":491619.77919883444,"upper_bound":695347.8179030442},"point_estimate":598045.1368926404,"standard_error":39471.39288138904}}