{"mean":{"confidence_interval":{"confidence_level":0.99,"lower_bound":100798508.08354999,"upper_bound":102016002.3116},"point_estimate":101234310.84,"standard_error":243763.46558412662},"median":{"confidence_interval":{"confidence_level":0.99,"lower_bound":100674610.0,"upper_bound":100997501.0},"point_estimate":100777124.0,"standard_error":75037.07038210398},"median_abs_dev":{"confidence_interval":{"confidence_level":0.99,"lower_bound":337227.13434702164,"upper_bound":725262.7029240131},"point_estimate":485587.07377910614,"standard_error":72767.2799697015},"slope":null,"std_dev":{"confidence_interval":{"confidence_level":0.99,"lower_bound":561877.7569063777,"upper_bound":4512165.164965798},"point_estimate":2456252.7486145385,"standard_error":1012722.9804205085}}