{"mean":{"confidence_interval":{"confidence_level":0.99,"lower_bound":26274037.221699998,"upper_bound":26334922.8033},"point_estimate":26300938.99,"standard_error":11855.849048902635},"median":{"confidence_interval":{"confidence_level":0.99,"lower_bound":26252442.0,"upper_bound":26279283.0},"point_estimate":26263308.0,"standard_error":5114.696960349147},"median_abs_dev":{"confidence_interval":{"confidence_level":0.99,"lower_bound":25523.699846863747,"upper_bound":55783.858123138816},"point_estimate":35285.138073563576,"standard_error":5752.30312505976},"slope":null,"std_dev":{"confidence_interval":{"confidence_level":0.99,"lower_bound":57779.54656082971,"upper_bound":167201.73962103657},"point_estimate":118365.48607268136,"standard_error":21285.89509825959}}