{"mean":{"confidence_interval":{"confidence_level":0.99,"lower_bound":472894185.79915,"upper_bound":475858198.8},"point_estimate":474352151.23,"standard_error":577187.970648269},"median":{"confidence_interval":{"confidence_level":0.99,"lower_bound":472490393.0,"upper_bound":475809710.5},"point_estimate":473980987.5,"standard_error":693502.9407192237},"median_abs_dev":{"confidence_interval":{"confidence_level":0.99,"lower_bound":4308575.8182389885,"upper_bound":7987141.155999899},"point_estimate":6467779.374673963,"standard_error":709546.554746074},"slope":null,"std_dev":{"confidence_interval":{"confidence_level":0.99,"lower_bound":4874116.353895888,"upper_bound":6688461.44663743},"point_estimate":5834454.007894814,"standard_error":352725.52944394184}}