{"mean":{"confidence_interval":{"confidence_level":0.99,"lower_bound":76813618.00605,"upper_bound":78592179.39144999},"point_estimate":77652788.08,"standard_error":346400.24832389934},"median":{"confidence_interval":{"confidence_level":0.99,"lower_bound":75988898.0,"upper_bound":76082198.0},"point_estimate":76028981.0,"standard_error":18098.065346566647},"median_abs_dev":{"confidence_interval":{"confidence_level":0.99,"lower_bound":87871.43576847017,"upper_bound":615866.3803601863},"point_estimate":317052.52177119255,"standard_error":110843.46459678795},"slope":null,"std_dev":{"confidence_interval":{"confidence_level":0.99,"lower_bound":2553434.916305916,"upper_bound":4123980.9805642576},"point_estimate":3488754.752217585,"standard_error":301462.12150941486}}