{"mean":{"confidence_interval":{"confidence_level":0.99,"lower_bound":26108018.139799997,"upper_bound":26465727.134200003},"point_estimate":26259149.8,"standard_error":70032.35778178238},"median":{"confidence_interval":{"confidence_level":0.99,"lower_bound":26071863.0,"upper_bound":26089902.0},"point_estimate":26082187.0,"standard_error":3578.452178396086},"median_abs_dev":{"confidence_interval":{"confidence_level":0.99,"lower_bound":19917.959694385532,"upper_bound":44864.991161987215},"point_estimate":30890.71175158024,"standard_error":4094.0370438141344},"slope":null,"std_dev":{"confidence_interval":{"confidence_level":0.99,"lower_bound":122732.44282587909,"upper_bound":1025747.7447082062},"point_estimate":704495.9496324344,"standard_error":152095.09705785345}}