{"mean":{"confidence_interval":{"confidence_level":0.99,"lower_bound":253839963.95305002,"upper_bound":253936635.41575},"point_estimate":253887984.29,"standard_error":18953.70651291089},"median":{"confidence_interval":{"confidence_level":0.99,"lower_bound":253840431.5,"upper_bound":253916867.5},"point_estimate":253878627.5,"standard_error":14313.581874900849},"median_abs_dev":{"confidence_interval":{"confidence_level":0.99,"lower_bound":103012.41386966409,"upper_bound":196939.68490362167},"point_estimate":160492.92975068092,"standard_error":17703.13635320977},"slope":null,"std_dev":{"confidence_interval":{"confidence_level":0.99,"lower_bound":145011.54641431378,"upper_bound":233978.5451546953},"point_estimate":190897.5056963203,"standard_error":17224.587279272524}}