{"mean":{"confidence_interval":{"confidence_level":0.99,"lower_bound":49178086.41125,"upper_bound":50269726.156950004},"point_estimate":49687012.41,"standard_error":213334.7179761107},"median":{"confidence_interval":{"confidence_level":0.99,"lower_bound":48662644.2975,"upper_bound":48726890.0},"point_estimate":48688590.0,"standard_error":11542.289117331044},"median_abs_dev":{"confidence_interval":{"confidence_level":0.99,"lower_bound":50667.854100465775,"upper_bound":183652.62393951416},"point_estimate":91595.76767385006,"standard_error":22598.126776201134},"slope":null,"std_dev":{"confidence_interval":{"confidence_level":0.99,"lower_bound":1547550.570401519,"upper_bound":2548153.7305510924},"point_estimate":2140280.6437669606,"standard_error":194468.36626792455}}