{"mean":{"confidence_interval":{"confidence_level":0.99,"lower_bound":29882924.82,"upper_bound":29946967.45645},"point_estimate":29912427.84,"standard_error":12332.123562394732},"median":{"confidence_interval":{"confidence_level":0.99,"lower_bound":29881200.0,"upper_bound":29935557.0},"point_estimate":29911336.0,"standard_error":9262.646193415816},"median_abs_dev":{"confidence_interval":{"confidence_level":0.99,"lower_bound":51506.26438558102,"upper_bound":115429.30355072021},"point_estimate":72625.15971064568,"standard_error":12034.62258097324},"slope":null,"std_dev":{"confidence_interval":{"confidence_level":0.99,"lower_bound":79458.70282617117,"upper_bound":181737.89567956922},"point_estimate":123035.03173615865,"standard_error":22354.071585817128}}