{"mean":{"confidence_interval":{"confidence_level":0.99,"lower_bound":105347450.72,"upper_bound":105437602.0895},"point_estimate":105386991.58,"standard_error":17419.188533717872},"median":{"confidence_interval":{"confidence_level":0.99,"lower_bound":105336870.0,"upper_bound":105377970.0},"point_estimate":105356139.5,"standard_error":7641.651763112321},"median_abs_dev":{"confidence_interval":{"confidence_level":0.99,"lower_bound":60682.81692266464,"upper_bound":113329.94198799133},"point_estimate":85746.91077768803,"standard_error":9884.832210025828},"slope":null,"std_dev":{"confidence_interval":{"confidence_level":0.99,"lower_bound":83156.21996671494,"upper_bound":253141.19192512368},"point_estimate":175283.9493801605,"standard_error":33664.859192403776}}