{"mean":{"confidence_interval":{"confidence_level":0.99,"lower_bound":1663470233.3262,"upper_bound":1665374362.2755501},"point_estimate":1664081194.78,"standard_error":398269.60092167865},"median":{"confidence_interval":{"confidence_level":0.99,"lower_bound":1663444628.0,"upper_bound":1664286864.0},"point_estimate":1663990712.0,"standard_error":148315.9243977156},"median_abs_dev":{"confidence_interval":{"confidence_level":0.99,"lower_bound":631356.303191185,"upper_bound":1334482.3059082031},"point_estimate":983832.5861334801,"standard_error":135998.89303934982},"slope":null,"std_dev":{"confidence_interval":{"confidence_level":0.99,"lower_bound":825734.8366763626,"upper_bound":7814151.518180062},"point_estimate":4039076.594327872,"standard_error":2052119.3827614838}}