{"mean":{"confidence_interval":{"confidence_level":0.99,"lower_bound":26348404.78,"upper_bound":26551020.67715},"point_estimate":26415181.23,"standard_error":41260.53248864993},"median":{"confidence_interval":{"confidence_level":0.99,"lower_bound":26313734.0,"upper_bound":26341794.0},"point_estimate":26327379.0,"standard_error":5839.261353131935},"median_abs_dev":{"confidence_interval":{"confidence_level":0.99,"lower_bound":29534.87407565117,"upper_bound":72046.20442092419},"point_estimate":47703.395453095436,"standard_error":7370.827340816951},"slope":null,"std_dev":{"confidence_interval":{"confidence_level":0.99,"lower_bound":92328.9997276669,"upper_bound":782680.7478438317},"point_estimate":412922.5480866855,"standard_error":194533.7294149662}}