{"mean":{"confidence_interval":{"confidence_level":0.99,"lower_bound":28535313.8045,"upper_bound":28738206.53},"point_estimate":28609208.93,"standard_error":41484.732715097976},"median":{"confidence_interval":{"confidence_level":0.99,"lower_bound":28516850.5,"upper_bound":28542985.0},"point_estimate":28526605.5,"standard_error":4466.5380577020605},"median_abs_dev":{"confidence_interval":{"confidence_level":0.99,"lower_bound":25293.155550956726,"upper_bound":59949.67123568058},"point_estimate":38302.97031998634,"standard_error":6021.90267128504},"slope":null,"std_dev":{"confidence_interval":{"confidence_level":0.99,"lower_bound":63364.18769122151,"upper_bound":694668.5099735184},"point_estimate":414939.14029660536,"standard_error":151965.47877883166}}