{"mean":{"confidence_interval":{"confidence_level":0.99,"lower_bound":85999361.37,"upper_bound":89337461.3472},"point_estimate":87498659.72,"standard_error":664118.623587539},"median":{"confidence_interval":{"confidence_level":0.99,"lower_bound":84960162.0,"upper_bound":85039672.5},"point_estimate":84985432.0,"standard_error":16717.828073925157},"median_abs_dev":{"confidence_interval":{"confidence_level":0.99,"lower_bound":89311.8224143982,"upper_bound":304863.06292609917},"point_estimate":151560.26490926743,"standard_error":37516.413040639156},"slope":null,"std_dev":{"confidence_interval":{"confidence_level":0.99,"lower_bound":4360556.848715043,"upper_bound":8379667.48521033},"point_estimate":6679305.366254839,"standard_error":800072.4471319097}}