{"mean":{"confidence_interval":{"confidence_level":0.99,"lower_bound":124253917.9233,"upper_bound":124598654.70555},"point_estimate":124421202.28,"standard_error":67087.57094088694},"median":{"confidence_interval":{"confidence_level":0.99,"lower_bound":124187175.0,"upper_bound":124408753.0},"point_estimate":124302614.0,"standard_error":44367.47680609906},"median_abs_dev":{"confidence_interval":{"confidence_level":0.99,"lower_bound":246703.89432013035,"upper_bound":554583.2327626812},"point_estimate":382965.95140099525,"standard_error":56416.33113240159},"slope":null,"std_dev":{"confidence_interval":{"confidence_level":0.99,"lower_bound":513156.90500939474,"upper_bound":809942.368955283},"point_estimate":674124.6608045205,"standard_error":57365.01767270948}}