{"mean":{"confidence_interval":{"confidence_level":0.99,"lower_bound":311450635.64765,"upper_bound":311805241.65},"point_estimate":311626780.09,"standard_error":68843.75844722951},"median":{"confidence_interval":{"confidence_level":0.99,"lower_bound":311361140.5,"upper_bound":311772378.0},"point_estimate":311543644.5,"standard_error":92558.10406829997},"median_abs_dev":{"confidence_interval":{"confidence_level":0.99,"lower_bound":441381.1316639185,"upper_bound":1056576.35384202},"point_estimate":729284.2553526163,"standard_error":124673.57831571327},"slope":null,"std_dev":{"confidence_interval":{"confidence_level":0.99,"lower_bound":580628.927747007,"upper_bound":795966.338046666},"point_estimate":692996.3082238175,"standard_error":41755.055375439035}}