{"mean":{"confidence_interval":{"confidence_level":0.99,"lower_bound":113601217.62,"upper_bound":114227520.3159},"point_estimate":113895646.06,"standard_error":122148.22524419722},"median":{"confidence_interval":{"confidence_level":0.99,"lower_bound":113368181.0,"upper_bound":114058659.0},"point_estimate":113741801.5,"standard_error":129299.84124597377},"median_abs_dev":{"confidence_interval":{"confidence_level":0.99,"lower_bound":659470.1051920652,"upper_bound":1235305.8600154375},"point_estimate":845556.4169883728,"standard_error":107992.55476737319},"slope":null,"std_dev":{"confidence_interval":{"confidence_level":0.99,"lower_bound":836728.509752109,"upper_bound":1609950.8099754706},"point_estimate":1227224.4665576688,"standard_error":156156.81516036243}}