{"mean":{"confidence_interval":{"confidence_level":0.99,"lower_bound":111836191.29,"upper_bound":112353923.62629999},"point_estimate":112100733.58,"standard_error":99658.46437180332},"median":{"confidence_interval":{"confidence_level":0.99,"lower_bound":111833181.0,"upper_bound":112351803.0},"point_estimate":112066956.5,"standard_error":104894.28608510904},"median_abs_dev":{"confidence_interval":{"confidence_level":0.99,"lower_bound":556580.6322187185,"upper_bound":1051774.953827262},"point_estimate":783580.0315886736,"standard_error":96428.26402603854},"slope":null,"std_dev":{"confidence_interval":{"confidence_level":0.99,"lower_bound":712587.2390740212,"upper_bound":1351973.6442336838},"point_estimate":1000441.7156244939,"standard_error":132022.79649510374}}