{"mean":{"confidence_interval":{"confidence_level":0.99,"lower_bound":26173986.2823,"upper_bound":26200786.8823},"point_estimate":26186922.38,"standard_error":5223.392755461865},"median":{"confidence_interval":{"confidence_level":0.99,"lower_bound":26166501.0,"upper_bound":26185056.5},"point_estimate":26176531.5,"standard_error":3965.269041331677},"median_abs_dev":{"confidence_interval":{"confidence_level":0.99,"lower_bound":22491.041600704193,"upper_bound":65228.468441963196},"point_estimate":37391.91263616085,"standard_error":8049.9450087162895},"slope":null,"std_dev":{"confidence_interval":{"confidence_level":0.99,"lower_bound":41158.476607417164,"upper_bound":62252.558976681576},"point_estimate":52481.60566645126,"standard_error":4117.996726366211}}