{"mean":{"confidence_interval":{"confidence_level":0.99,"lower_bound":29622356.4707,"upper_bound":30125508.62015},"point_estimate":29818469.82,"standard_error":100425.004947859},"median":{"confidence_interval":{"confidence_level":0.99,"lower_bound":29537332.0,"upper_bound":29582353.0},"point_estimate":29557412.0,"standard_error":8189.454409101598},"median_abs_dev":{"confidence_interval":{"confidence_level":0.99,"lower_bound":46479.068101331635,"upper_bound":107533.72109739482},"point_estimate":74582.19167590141,"standard_error":11976.315473104538},"slope":null,"std_dev":{"confidence_interval":{"confidence_level":0.99,"lower_bound":278138.98014991096,"upper_bound":1627102.1924328187},"point_estimate":1004233.2936285613,"standard_error":315579.43033814814}}