{"mean":{"confidence_interval":{"confidence_level":0.99,"lower_bound":106626254.8345,"upper_bound":111360108.95},"point_estimate":108665002.36,"standard_error":929756.3828065404},"median":{"confidence_interval":{"confidence_level":0.99,"lower_bound":106171165.5,"upper_bound":106597135.0},"point_estimate":106393437.0,"standard_error":82519.97180134516},"median_abs_dev":{"confidence_interval":{"confidence_level":0.99,"lower_bound":395643.207876429,"upper_bound":886327.1749645472},"point_estimate":619934.3529939651,"standard_error":99380.36193772862},"slope":null,"std_dev":{"confidence_interval":{"confidence_level":0.99,"lower_bound":934994.2699744337,"upper_bound":13539405.504337018},"point_estimate":9340444.590758,"standard_error":2041472.7048665618}}