{"mean":{"confidence_interval":{"confidence_level":0.99,"lower_bound":26396641.9875,"upper_bound":26452021.970200002},"point_estimate":26424078.46,"standard_error":10772.693159810131},"median":{"confidence_interval":{"confidence_level":0.99,"lower_bound":26395905.0,"upper_bound":26452386.0},"point_estimate":26424590.5,"standard_error":10121.545719735705},"median_abs_dev":{"confidence_interval":{"confidence_level":0.99,"lower_bound":64204.73316013813,"upper_bound":136838.97379562346},"point_estimate":101737.49279379845,"standard_error":14301.581685690859},"slope":null,"std_dev":{"confidence_interval":{"confidence_level":0.99,"lower_bound":88341.68783970161,"upper_bound":127058.51979306494},"point_estimate":108550.8522226846,"standard_error":7578.0218721551455}}