{"mean":{"confidence_interval":{"confidence_level":0.99,"lower_bound":660933257.7949001,"upper_bound":661271369.9321},"point_estimate":661103959.28,"standard_error":65529.471495084515},"median":{"confidence_interval":{"confidence_level":0.99,"lower_bound":660891366.0,"upper_bound":661287844.0},"point_estimate":661124402.5,"standard_error":94155.78062723036},"median_abs_dev":{"confidence_interval":{"confidence_level":0.99,"lower_bound":482537.3656332493,"upper_bound":865801.2084339565},"point_estimate":698235.6467038393,"standard_error":74041.4266412872},"slope":null,"std_dev":{"confidence_interval":{"confidence_level":0.99,"lower_bound":527481.4610054321,"upper_bound":789798.5879882695},"point_estimate":657792.5057086974,"standard_error":51522.44015198952}}