{"mean":{"confidence_interval":{"confidence_level":0.99,"lower_bound":56715286.0034,"upper_bound":58605833.227000006},"point_estimate":57403106.2,"standard_error":390742.4546753225},"median":{"confidence_interval":{"confidence_level":0.99,"lower_bound":56592391.0,"upper_bound":56649121.0},"point_estimate":56613801.5,"standard_error":10509.379779615889},"median_abs_dev":{"confidence_interval":{"confidence_level":0.99,"lower_bound":61638.99012368918,"upper_bound":137021.88956737518},"point_estimate":91017.55368411541,"standard_error":13106.372370620593},"slope":null,"std_dev":{"confidence_interval":{"confidence_level":0.99,"lower_bound":334863.1961514866,"upper_bound":6569088.340270383},"point_estimate":3930673.987844124,"standard_error":1430649.658057583}}