{"mean":{"confidence_interval":{"confidence_level":0.99,"lower_bound":26833236.392,"upper_bound":27009128.49},"point_estimate":26914710.8,"standard_error":34486.19829838604},"median":{"confidence_interval":{"confidence_level":0.99,"lower_bound":26721967.0,"upper_bound":26857882.5},"point_estimate":26750712.0,"standard_error":19837.02809277053},"median_abs_dev":{"confidence_interval":{"confidence_level":0.99,"lower_bound":79734.1932259351,"upper_bound":267721.97284698486},"point_estimate":136585.26387512684,"standard_error":33238.55198830015},"slope":null,"std_dev":{"confidence_interval":{"confidence_level":0.99,"lower_bound":240954.37857239388,"upper_bound":443703.0528274747},"point_estimate":346925.74729736964,"standard_error":39969.236509832444}}