{"mean":{"confidence_interval":{"confidence_level":0.99,"lower_bound":33031780.81265,"upper_bound":33649856.61},"point_estimate":33298782.16,"standard_error":120567.29474965612},"median":{"confidence_interval":{"confidence_level":0.99,"lower_bound":32896356.0,"upper_bound":33005427.0},"point_estimate":32939006.5,"standard_error":21260.563082789373},"median_abs_dev":{"confidence_interval":{"confidence_level":0.99,"lower_bound":112627.93090045452,"upper_bound":257329.0619329967},"point_estimate":169404.09689247608,"standard_error":28638.549797295353},"slope":null,"std_dev":{"confidence_interval":{"confidence_level":0.99,"lower_bound":529270.0324819001,"upper_bound":1774413.4257510137},"point_estimate":1208809.5846903631,"standard_error":245939.1414887125}}