{"mean":{"confidence_interval":{"confidence_level":0.99,"lower_bound":26629701.242799997,"upper_bound":26905390.38},"point_estimate":26739990.13,"standard_error":54326.935355285},"median":{"confidence_interval":{"confidence_level":0.99,"lower_bound":26556830.5,"upper_bound":26797527.0},"point_estimate":26651736.0,"standard_error":46710.240306646505},"median_abs_dev":{"confidence_interval":{"confidence_level":0.99,"lower_bound":246490.39992392063,"upper_bound":438645.7347124815},"point_estimate":354276.9006103277,"standard_error":37587.39578509889},"slope":null,"std_dev":{"confidence_interval":{"confidence_level":0.99,"lower_bound":253190.9436702348,"upper_bound":970135.0237589796},"point_estimate":552240.651375841,"standard_error":191477.00750322864}}