{"mean":{"confidence_interval":{"confidence_level":0.99,"lower_bound":26282967.14,"upper_bound":26459411.07755},"point_estimate":26354796.2,"standard_error":34708.04375924157},"median":{"confidence_interval":{"confidence_level":0.99,"lower_bound":26261433.0,"upper_bound":26277754.0},"point_estimate":26270003.0,"standard_error":2301.1600002974988},"median_abs_dev":{"confidence_interval":{"confidence_level":0.99,"lower_bound":20614.044088527564,"upper_bound":45094.975776404346},"point_estimate":27852.12310552597,"standard_error":4047.566778377318},"slope":null,"std_dev":{"confidence_interval":{"confidence_level":0.99,"lower_bound":80885.88047437485,"upper_bound":542172.0690754631},"point_estimate":350276.8115699297,"standard_error":89207.24447849608}}