{"mean":{"confidence_interval":{"confidence_level":0.99,"lower_bound":26469118.61135,"upper_bound":26679240.5139},"point_estimate":26538548.19,"standard_error":44408.798179944795},"median":{"confidence_interval":{"confidence_level":0.99,"lower_bound":26461325.0,"upper_bound":26488455.0},"point_estimate":26474020.5,"standard_error":3926.97280245189},"median_abs_dev":{"confidence_interval":{"confidence_level":0.99,"lower_bound":29459.26147699356,"upper_bound":58154.98396754265},"point_estimate":42017.62455403805,"standard_error":5602.016044198154},"slope":null,"std_dev":{"confidence_interval":{"confidence_level":0.99,"lower_bound":36247.71727970011,"upper_bound":807371.9080692492},"point_estimate":446688.59024393605,"standard_error":190241.37789153453}}