{"mean":{"confidence_interval":{"confidence_level":0.99,"lower_bound":26582529.00985,"upper_bound":26752043.21},"point_estimate":26664686.52,"standard_error":32898.72289415793},"median":{"confidence_interval":{"confidence_level":0.99,"lower_bound":26434792.0,"upper_bound":26657929.0},"point_estimate":26573112.5,"standard_error":67477.50878455355},"median_abs_dev":{"confidence_interval":{"confidence_level":0.99,"lower_bound":98845.68154513836,"upper_bound":380987.68489761674},"point_estimate":268004.40814197063,"standard_error":75927.06680008667},"slope":null,"std_dev":{"confidence_interval":{"confidence_level":0.99,"lower_bound":262488.48843073274,"upper_bound":385478.96733618504},"point_estimate":330726.44108556065,"standard_error":23909.50019111951}}