{"mean":{"confidence_interval":{"confidence_level":0.99,"lower_bound":37101971.9184,"upper_bound":38943263.50885},"point_estimate":37982165.63,"standard_error":359458.5315377457},"median":{"confidence_interval":{"confidence_level":0.99,"lower_bound":35672573.0,"upper_bound":35804594.0},"point_estimate":35715728.0,"standard_error":24666.714543384307},"median_abs_dev":{"confidence_interval":{"confidence_level":0.99,"lower_bound":94806.3008518517,"upper_bound":290955.9415879996},"point_estimate":155851.6505330801,"standard_error":37129.16027493724},"slope":null,"std_dev":{"confidence_interval":{"confidence_level":0.99,"lower_bound":3041270.881494761,"upper_bound":3927789.5375760603},"point_estimate":3612296.642218472,"standard_error":173579.13709138928}}