{"mean":{"confidence_interval":{"confidence_level":0.99,"lower_bound":109493515.92725001,"upper_bound":110663965.2601},"point_estimate":110007980.83,"standard_error":228275.19829866773},"median":{"confidence_interval":{"confidence_level":0.99,"lower_bound":109216025.0,"upper_bound":109985415.0},"point_estimate":109560865.0,"standard_error":131545.72644472713},"median_abs_dev":{"confidence_interval":{"confidence_level":0.99,"lower_bound":757433.6397528648,"upper_bound":1302034.8641842604},"point_estimate":1026782.0247709751,"standard_error":94092.24349975651},"slope":null,"std_dev":{"confidence_interval":{"confidence_level":0.99,"lower_bound":1101151.473980036,"upper_bound":3317790.3762549334},"point_estimate":2300097.7846098747,"standard_error":440350.10745581635}}