{"mean":{"confidence_interval":{"confidence_level":0.99,"lower_bound":1834698375.83635,"upper_bound":1835234823.12},"point_estimate":1834965411.24,"standard_error":104413.12581287148},"median":{"confidence_interval":{"confidence_level":0.99,"lower_bound":1834653980.0,"upper_bound":1835359975.0},"point_estimate":1834963122.0,"standard_error":126859.80479496352},"median_abs_dev":{"confidence_interval":{"confidence_level":0.99,"lower_bound":722744.855279714,"upper_bound":1366308.5382431746},"point_estimate":965703.3536553383,"standard_error":129940.38509007047},"slope":null,"std_dev":{"confidence_interval":{"confidence_level":0.99,"lower_bound":856411.0152643683,"upper_bound":1246807.2707612293},"point_estimate":1052649.6454718455,"standard_error":75985.74142967498}}