{"mean":{"confidence_interval":{"confidence_level":0.99,"lower_bound":27084596.204800002,"upper_bound":27363459.0696},"point_estimate":27165329.96,"standard_error":60199.62600882198},"median":{"confidence_interval":{"confidence_level":0.99,"lower_bound":27080414.0,"upper_bound":27101544.0},"point_estimate":27085559.0,"standard_error":3732.093881863881},"median_abs_dev":{"confidence_interval":{"confidence_level":0.99,"lower_bound":27256.744314596068,"upper_bound":49304.60342466831},"point_estimate":40572.089579701424,"standard_error":3948.9796375115848},"slope":null,"std_dev":{"confidence_interval":{"confidence_level":0.99,"lower_bound":37273.41426109566,"upper_bound":1162573.7495277035},"point_estimate":600667.5995225143,"standard_error":317237.5393205857}}