{"mean":{"confidence_interval":{"confidence_level":0.99,"lower_bound":26202720.798699997,"upper_bound":26238078.1487},"point_estimate":26219176.88,"standard_error":6816.8409804106805},"median":{"confidence_interval":{"confidence_level":0.99,"lower_bound":26198364.0,"upper_bound":26239571.122500002},"point_estimate":26216544.5,"standard_error":8560.325291826266},"median_abs_dev":{"confidence_interval":{"confidence_level":0.99,"lower_bound":42283.710477814086,"upper_bound":75041.83473274115},"point_estimate":58332.89596438408,"standard_error":6286.879637540484},"slope":null,"std_dev":{"confidence_interval":{"confidence_level":0.99,"lower_bound":47319.49640571754,"upper_bound":97556.156398443},"point_estimate":68687.49698089607,"standard_error":10890.061602215515}}