{"mean":{"confidence_interval":{"confidence_level":0.99,"lower_bound":47909401.02565,"upper_bound":48001746.32905},"point_estimate":47955331.71,"standard_error":17924.282977966242},"median":{"confidence_interval":{"confidence_level":0.99,"lower_bound":47880343.0,"upper_bound":48023934.0},"point_estimate":47959968.0,"standard_error":24546.667811696905},"median_abs_dev":{"confidence_interval":{"confidence_level":0.99,"lower_bound":133324.28523302078,"upper_bound":238612.60496377945},"point_estimate":181657.78567492962,"standard_error":16903.785842187393},"slope":null,"std_dev":{"confidence_interval":{"confidence_level":0.99,"lower_bound":147792.97915224097,"upper_bound":209474.9727574049},"point_estimate":179127.11483682066,"standard_error":12092.447629372633}}