{"mean":{"confidence_interval":{"confidence_level":0.99,"lower_bound":26667090.853749998,"upper_bound":26716411.78565},"point_estimate":26690833.93,"standard_error":9615.066730537676},"median":{"confidence_interval":{"confidence_level":0.99,"lower_bound":26642419.5,"upper_bound":26675985.0},"point_estimate":26654360.0,"standard_error":6930.7960490478845},"median_abs_dev":{"confidence_interval":{"confidence_level":0.99,"lower_bound":36509.02435183525,"upper_bound":87371.09904885292},"point_estimate":52336.520370841026,"standard_error":9550.48535321204},"slope":null,"std_dev":{"confidence_interval":{"confidence_level":0.99,"lower_bound":73283.4498360097,"upper_bound":115530.51449058094},"point_estimate":96657.03317507307,"standard_error":8201.191485283684}}