{"mean":{"confidence_interval":{"confidence_level":0.99,"lower_bound":53855759.68665,"upper_bound":55273875.295099996},"point_estimate":54262570.53,"standard_error":321204.1182560083},"median":{"confidence_interval":{"confidence_level":0.99,"lower_bound":53708146.0,"upper_bound":53791847.0},"point_estimate":53731596.5,"standard_error":13549.206371797047},"median_abs_dev":{"confidence_interval":{"confidence_level":0.99,"lower_bound":43003.55353653431,"upper_bound":179551.75241231918},"point_estimate":89119.82571780682,"standard_error":21377.234329919942},"slope":null,"std_dev":{"confidence_interval":{"confidence_level":0.99,"lower_bound":316124.8693447848,"upper_bound":6369448.056705816},"point_estimate":3248862.7115983134,"standard_error":1851145.769623232}}