{"mean":{"confidence_interval":{"confidence_level":0.99,"lower_bound":824372279.9061501,"upper_bound":824678422.27795},"point_estimate":824526086.34,"standard_error":59719.24391299102},"median":{"confidence_interval":{"confidence_level":0.99,"lower_bound":824274097.0,"upper_bound":824697636.0},"point_estimate":824478433.5,"standard_error":87326.10559007658},"median_abs_dev":{"confidence_interval":{"confidence_level":0.99,"lower_bound":449772.6475149393,"upper_bound":834134.466791153},"point_estimate":644680.4291546345,"standard_error":76609.06176123305},"slope":null,"std_dev":{"confidence_interval":{"confidence_level":0.99,"lower_bound":505752.737686611,"upper_bound":687292.704952396},"point_estimate":600832.9591448962,"standard_error":35229.23092050501}}