{"mean":{"confidence_interval":{"confidence_level":0.99,"lower_bound":52298610.28485,"upper_bound":52949781.603649996},"point_estimate":52608552.94,"standard_error":127259.58146598036},"median":{"confidence_interval":{"confidence_level":0.99,"lower_bound":51840751.0,"upper_bound":52040563.0},"point_estimate":51874762.0,"standard_error":31888.30406448504},"median_abs_dev":{"confidence_interval":{"confidence_level":0.99,"lower_bound":67266.26504078507,"upper_bound":405532.60560035706},"point_estimate":134088.5655194521,"standard_error":54731.51962838187},"slope":null,"std_dev":{"confidence_interval":{"confidence_level":0.99,"lower_bound":1005439.8123390331,"upper_bound":1463576.2258559507},"point_estimate":1281394.9143144377,"standard_error":88914.94808838447}}