{"mean":{"confidence_interval":{"confidence_level":0.99,"lower_bound":48981856.1541,"upper_bound":49349467.835300006},"point_estimate":49124542.65,"standard_error":74108.48412154561},"median":{"confidence_interval":{"confidence_level":0.99,"lower_bound":48957425.0,"upper_bound":48990320.5},"point_estimate":48975730.0,"standard_error":6443.301978507028},"median_abs_dev":{"confidence_interval":{"confidence_level":0.99,"lower_bound":37317.78263747692,"upper_bound":78933.62259864807},"point_estimate":58920.0055539608,"standard_error":7452.913091103247},"slope":null,"std_dev":{"confidence_interval":{"confidence_level":0.99,"lower_bound":96528.91811947218,"upper_bound":1195547.5880251247},"point_estimate":742334.903435582,"standard_error":222336.36301953538}}