{"mean":{"confidence_interval":{"confidence_level":0.99,"lower_bound":113163674.63870001,"upper_bound":113771589.99980001},"point_estimate":113437545.83,"standard_error":117000.50094047934},"median":{"confidence_interval":{"confidence_level":0.99,"lower_bound":112946224.5,"upper_bound":113565085.0},"point_estimate":113240932.5,"standard_error":112659.51061871879},"median_abs_dev":{"confidence_interval":{"confidence_level":0.99,"lower_bound":594795.613936767,"upper_bound":1179933.8607519865},"point_estimate":832003.22932899,"standard_error":113463.63450383002},"slope":null,"std_dev":{"confidence_interval":{"confidence_level":0.99,"lower_bound":759945.7366369272,"upper_bound":1737366.8377994688},"point_estimate":1175146.3914429448,"standard_error":217702.17706599148}}