{"mean":{"confidence_interval":{"confidence_level":0.99,"lower_bound":118987797.19905,"upper_bound":119363829.51165},"point_estimate":119168426.93,"standard_error":72652.26284345757},"median":{"confidence_interval":{"confidence_level":0.99,"lower_bound":118956635.0,"upper_bound":119294622.0},"point_estimate":119137991.5,"standard_error":74365.4559348264},"median_abs_dev":{"confidence_interval":{"confidence_level":0.99,"lower_bound":357322.4241177589,"upper_bound":689042.0442670584},"point_estimate":487852.486538887,"standard_error":65881.56339945835},"slope":null,"std_dev":{"confidence_interval":{"confidence_level":0.99,"lower_bound":520321.9468295028,"upper_bound":937961.5488483506},"point_estimate":729863.5328964768,"standard_error":83059.09104379246}}