{"mean":{"confidence_interval":{"confidence_level":0.99,"lower_bound":43411402.43,"upper_bound":43460894.39},"point_estimate":43431466.66,"standard_error":9699.353450822247},"median":{"confidence_interval":{"confidence_level":0.99,"lower_bound":43402060.5,"upper_bound":43429700.0},"point_estimate":43413560.0,"standard_error":5635.782643500329},"median_abs_dev":{"confidence_interval":{"confidence_level":0.99,"lower_bound":28317.659497261047,"upper_bound":54750.93442797661},"point_estimate":40022.78628945351,"standard_error":5097.140694102776},"slope":null,"std_dev":{"confidence_interval":{"confidence_level":0.99,"lower_bound":35442.63949296059,"upper_bound":155893.03727434826},"point_estimate":97209.01704000114,"standard_error":27061.043677708676}}