{"mean":{"confidence_interval":{"confidence_level":0.99,"lower_bound":517040897.4557,"upper_bound":517072713.44755},"point_estimate":517056533.35,"standard_error":6199.266612485234},"median":{"confidence_interval":{"confidence_level":0.99,"lower_bound":517023250.0,"upper_bound":517074830.0},"point_estimate":517038676.0,"standard_error":13635.26152896241},"median_abs_dev":{"confidence_interval":{"confidence_level":0.99,"lower_bound":46215.60637950897,"upper_bound":91178.41578125954},"point_estimate":65644.33773458004,"standard_error":9118.15522940734},"slope":null,"std_dev":{"confidence_interval":{"confidence_level":0.99,"lower_bound":52921.255463475645,"upper_bound":69694.7051184418},"point_estimate":61890.03929834759,"standard_error":3264.8192655868147}}