{"mean":{"confidence_interval":{"confidence_level":0.99,"lower_bound":83713044.91005,"upper_bound":83856025.50569999},"point_estimate":83785336.17,"standard_error":27425.919098955615},"median":{"confidence_interval":{"confidence_level":0.99,"lower_bound":83728638.0,"upper_bound":83878655.0},"point_estimate":83796748.0,"standard_error":24742.219676828812},"median_abs_dev":{"confidence_interval":{"confidence_level":0.99,"lower_bound":172850.1077177972,"upper_bound":370658.20702350215},"point_estimate":257118.4178352356,"standard_error":38101.396836079824},"slope":null,"std_dev":{"confidence_interval":{"confidence_level":0.99,"lower_bound":222736.68742321627,"upper_bound":324926.0602373446},"point_estimate":275751.5433673506,"standard_error":19922.946851240522}}