{"mean":{"confidence_interval":{"confidence_level":0.99,"lower_bound":76016494.08425,"upper_bound":76382177.96685001},"point_estimate":76191840.86,"standard_error":70694.35702214079},"median":{"confidence_interval":{"confidence_level":0.99,"lower_bound":75870315.5,"upper_bound":76169164.0},"point_estimate":75936097.0,"standard_error":52182.06622668551},"median_abs_dev":{"confidence_interval":{"confidence_level":0.99,"lower_bound":221722.08476364613,"upper_bound":724900.2813604482},"point_estimate":371067.34531223774,"standard_error":84850.01105545141},"slope":null,"std_dev":{"confidence_interval":{"confidence_level":0.99,"lower_bound":472774.4758291842,"upper_bound":957446.7528816892},"point_estimate":709060.6143610581,"standard_error":98680.36731340832}}