{"mean":{"confidence_interval":{"confidence_level":0.99,"lower_bound":151547690.94595,"upper_bound":157118861.74645},"point_estimate":153825540.36,"standard_error":1093346.9744532765},"median":{"confidence_interval":{"confidence_level":0.99,"lower_bound":151398873.0,"upper_bound":151745472.0},"point_estimate":151518555.5,"standard_error":62666.92163927573},"median_abs_dev":{"confidence_interval":{"confidence_level":0.99,"lower_bound":316959.1179728508,"upper_bound":739474.3910682076},"point_estimate":501161.0452026129,"standard_error":79716.32536000531},"slope":null,"std_dev":{"confidence_interval":{"confidence_level":0.99,"lower_bound":529388.5151971992,"upper_bound":16711838.955707977},"point_estimate":10995919.619101662,"standard_error":2827276.185533562}}