{"mean":{"confidence_interval":{"confidence_level":0.99,"lower_bound":26507582.69315,"upper_bound":26546658.181},"point_estimate":26524529.61,"standard_error":7524.580257930409},"median":{"confidence_interval":{"confidence_level":0.99,"lower_bound":26499907.0,"upper_bound":26524467.0},"point_estimate":26509692.0,"standard_error":5475.591190869061},"median_abs_dev":{"confidence_interval":{"confidence_level":0.99,"lower_bound":28428.85449528694,"upper_bound":61477.490508556366},"point_estimate":42832.31323957443,"standard_error":6948.236810320321},"slope":null,"std_dev":{"confidence_interval":{"confidence_level":0.99,"lower_bound":41521.628551388625,"upper_bound":117971.45161924926},"point_estimate":75472.99336325545,"standard_error":17150.038957080993}}