{"mean":{"confidence_interval":{"confidence_level":0.99,"lower_bound":37661799.443450004,"upper_bound":37700408.88785},"point_estimate":37680106.72,"standard_error":7520.301534001967},"median":{"confidence_interval":{"confidence_level":0.99,"lower_bound":37650942.0,"upper_bound":37687562.0},"point_estimate":37663932.0,"standard_error":8520.647014245338},"median_abs_dev":{"confidence_interval":{"confidence_level":0.99,"lower_bound":40053.92088890076,"upper_bound":76353.89864444733},"point_estimate":59994.14923489094,"standard_error":7129.93738556625},"slope":null,"std_dev":{"confidence_interval":{"confidence_level":0.99,"lower_bound":52234.129317096405,"upper_bound":101255.24056819905},"point_estimate":75743.23887979452,"standard_error":9968.096985829938}}