{"mean":{"confidence_interval":{"confidence_level":0.99,"lower_bound":126915215.58305001,"upper_bound":127472618.79185},"point_estimate":127179540.2,"standard_error":108468.31311588536},"median":{"confidence_interval":{"confidence_level":0.99,"lower_bound":126670811.0575,"upper_bound":126931208.0},"point_estimate":126795064.0,"standard_error":53940.21631746384},"median_abs_dev":{"confidence_interval":{"confidence_level":0.99,"lower_bound":288077.32918560505,"upper_bound":781489.9955797802},"point_estimate":479322.34759032726,"standard_error":97067.28301391777},"slope":null,"std_dev":{"confidence_interval":{"confidence_level":0.99,"lower_bound":819870.9788573447,"upper_bound":1298118.4349567222},"point_estimate":1093278.0760274038,"standard_error":92266.64284121635}}