{"mean":{"confidence_interval":{"confidence_level":0.99,"lower_bound":96611407.17445001,"upper_bound":98674614.6926},"point_estimate":97488566.05,"standard_error":404450.9134582578},"median":{"confidence_interval":{"confidence_level":0.99,"lower_bound":96200216.5,"upper_bound":97366002.0},"point_estimate":96658326.5,"standard_error":245393.90990888802},"median_abs_dev":{"confidence_interval":{"confidence_level":0.99,"lower_bound":1121852.8140451312,"upper_bound":2112376.03656833},"point_estimate":1470353.6978960037,"standard_error":197902.63898257355},"slope":null,"std_dev":{"confidence_interval":{"confidence_level":0.99,"lower_bound":1521900.1304509903,"upper_bound":6170587.423443281},"point_estimate":4085233.01949631,"standard_error":955805.6836605173}}