{"mean":{"confidence_interval":{"confidence_level":0.99,"lower_bound":26326334.4108,"upper_bound":26667725.29},"point_estimate":26466715.72,"standard_error":68110.82996142843},"median":{"confidence_interval":{"confidence_level":0.99,"lower_bound":26278563.0,"upper_bound":26305243.0},"point_estimate":26291653.5,"standard_error":4688.577434999434},"median_abs_dev":{"confidence_interval":{"confidence_level":0.99,"lower_bound":26984.060820937157,"upper_bound":63041.63348078728},"point_estimate":45071.78049981594,"standard_error":6960.190089114577},"slope":null,"std_dev":{"confidence_interval":{"confidence_level":0.99,"lower_bound":170275.18616121076,"upper_bound":1107039.1322839833},"point_estimate":682671.2155499056,"standard_error":187128.87566653665}}