{"mean":{"confidence_interval":{"confidence_level":0.99,"lower_bound":109476383.0919,"upper_bound":110298011.33004999},"point_estimate":109865447.55,"standard_error":158129.595412778},"median":{"confidence_interval":{"confidence_level":0.99,"lower_bound":109528751.5,"upper_bound":110020404.0},"point_estimate":109757550.0,"standard_error":88430.5702268645},"median_abs_dev":{"confidence_interval":{"confidence_level":0.99,"lower_bound":471146.142320484,"upper_bound":942014.3712759018},"point_estimate":635258.506321907,"standard_error":82475.23367762381},"slope":null,"std_dev":{"confidence_interval":{"confidence_level":0.99,"lower_bound":1045132.1653933922,"upper_bound":2082463.7509223358},"point_estimate":1594125.0367182451,"standard_error":203941.0788583054}}