{"mean":{"confidence_interval":{"confidence_level":0.99,"lower_bound":103616453.80499999,"upper_bound":106561874.16775},"point_estimate":104930243.18,"standard_error":577795.0011781901},"median":{"confidence_interval":{"confidence_level":0.99,"lower_bound":102873188.0,"upper_bound":103529094.0},"point_estimate":103063958.5,"standard_error":141374.56301475852},"median_abs_dev":{"confidence_interval":{"confidence_level":0.99,"lower_bound":563552.1545864497,"upper_bound":1087469.2894935608},"point_estimate":815147.5502282381,"standard_error":91272.82013694529},"slope":null,"std_dev":{"confidence_interval":{"confidence_level":0.99,"lower_bound":3287387.4512152253,"upper_bound":7603982.624694119},"point_estimate":5784050.084814784,"standard_error":851720.9023126557}}