{"mean":{"confidence_interval":{"confidence_level":0.99,"lower_bound":26358887.97,"upper_bound":26591015.24305},"point_estimate":26430454.14,"standard_error":50018.526257544065},"median":{"confidence_interval":{"confidence_level":0.99,"lower_bound":26338415.0,"upper_bound":26360525.0},"point_estimate":26348070.0,"standard_error":3843.123386541884},"median_abs_dev":{"confidence_interval":{"confidence_level":0.99,"lower_bound":23440.64688384533,"upper_bound":44566.95520877838},"point_estimate":35227.31667459011,"standard_error":4018.14251046284},"slope":null,"std_dev":{"confidence_interval":{"confidence_level":0.99,"lower_bound":72806.78013102146,"upper_bound":974197.9859961313},"point_estimate":503426.085502293,"standard_error":263437.7635413973}}