{"mean":{"confidence_interval":{"confidence_level":0.99,"lower_bound":781573344.68455,"upper_bound":781931629.48585},"point_estimate":781756911.14,"standard_error":69537.55702144775},"median":{"confidence_interval":{"confidence_level":0.99,"lower_bound":781614900.0,"upper_bound":782065905.0},"point_estimate":781905116.0,"standard_error":79330.7907766842},"median_abs_dev":{"confidence_interval":{"confidence_level":0.99,"lower_bound":426384.63293015957,"upper_bound":845296.2206929922},"point_estimate":645042.9248481989,"standard_error":84370.36666018942},"slope":null,"std_dev":{"confidence_interval":{"confidence_level":0.99,"lower_bound":563268.0312134818,"upper_bound":834601.6142655784},"point_estimate":702426.3557389538,"standard_error":52467.23091414052}}