{"mean":{"confidence_interval":{"confidence_level":0.99,"lower_bound":26670770.1525,"upper_bound":26870140.08045},"point_estimate":26726688.67,"standard_error":45775.539817539444},"median":{"confidence_interval":{"confidence_level":0.99,"lower_bound":26664839.0,"upper_bound":26683579.0},"point_estimate":26675223.5,"standard_error":3267.388866255942},"median_abs_dev":{"confidence_interval":{"confidence_level":0.99,"lower_bound":22402.015178784735,"upper_bound":41476.58305214356},"point_estimate":32788.43971788883,"standard_error":3639.3278911691114},"slope":null,"std_dev":{"confidence_interval":{"confidence_level":0.99,"lower_bound":33056.9099910965,"upper_bound":905856.3348232324},"point_estimate":461443.4326702748,"standard_error":267633.5304668024}}