{"mean":{"confidence_interval":{"confidence_level":0.99,"lower_bound":26974914.26715,"upper_bound":27423752.951800004},"point_estimate":27144622.39,"standard_error":89659.28002261446},"median":{"confidence_interval":{"confidence_level":0.99,"lower_bound":26951306.0,"upper_bound":26975111.5},"point_estimate":26960717.0,"standard_error":5015.755728964705},"median_abs_dev":{"confidence_interval":{"confidence_level":0.99,"lower_bound":31090.08438304067,"upper_bound":65338.92214000225},"point_estimate":50438.05110454559,"standard_error":6178.420886094329},"slope":null,"std_dev":{"confidence_interval":{"confidence_level":0.99,"lower_bound":80489.72329847488,"upper_bound":1611904.5397873393},"point_estimate":905431.2657821556,"standard_error":330295.6713526447}}