{"mean":{"confidence_interval":{"confidence_level":0.99,"lower_bound":116423591.41925001,"upper_bound":116900468.4299},"point_estimate":116648047.37,"standard_error":93027.86667801897},"median":{"confidence_interval":{"confidence_level":0.99,"lower_bound":116379732.0,"upper_bound":116598447.0},"point_estimate":116477567.5,"standard_error":52921.552639093854},"median_abs_dev":{"confidence_interval":{"confidence_level":0.99,"lower_bound":329412.95775175095,"upper_bound":734158.762372077},"point_estimate":501744.4482922554,"standard_error":73052.5707354148},"slope":null,"std_dev":{"confidence_interval":{"confidence_level":0.99,"lower_bound":629837.2522490781,"upper_bound":1199400.068987424},"point_estimate":936870.5439942566,"standard_error":112066.41194373711}}