{"mean":{"confidence_interval":{"confidence_level":0.99,"lower_bound":91200841.40585001,"upper_bound":93557691.66235},"point_estimate":92241888.69,"standard_error":463369.05593914655},"median":{"confidence_interval":{"confidence_level":0.99,"lower_bound":90874477.0,"upper_bound":92000463.0},"point_estimate":91395633.5,"standard_error":217241.46773175575},"median_abs_dev":{"confidence_interval":{"confidence_level":0.99,"lower_bound":1268689.7081762552,"upper_bound":2710575.2626776695},"point_estimate":1936719.6043163538,"standard_error":270310.07662514766},"slope":null,"std_dev":{"confidence_interval":{"confidence_level":0.99,"lower_bound":2030052.7242242128,"upper_bound":6632523.266300464},"point_estimate":4652352.795902533,"standard_error":889561.4251506687}}