{"mean":{"confidence_interval":{"confidence_level":0.99,"lower_bound":58490987.644449994,"upper_bound":58597462.19725},"point_estimate":58544877.18,"standard_error":20839.06253615227},"median":{"confidence_interval":{"confidence_level":0.99,"lower_bound":58511560.275,"upper_bound":58702763.0},"point_estimate":58650098.0,"standard_error":41576.55011136438},"median_abs_dev":{"confidence_interval":{"confidence_level":0.99,"lower_bound":64426.38185620308,"upper_bound":319738.9966299981},"point_estimate":153042.12358295918,"standard_error":56045.70991619001},"slope":null,"std_dev":{"confidence_interval":{"confidence_level":0.99,"lower_bound":186005.56987563995,"upper_bound":227461.13391659711},"point_estimate":209414.44937828835,"standard_error":7768.654209384476}}