{"mean":{"confidence_interval":{"confidence_level":0.99,"lower_bound":26151673.4637,"upper_bound":26278574.9769},"point_estimate":26207183.32,"standard_error":25093.50570435388},"median":{"confidence_interval":{"confidence_level":0.99,"lower_bound":26107949.0,"upper_bound":26148354.0},"point_estimate":26131649.0,"standard_error":7247.038187580731},"median_abs_dev":{"confidence_interval":{"confidence_level":0.99,"lower_bound":38176.94932222366,"upper_bound":88689.87172544003},"point_estimate":62974.1751819849,"standard_error":10515.030873785929},"slope":null,"std_dev":{"confidence_interval":{"confidence_level":0.99,"lower_bound":110996.4108508338,"upper_bound":361406.31712266285},"point_estimate":252618.08846856703,"standard_error":48857.69716602533}}