{"mean":{"confidence_interval":{"confidence_level":0.99,"lower_bound":404786688.50350004,"upper_bound":405836907.47},"point_estimate":405468821.17,"standard_error":227879.836677198},"median":{"confidence_interval":{"confidence_level":0.99,"lower_bound":405707836.0,"upper_bound":405801977.0},"point_estimate":405766156.0,"standard_error":17631.839972969123},"median_abs_dev":{"confidence_interval":{"confidence_level":0.99,"lower_bound":107347.98467919235,"upper_bound":217023.8737070562},"point_estimate":152970.21748423576,"standard_error":24819.461701107397},"slope":null,"std_dev":{"confidence_interval":{"confidence_level":0.99,"lower_bound":146339.68712063468,"upper_bound":3952800.5608747466},"point_estimate":2297751.2383837113,"standard_error":930167.0711656449}}