{"mean":{"confidence_interval":{"confidence_level":0.99,"lower_bound":27139724.125,"upper_bound":27424570.171350002},"point_estimate":27260647.86,"standard_error":56790.55417283881},"median":{"confidence_interval":{"confidence_level":0.99,"lower_bound":27080740.0,"upper_bound":27107921.0},"point_estimate":27094970.5,"standard_error":5599.9315165001535},"median_abs_dev":{"confidence_interval":{"confidence_level":0.99,"lower_bound":28133.075800538063,"upper_bound":75517.04138280459},"point_estimate":49349.08142387867,"standard_error":9787.349402400825},"slope":null,"std_dev":{"confidence_interval":{"confidence_level":0.99,"lower_bound":200946.5696334819,"upper_bound":866439.6799087061},"point_estimate":570299.8856213081,"standard_error":132179.81071256095}}