{"mean":{"confidence_interval":{"confidence_level":0.99,"lower_bound":26663087.1223,"upper_bound":26707833.641999997},"point_estimate":26679523.59,"standard_error":8847.397803880025},"median":{"confidence_interval":{"confidence_level":0.99,"lower_bound":26662266.0,"upper_bound":26680126.0},"point_estimate":26669966.0,"standard_error":4333.072238317601},"median_abs_dev":{"confidence_interval":{"confidence_level":0.99,"lower_bound":21935.066610574722,"upper_bound":47213.39616179466},"point_estimate":34796.62138223648,"standard_error":4734.346294269131},"slope":null,"std_dev":{"confidence_interval":{"confidence_level":0.99,"lower_bound":30069.911508304805,"upper_bound":161975.15605104616},"point_estimate":88572.15711875027,"standard_error":35612.65266567161}}