{"mean":{"confidence_interval":{"confidence_level":0.99,"lower_bound":618640954.59845,"upper_bound":619138997.2725999},"point_estimate":618883703.15,"standard_error":96635.0161065409},"median":{"confidence_interval":{"confidence_level":0.99,"lower_bound":618534804.0,"upper_bound":619101476.0},"point_estimate":618847460.5,"standard_error":97331.97904197543},"median_abs_dev":{"confidence_interval":{"confidence_level":0.99,"lower_bound":570601.580169797,"upper_bound":1177639.0850997292},"point_estimate":831734.1374337673,"standard_error":114372.31248031602},"slope":null,"std_dev":{"confidence_interval":{"confidence_level":0.99,"lower_bound":771584.73796416,"upper_bound":1154370.155291477},"point_estimate":972184.6312526371,"standard_error":74469.17986014404}}