{"mean":{"confidence_interval":{"confidence_level":0.99,"lower_bound":115072465.98234999,"upper_bound":115639217.87280001},"point_estimate":115336278.07,"standard_error":110140.16955701936},"median":{"confidence_interval":{"confidence_level":0.99,"lower_bound":114920138.0,"upper_bound":115344431.0},"point_estimate":115162119.5,"standard_error":87918.33744609008},"median_abs_dev":{"confidence_interval":{"confidence_level":0.99,"lower_bound":456664.5134925842,"upper_bound":936121.6442465192},"point_estimate":719801.545920968,"standard_error":91316.48569060612},"slope":null,"std_dev":{"confidence_interval":{"confidence_level":0.99,"lower_bound":740877.7312643959,"upper_bound":1435352.2635095457},"point_estimate":1109168.5902387097,"standard_error":136539.65343460173}}