{"mean":{"confidence_interval":{"confidence_level":0.99,"lower_bound":28072191.65075,"upper_bound":28262749.19},"point_estimate":28139472.36,"standard_error":38563.17223680187},"median":{"confidence_interval":{"confidence_level":0.99,"lower_bound":28041145.0,"upper_bound":28079056.0},"point_estimate":28057655.0,"standard_error":6953.629753136096},"median_abs_dev":{"confidence_interval":{"confidence_level":0.99,"lower_bound":35004.18537855148,"upper_bound":79430.51597982665},"point_estimate":51942.14877784252,"standard_error":8166.279265686772},"slope":null,"std_dev":{"confidence_interval":{"confidence_level":0.99,"lower_bound":78477.73986945392,"upper_bound":720360.1505065651},"point_estimate":388605.5853727523,"standard_error":165669.7783154149}}