{"mean":{"confidence_interval":{"confidence_level":0.99,"lower_bound":26174272.33,"upper_bound":26209047.83205},"point_estimate":26190257.49,"standard_error":6757.647791277094},"median":{"confidence_interval":{"confidence_level":0.99,"lower_bound":26160072.0,"upper_bound":26187122.0},"point_estimate":26173307.5,"standard_error":4200.625187466815},"median_abs_dev":{"confidence_interval":{"confidence_level":0.99,"lower_bound":25402.126649022102,"upper_bound":51751.63468122482},"point_estimate":38800.38261115551,"standard_error":5379.9723301396525},"slope":null,"std_dev":{"confidence_interval":{"confidence_level":0.99,"lower_bound":45209.23832546912,"upper_bound":87915.13138421022},"point_estimate":68070.03143398819,"standard_error":8381.162096861426}}