{"mean":{"confidence_interval":{"confidence_level":0.99,"lower_bound":30012694.2309,"upper_bound":30432447.55155},"point_estimate":30139855.15,"standard_error":91857.31973951637},"median":{"confidence_interval":{"confidence_level":0.99,"lower_bound":29981663.0,"upper_bound":30015743.0},"point_estimate":29996023.5,"standard_error":6382.773611736277},"median_abs_dev":{"confidence_interval":{"confidence_level":0.99,"lower_bound":35508.2693696022,"upper_bound":78066.3016140461},"point_estimate":52128.215074539185,"standard_error":7804.385111379976},"slope":null,"std_dev":{"confidence_interval":{"confidence_level":0.99,"lower_bound":114157.6491120635,"upper_bound":1793565.2215481265},"point_estimate":923211.0560748919,"standard_error":494803.98346309015}}