{"mean":{"confidence_interval":{"confidence_level":0.99,"lower_bound":75633070.4244,"upper_bound":77976264.15110001},"point_estimate":76528661.16,"standard_error":472349.68802543957},"median":{"confidence_interval":{"confidence_level":0.99,"lower_bound":75330108.5,"upper_bound":75542855.0},"point_estimate":75406464.0,"standard_error":41057.64047484055},"median_abs_dev":{"confidence_interval":{"confidence_level":0.99,"lower_bound":230529.99252377453,"upper_bound":531738.9283597469},"point_estimate":358132.4018418789,"standard_error":54570.31333677709},"slope":null,"std_dev":{"confidence_interval":{"confidence_level":0.99,"lower_bound":912860.3486264105,"upper_bound":7854791.974422534},"point_estimate":4752332.864806145,"standard_error":1581095.8670813842}}