{"mean":{"confidence_interval":{"confidence_level":0.99,"lower_bound":26631755.804599997,"upper_bound":26852296.36995},"point_estimate":26699081.84,"standard_error":47975.529770713845},"median":{"confidence_interval":{"confidence_level":0.99,"lower_bound":26613546.0,"upper_bound":26638821.0},"point_estimate":26626041.5,"standard_error":4426.711029238227},"median_abs_dev":{"confidence_interval":{"confidence_level":0.99,"lower_bound":24039.36152471604,"upper_bound":51595.22038400173},"point_estimate":38436.40431761742,"standard_error":5114.09234252148},"slope":null,"std_dev":{"confidence_interval":{"confidence_level":0.99,"lower_bound":55849.769336280246,"upper_bound":935053.980896567},"point_estimate":482582.0206933942,"standard_error":254740.11087024014}}