{"mean":{"confidence_interval":{"confidence_level":0.99,"lower_bound":559384546.5443,"upper_bound":559470080.41945},"point_estimate":559421960.79,"standard_error":16614.865731791608},"median":{"confidence_interval":{"confidence_level":0.99,"lower_bound":559369557.685,"upper_bound":559427598.0},"point_estimate":559398891.5,"standard_error":12089.399621665203},"median_abs_dev":{"confidence_interval":{"confidence_level":0.99,"lower_bound":73382.76829719543,"upper_bound":158633.74938368797},"point_estimate":122787.44722008705,"standard_error":16452.386988394646},"slope":null,"std_dev":{"confidence_interval":{"confidence_level":0.99,"lower_bound":97815.47533062001,"upper_bound":266322.90598784265},"point_estimate":166756.77905565352,"standard_error":41213.26454297484}}