{"mean":{"confidence_interval":{"confidence_level":0.99,"lower_bound":97430463.72790001,"upper_bound":102771946.95835},"point_estimate":99767589.83,"standard_error":1054366.6403965666},"median":{"confidence_interval":{"confidence_level":0.99,"lower_bound":96408635.0,"upper_bound":96680023.0},"point_estimate":96507507.0,"standard_error":51287.59444870327},"median_abs_dev":{"confidence_interval":{"confidence_level":0.99,"lower_bound":303803.4487249107,"upper_bound":772275.7775903654},"point_estimate":492757.66855180264,"standard_error":80484.66044638706},"slope":null,"std_dev":{"confidence_interval":{"confidence_level":0.99,"lower_bound":4749662.728330327,"upper_bound":14820451.050146904},"point_estimate":10606698.046524901,"standard_error":1948028.7901959692}}