{"mean":{"confidence_interval":{"confidence_level":0.99,"lower_bound":34227154.17,"upper_bound":34322615.3901},"point_estimate":34272260.61,"standard_error":18589.0419117825},"median":{"confidence_interval":{"confidence_level":0.99,"lower_bound":34183068.0,"upper_bound":34261664.0},"point_estimate":34219034.0,"standard_error":16505.63429350982},"median_abs_dev":{"confidence_interval":{"confidence_level":0.99,"lower_bound":83818.78951191902,"upper_bound":181389.4350796938},"point_estimate":120335.9681636095,"standard_error":20666.070255460854},"slope":null,"std_dev":{"confidence_interval":{"confidence_level":0.99,"lower_bound":135164.4423968004,"upper_bound":236980.11384974964},"point_estimate":187497.39472635233,"standard_error":19918.446950496498}}