{"mean":{"confidence_interval":{"confidence_level":0.99,"lower_bound":27409262.010900002,"upper_bound":27430705.382099997},"point_estimate":27419869.61,"standard_error":4161.3753463667},"median":{"confidence_interval":{"confidence_level":0.99,"lower_bound":27401063.0,"upper_bound":27432893.0},"point_estimate":27419433.5,"standard_error":5469.990128865275},"median_abs_dev":{"confidence_interval":{"confidence_level":0.99,"lower_bound":29089.352783560753,"upper_bound":52002.935376763344},"point_estimate":38096.14762365818,"standard_error":4313.4233352388},"slope":null,"std_dev":{"confidence_interval":{"confidence_level":0.99,"lower_bound":33962.138517328836,"upper_bound":48942.25947224483},"point_estimate":41815.93614804375,"standard_error":2926.3025042340596}}