{"mean":{"confidence_interval":{"confidence_level":0.99,"lower_bound":39243606.42565,"upper_bound":39870764.20855},"point_estimate":39521223.79,"standard_error":123309.03775468472},"median":{"confidence_interval":{"confidence_level":0.99,"lower_bound":39121817.0,"upper_bound":39156457.0},"point_estimate":39138307.0,"standard_error":6035.646902825371},"median_abs_dev":{"confidence_interval":{"confidence_level":0.99,"lower_bound":46805.68116903305,"upper_bound":86043.43077242374},"point_estimate":63010.49888134003,"standard_error":7170.917284577098},"slope":null,"std_dev":{"confidence_interval":{"confidence_level":0.99,"lower_bound":636263.889506915,"upper_bound":1666569.827038507},"point_estimate":1243362.3272506886,"standard_error":198280.24922029392}}