{"mean":{"confidence_interval":{"confidence_level":0.99,"lower_bound":1523604874.15145,"upper_bound":1524017365.0811},"point_estimate":1523814521.59,"standard_error":81166.38318341531},"median":{"confidence_interval":{"confidence_level":0.99,"lower_bound":1523401637.0,"upper_bound":1524041682.0},"point_estimate":1523800736.0,"standard_error":123906.89121334937},"median_abs_dev":{"confidence_interval":{"confidence_level":0.99,"lower_bound":600202.4299442768,"upper_bound":1096969.7901248932},"point_estimate":816980.0437957048,"standard_error":95819.19000399523},"slope":null,"std_dev":{"confidence_interval":{"confidence_level":0.99,"lower_bound":671668.1304719332,"upper_bound":963070.5711206949},"point_estimate":816684.946172284,"standard_error":56758.48295830257}}