{"mean":{"confidence_interval":{"confidence_level":0.99,"lower_bound":106210478.7843,"upper_bound":109865568.52345},"point_estimate":107942032.33,"standard_error":709342.3090284977},"median":{"confidence_interval":{"confidence_level":0.99,"lower_bound":104607203.0,"upper_bound":105396087.0},"point_estimate":105071049.0,"standard_error":131533.77818737886},"median_abs_dev":{"confidence_interval":{"confidence_level":0.99,"lower_bound":866200.5800953658,"upper_bound":1950600.4947544194},"point_estimate":1196650.9167551994,"standard_error":206686.19012391756},"slope":null,"std_dev":{"confidence_interval":{"confidence_level":0.99,"lower_bound":5310384.3628668925,"upper_bound":8374685.047709609},"point_estimate":7132847.326249322,"standard_error":591027.1682260396}}