{"mean":{"confidence_interval":{"confidence_level":0.99,"lower_bound":27172423.13945,"upper_bound":27222589.12},"point_estimate":27196568.57,"standard_error":9742.761448185795},"median":{"confidence_interval":{"confidence_level":0.99,"lower_bound":27159697.0,"upper_bound":27212377.0},"point_estimate":27189941.5,"standard_error":8498.500788433286},"median_abs_dev":{"confidence_interval":{"confidence_level":0.99,"lower_bound":59622.75794148445,"upper_bound":117660.61651110649},"point_estimate":93018.32234859467,"standard_error":12015.261182060896},"slope":null,"std_dev":{"confidence_interval":{"confidence_level":0.99,"lower_bound":71809.62596232377,"upper_bound":130657.63164215753},"point_estimate":97774.97928337155,"standard_error":12087.044456638114}}