{"mean":{"confidence_interval":{"confidence_level":0.99,"lower_bound":125408344.88,"upper_bound":125764386.764},"point_estimate":125575743.8,"standard_error":69475.01110676746},"median":{"confidence_interval":{"confidence_level":0.99,"lower_bound":125327116.0,"upper_bound":125661135.0},"point_estimate":125490364.5,"standard_error":60449.41230445176},"median_abs_dev":{"confidence_interval":{"confidence_level":0.99,"lower_bound":314704.08341288567,"upper_bound":576146.7264613518},"point_estimate":485117.83088743687,"standard_error":49424.170774529564},"slope":null,"std_dev":{"confidence_interval":{"confidence_level":0.99,"lower_bound":481413.1473955145,"upper_bound":907106.2496352779},"point_estimate":700168.0279596816,"standard_error":83474.8041472256}}