{"mean":{"confidence_interval":{"confidence_level":0.99,"lower_bound":119072846.0378,"upper_bound":119483431.4819},"point_estimate":119274151.41,"standard_error":79940.01096299906},"median":{"confidence_interval":{"confidence_level":0.99,"lower_bound":119038105.5,"upper_bound":119501177.0},"point_estimate":119275166.0,"standard_error":80384.31644897089},"median_abs_dev":{"confidence_interval":{"confidence_level":0.99,"lower_bound":470813.25785489386,"upper_bound":867914.0245914459},"point_estimate":634459.3849360943,"standard_error":75446.27255929877},"slope":null,"std_dev":{"confidence_interval":{"confidence_level":0.99,"lower_bound":584402.1090633541,"upper_bound":1015503.4386856835},"point_estimate":804372.1676520231,"standard_error":84853.64756547096}}