{"mean":{"confidence_interval":{"confidence_level":0.99,"lower_bound":269278018.246,"upper_bound":290748187.48380005},"point_estimate":279196994.6,"standard_error":4175562.290136441},"median":{"confidence_interval":{"confidence_level":0.99,"lower_bound":258929870.1775,"upper_bound":264856788.5},"point_estimate":264773502.5,"standard_error":2470639.238025149},"median_abs_dev":{"confidence_interval":{"confidence_level":0.99,"lower_bound":2617740.041425824,"upper_bound":11145956.79911971},"point_estimate":8872820.434775949,"standard_error":2937868.700978423},"slope":null,"std_dev":{"confidence_interval":{"confidence_level":0.99,"lower_bound":27994138.982139777,"upper_bound":51523049.231510855},"point_estimate":41937678.021458365,"standard_error":4502124.702327283}}