{"mean":{"confidence_interval":{"confidence_level":0.99,"lower_bound":26231720.45535,"upper_bound":26317896.65},"point_estimate":26257592.86,"standard_error":18952.60983756012},"median":{"confidence_interval":{"confidence_level":0.99,"lower_bound":26225572.0,"upper_bound":26250023.0},"point_estimate":26238872.5,"standard_error":4890.4579337408895},"median_abs_dev":{"confidence_interval":{"confidence_level":0.99,"lower_bound":23647.42880867422,"upper_bound":38593.55991482735},"point_estimate":33603.12840342522,"standard_error":2812.6618793475304},"slope":null,"std_dev":{"confidence_interval":{"confidence_level":0.99,"lower_bound":24213.100772723457,"upper_bound":371301.3901800941},"point_estimate":190430.54989908813,"standard_error":104011.48124767818}}