{"mean":{"confidence_interval":{"confidence_level":0.99,"lower_bound":27081935.94725,"upper_bound":27418089.66365},"point_estimate":27219261.7,"standard_error":65998.1665482912},"median":{"confidence_interval":{"confidence_level":0.99,"lower_bound":27012511.5,"upper_bound":27056187.0},"point_estimate":27031497.0,"standard_error":8819.472692678903},"median_abs_dev":{"confidence_interval":{"confidence_level":0.99,"lower_bound":40890.10727405548,"upper_bound":92684.04423902933},"point_estimate":56272.08200097084,"standard_error":10458.440310985285},"slope":null,"std_dev":{"confidence_interval":{"confidence_level":0.99,"lower_bound":241261.9760294637,"upper_bound":1101411.9857472414},"point_estimate":666932.796658022,"standard_error":186631.1683913578}}