{"mean":{"confidence_interval":{"confidence_level":0.99,"lower_bound":33729028.4837,"upper_bound":35680248.2027},"point_estimate":34689213.94,"standard_error":378473.8418577997},"median":{"confidence_interval":{"confidence_level":0.99,"lower_bound":32633937.0,"upper_bound":33097300.5},"point_estimate":32680772.0,"standard_error":141718.3887119968},"median_abs_dev":{"confidence_interval":{"confidence_level":0.99,"lower_bound":405406.5846025944,"upper_bound":6170780.096138257},"point_estimate":690592.8438395262,"standard_error":718397.3934711898},"slope":null,"std_dev":{"confidence_interval":{"confidence_level":0.99,"lower_bound":3149275.69058381,"upper_bound":4503845.002395325},"point_estimate":3814705.489982847,"standard_error":260924.88463803663}}