{"mean":{"confidence_interval":{"confidence_level":0.99,"lower_bound":122330922.9108,"upper_bound":122736717.6574},"point_estimate":122537780.28,"standard_error":78104.24677919339},"median":{"confidence_interval":{"confidence_level":0.99,"lower_bound":122364865.5,"upper_bound":122723581.0},"point_estimate":122578247.5,"standard_error":77028.4557613929},"median_abs_dev":{"confidence_interval":{"confidence_level":0.99,"lower_bound":411351.0691970587,"upper_bound":842101.2177497149},"point_estimate":601709.4928175211,"standard_error":87173.41841027931},"slope":null,"std_dev":{"confidence_interval":{"confidence_level":0.99,"lower_bound":589280.4064972737,"upper_bound":971344.2669263737},"point_estimate":783396.5607332009,"standard_error":74961.55351115369}}