{"mean":{"confidence_interval":{"confidence_level":0.99,"lower_bound":117414037.93545,"upper_bound":117831724.28750001},"point_estimate":117614201.28,"standard_error":80821.77751328853},"median":{"confidence_interval":{"confidence_level":0.99,"lower_bound":117442287.5,"upper_bound":117685133.0},"point_estimate":117550490.5,"standard_error":53424.98076404011},"median_abs_dev":{"confidence_interval":{"confidence_level":0.99,"lower_bound":263907.24311470985,"upper_bound":638988.5388241876},"point_estimate":423656.64897859097,"standard_error":72294.13017129662},"slope":null,"std_dev":{"confidence_interval":{"confidence_level":0.99,"lower_bound":563442.1654626084,"upper_bound":1034211.4904489545},"point_estimate":813406.3667645295,"standard_error":92143.25590040235}}