{"mean":{"confidence_interval":{"confidence_level":0.99,"lower_bound":26908797.38575,"upper_bound":27187240.77135},"point_estimate":27018236.77,"standard_error":55914.639810994304},"median":{"confidence_interval":{"confidence_level":0.99,"lower_bound":26871703.5,"upper_bound":26896519.0},"point_estimate":26883053.5,"standard_error":5629.002146270597},"median_abs_dev":{"confidence_interval":{"confidence_level":0.99,"lower_bound":25502.19473424554,"upper_bound":63788.863867521286},"point_estimate":40861.19657456875,"standard_error":7570.660531487384},"slope":null,"std_dev":{"confidence_interval":{"confidence_level":0.99,"lower_bound":92699.81761873506,"upper_bound":915882.2040965337},"point_estimate":565268.9732796978,"standard_error":173142.49185173234}}