{"mean":{"confidence_interval":{"confidence_level":0.99,"lower_bound":26172703.37645,"upper_bound":26266000.48},"point_estimate":26214226.21,"standard_error":18117.829615229348},"median":{"confidence_interval":{"confidence_level":0.99,"lower_bound":26144712.0,"upper_bound":26170527.0},"point_estimate":26156232.0,"standard_error":5105.481709528804},"median_abs_dev":{"confidence_interval":{"confidence_level":0.99,"lower_bound":26723.864525556564,"upper_bound":68579.1443824768},"point_estimate":38866.35830998421,"standard_error":9211.715817582515},"slope":null,"std_dev":{"confidence_interval":{"confidence_level":0.99,"lower_bound":96652.8941511214,"upper_bound":249006.48472400065},"point_estimate":181396.7838176292,"standard_error":29904.06926607039}}