{"mean":{"confidence_interval":{"confidence_level":0.99,"lower_bound":26249985.2477,"upper_bound":26297748.44},"point_estimate":26268947.72,"standard_error":9368.604312521138},"median":{"confidence_interval":{"confidence_level":0.99,"lower_bound":26240055.0,"upper_bound":26258786.0},"point_estimate":26246640.5,"standard_error":3654.15816190539},"median_abs_dev":{"confidence_interval":{"confidence_level":0.99,"lower_bound":20178.185641765594,"upper_bound":40476.49523989859},"point_estimate":31422.96514213085,"standard_error":3526.525203093438},"slope":null,"std_dev":{"confidence_interval":{"confidence_level":0.99,"lower_bound":32537.589492309744,"upper_bound":160908.16797962337},"point_estimate":94508.42296085079,"standard_error":29235.06740247867}}