{"mean":{"confidence_interval":{"confidence_level":0.99,"lower_bound":62357506.2488,"upper_bound":65619931.791300006},"point_estimate":63843284.39,"standard_error":639130.2813100977},"median":{"confidence_interval":{"confidence_level":0.99,"lower_bound":61351783.0,"upper_bound":61814917.0},"point_estimate":61400492.5,"standard_error":86900.38923584127},"median_abs_dev":{"confidence_interval":{"confidence_level":0.99,"lower_bound":137247.24476337433,"upper_bound":809774.344762132},"point_estimate":276668.7223881483,"standard_error":128272.6906607579},"slope":null,"std_dev":{"confidence_interval":{"confidence_level":0.99,"lower_bound":3695169.9103222447,"upper_bound":8290616.655492702},"point_estimate":6438622.91828777,"standard_error":873742.1492263838}}