{"mean":{"confidence_interval":{"confidence_level":0.99,"lower_bound":26347296.42,"upper_bound":26687775.93285},"point_estimate":26455302.12,"standard_error":72159.53238008356},"median":{"confidence_interval":{"confidence_level":0.99,"lower_bound":26328350.0,"upper_bound":26349926.0},"point_estimate":26337855.0,"standard_error":4090.289032322982},"median_abs_dev":{"confidence_interval":{"confidence_level":0.99,"lower_bound":20920.22692859173,"upper_bound":46168.9044803381},"point_estimate":29392.544478178024,"standard_error":4972.436722354064},"slope":null,"std_dev":{"confidence_interval":{"confidence_level":0.99,"lower_bound":56474.600493307495,"upper_bound":1381171.02209781},"point_estimate":723864.3491348429,"standard_error":353288.0531361183}}