{"mean":{"confidence_interval":{"confidence_level":0.99,"lower_bound":533912232.94734997,"upper_bound":534184583.3425},"point_estimate":534049933.98,"standard_error":52951.322477959024},"median":{"confidence_interval":{"confidence_level":0.99,"lower_bound":533875142.0,"upper_bound":534197149.0},"point_estimate":534033173.0,"standard_error":63310.45947012917},"median_abs_dev":{"confidence_interval":{"confidence_level":0.99,"lower_bound":356399.2424726486,"upper_bound":750006.555184722},"point_estimate":527423.0798363686,"standard_error":71249.68690532634},"slope":null,"std_dev":{"confidence_interval":{"confidence_level":0.99,"lower_bound":445581.8253506439,"upper_bound":610653.7239126147},"point_estimate":533071.9693424198,"standard_error":31848.084639583485}}