{"mean":{"confidence_interval":{"confidence_level":0.99,"lower_bound":76993778.75950001,"upper_bound":77295511.85965},"point_estimate":77113509.11,"standard_error":60315.40319535387},"median":{"confidence_interval":{"confidence_level":0.99,"lower_bound":76909386.0,"upper_bound":77177113.0},"point_estimate":77090665.5,"standard_error":47808.03368316932},"median_abs_dev":{"confidence_interval":{"confidence_level":0.99,"lower_bound":160376.54565274715,"upper_bound":346849.074742198},"point_estimate":275533.79210829735,"standard_error":37652.974298717505},"slope":null,"std_dev":{"confidence_interval":{"confidence_level":0.99,"lower_bound":208184.6745784872,"upper_bound":1016993.6375423584},"point_estimate":605113.555455451,"standard_error":193101.06998404555}}