{"mean":{"confidence_interval":{"confidence_level":0.99,"lower_bound":49429507.4969,"upper_bound":49517436.13205},"point_estimate":49472717.92,"standard_error":17027.781717385245},"median":{"confidence_interval":{"confidence_level":0.99,"lower_bound":49430581.5,"upper_bound":49525208.0},"point_estimate":49490977.0,"standard_error":16823.98743340014},"median_abs_dev":{"confidence_interval":{"confidence_level":0.99,"lower_bound":96422.3718881607,"upper_bound":206720.4043429792},"point_estimate":149780.40364086628,"standard_error":21412.55706361318},"slope":null,"std_dev":{"confidence_interval":{"confidence_level":0.99,"lower_bound":130612.08956738724,"upper_bound":216907.23886161298},"point_estimate":171356.5778205709,"standard_error":17203.42702502823}}