{"mean":{"confidence_interval":{"confidence_level":0.99,"lower_bound":428770451.1248,"upper_bound":428887640.82415},"point_estimate":428826181.25,"standard_error":22781.094359668943},"median":{"confidence_interval":{"confidence_level":0.99,"lower_bound":428728415.0,"upper_bound":428874409.0},"point_estimate":428809011.0,"standard_error":31091.028477967},"median_abs_dev":{"confidence_interval":{"confidence_level":0.99,"lower_bound":141769.17468309402,"upper_bound":263657.1284991507},"point_estimate":204810.8081638813,"standard_error":23375.74378432317},"slope":null,"std_dev":{"confidence_interval":{"confidence_level":0.99,"lower_bound":168668.93466291545,"upper_bound":315069.38444460934},"point_estimate":230524.83836695037,"standard_error":31122.510333678252}}