{"mean":{"confidence_interval":{"confidence_level":0.99,"lower_bound":124050669.36015001,"upper_bound":129810127.605},"point_estimate":126442976.25,"standard_error":1134077.818140265},"median":{"confidence_interval":{"confidence_level":0.99,"lower_bound":123310670.0,"upper_bound":123512615.0},"point_estimate":123414353.5,"standard_error":37287.23832853396},"median_abs_dev":{"confidence_interval":{"confidence_level":0.99,"lower_bound":157530.6950032711,"upper_bound":520285.84356307983},"point_estimate":290131.47144913673,"standard_error":71317.46886574363},"slope":null,"std_dev":{"confidence_interval":{"confidence_level":0.99,"lower_bound":1843681.7357830037,"upper_bound":17174809.451395337},"point_estimate":11362719.76568024,"standard_error":2745962.802312041}}