{"mean":{"confidence_interval":{"confidence_level":0.99,"lower_bound":103961251.00015,"upper_bound":104517199.82005},"point_estimate":104210786.86,"standard_error":107139.2463865815},"median":{"confidence_interval":{"confidence_level":0.99,"lower_bound":103811568.0,"upper_bound":104268197.0},"point_estimate":104059199.0,"standard_error":71114.69042847706},"median_abs_dev":{"confidence_interval":{"confidence_level":0.99,"lower_bound":543743.5403466225,"upper_bound":1011397.8261440992},"point_estimate":765032.7059179544,"standard_error":91387.23064225701},"slope":null,"std_dev":{"confidence_interval":{"confidence_level":0.99,"lower_bound":681240.4227011004,"upper_bound":1603624.5134099096},"point_estimate":1077493.7649235898,"standard_error":206622.4404836312}}