{"mean":{"confidence_interval":{"confidence_level":0.99,"lower_bound":30617902.92,"upper_bound":32275026.695},"point_estimate":31412680.01,"standard_error":320129.66517891764},"median":{"confidence_interval":{"confidence_level":0.99,"lower_bound":29812554.0,"upper_bound":30958923.0},"point_estimate":30143216.5,"standard_error":230803.35446549288},"median_abs_dev":{"confidence_interval":{"confidence_level":0.99,"lower_bound":604519.7610676289,"upper_bound":4317419.664222482},"point_estimate":1178684.0289741755,"standard_error":961020.5034536761},"slope":null,"std_dev":{"confidence_interval":{"confidence_level":0.99,"lower_bound":2447456.703278218,"upper_bound":3924555.0933559663},"point_estimate":3211564.0309514333,"standard_error":291406.3965939869}}