{"mean":{"confidence_interval":{"confidence_level":0.99,"lower_bound":31873053.44,"upper_bound":32428589.40825},"point_estimate":32125452.99,"standard_error":108323.42370571855},"median":{"confidence_interval":{"confidence_level":0.99,"lower_bound":31689332.0,"upper_bound":31785933.0},"point_estimate":31737646.0,"standard_error":16579.58979274607},"median_abs_dev":{"confidence_interval":{"confidence_level":0.99,"lower_bound":103417.27856397629,"upper_bound":210314.96056616306},"point_estimate":148285.20156741142,"standard_error":21062.569978717045},"slope":null,"std_dev":{"confidence_interval":{"confidence_level":0.99,"lower_bound":672318.3182272601,"upper_bound":1466551.5929771205},"point_estimate":1087205.0946375427,"standard_error":155449.84725946456}}