{"mean":{"confidence_interval":{"confidence_level":0.99,"lower_bound":40170130.38,"upper_bound":41137629.4804},"point_estimate":40455092.0,"standard_error":215009.43451082095},"median":{"confidence_interval":{"confidence_level":0.99,"lower_bound":40170937.0,"upper_bound":40276969.0},"point_estimate":40224498.0,"standard_error":19797.62560573557},"median_abs_dev":{"confidence_interval":{"confidence_level":0.99,"lower_bound":101974.70878958702,"upper_bound":241339.10631537437},"point_estimate":173776.28421485424,"standard_error":30147.930796584955},"slope":null,"std_dev":{"confidence_interval":{"confidence_level":0.99,"lower_bound":168720.72473583964,"upper_bound":4189743.463620824},"point_estimate":2151132.474195756,"standard_error":1176698.4175744}}