{"mean":{"confidence_interval":{"confidence_level":0.99,"lower_bound":27450990.97,"upper_bound":27562175.9224},"point_estimate":27500886.27,"standard_error":21954.855745527322},"median":{"confidence_interval":{"confidence_level":0.99,"lower_bound":27416910.0,"upper_bound":27444380.0},"point_estimate":27429490.0,"standard_error":4395.740792889165},"median_abs_dev":{"confidence_interval":{"confidence_level":0.99,"lower_bound":30600.863456726074,"upper_bound":60623.5129237175},"point_estimate":47199.311462044716,"standard_error":5474.9709061315925},"slope":null,"std_dev":{"confidence_interval":{"confidence_level":0.99,"lower_bound":125489.90390788883,"upper_bound":290745.40081823093},"point_estimate":220359.4485833468,"standard_error":32066.01090352075}}