{"mean":{"confidence_interval":{"confidence_level":0.99,"lower_bound":26639955.105049998,"upper_bound":26922940.0741},"point_estimate":26743270.09,"standard_error":59193.883713798095},"median":{"confidence_interval":{"confidence_level":0.99,"lower_bound":26632549.0,"upper_bound":26654383.5},"point_estimate":26644543.0,"standard_error":4985.00334453363},"median_abs_dev":{"confidence_interval":{"confidence_level":0.99,"lower_bound":22047.002908587456,"upper_bound":43796.003222465515},"point_estimate":31588.275039196014,"standard_error":4120.627581818835},"slope":null,"std_dev":{"confidence_interval":{"confidence_level":0.99,"lower_bound":31774.65861303137,"upper_bound":1051311.8258718771},"point_estimate":595282.1871791986,"standard_error":219325.17136172668}}