{"mean":{"confidence_interval":{"confidence_level":0.99,"lower_bound":53252512.81,"upper_bound":53300578.71},"point_estimate":53275926.22,"standard_error":9313.469830482461},"median":{"confidence_interval":{"confidence_level":0.99,"lower_bound":53247418.0,"upper_bound":53293707.5},"point_estimate":53272607.0,"standard_error":10541.425303100155},"median_abs_dev":{"confidence_interval":{"confidence_level":0.99,"lower_bound":50067.401111125946,"upper_bound":108948.8590657711},"point_estimate":79356.16359114647,"standard_error":10854.602915165155},"slope":null,"std_dev":{"confidence_interval":{"confidence_level":0.99,"lower_bound":69546.13101390423,"upper_bound":122905.82318046484},"point_estimate":94756.94215996352,"standard_error":10725.82007702138}}