{"mean":{"confidence_interval":{"confidence_level":0.99,"lower_bound":30032507.39705,"upper_bound":30052991.40345},"point_estimate":30042664.8,"standard_error":3966.9426764918608},"median":{"confidence_interval":{"confidence_level":0.99,"lower_bound":30028692.0,"upper_bound":30052572.0},"point_estimate":30037272.0,"standard_error":4140.887865673624},"median_abs_dev":{"confidence_interval":{"confidence_level":0.99,"lower_bound":27464.42321240902,"upper_bound":51713.12785340849},"point_estimate":38325.95061957836,"standard_error":4615.38064442665},"slope":null,"std_dev":{"confidence_interval":{"confidence_level":0.99,"lower_bound":32357.585908643436,"upper_bound":46761.11486455024},"point_estimate":39898.105098418455,"standard_error":2791.919738642755}}