{"mean":{"confidence_interval":{"confidence_level":0.99,"lower_bound":102582578.8101,"upper_bound":104007966.0792},"point_estimate":103347677.93,"standard_error":277046.2439480823},"median":{"confidence_interval":{"confidence_level":0.99,"lower_bound":103453828.0,"upper_bound":104299904.0},"point_estimate":104002771.5,"standard_error":168125.37902884823},"median_abs_dev":{"confidence_interval":{"confidence_level":0.99,"lower_bound":913177.8017878532,"upper_bound":1860854.8524682235},"point_estimate":1250132.0043057203,"standard_error":180096.01905384834},"slope":null,"std_dev":{"confidence_interval":{"confidence_level":0.99,"lower_bound":1737578.2802280493,"upper_bound":3630355.2978306836},"point_estimate":2776812.1592101655,"standard_error":372843.84853421315}}