{"mean":{"confidence_interval":{"confidence_level":0.99,"lower_bound":979501849.21,"upper_bound":980336630.26},"point_estimate":979885396.65,"standard_error":158634.48765297444},"median":{"confidence_interval":{"confidence_level":0.99,"lower_bound":979594647.0,"upper_bound":980385479.0},"point_estimate":980096612.5,"standard_error":161629.91608244012},"median_abs_dev":{"confidence_interval":{"confidence_level":0.99,"lower_bound":462251.691493392,"upper_bound":1285041.3032859564},"point_estimate":829534.7003728151,"standard_error":164090.57597258326},"slope":null,"std_dev":{"confidence_interval":{"confidence_level":0.99,"lower_bound":957624.6640854116,"upper_bound":2335665.148119769},"point_estimate":1602605.3221317967,"standard_error":287112.17621537746}}