{"mean":{"confidence_interval":{"confidence_level":0.99,"lower_bound":38458282.43385,"upper_bound":39137589.4796},"point_estimate":38742169.51,"standard_error":133918.7329004912},"median":{"confidence_interval":{"confidence_level":0.99,"lower_bound":38374422.0,"upper_bound":38421412.0},"point_estimate":38398892.0,"standard_error":8944.273936745072},"median_abs_dev":{"confidence_interval":{"confidence_level":0.99,"lower_bound":43804.82469230891,"upper_bound":103405.56231768442},"point_estimate":71172.9530364275,"standard_error":11026.788940193755},"slope":null,"std_dev":{"confidence_interval":{"confidence_level":0.99,"lower_bound":242437.0214219127,"upper_bound":2050989.878382636},"point_estimate":1352121.5834581759,"standard_error":330837.2138991853}}