{"mean":{"confidence_interval":{"confidence_level":0.99,"lower_bound":123790368.35085,"upper_bound":124319620.08915},"point_estimate":124044621.64,"standard_error":103086.20604619842},"median":{"confidence_interval":{"confidence_level":0.99,"lower_bound":123515149.0,"upper_bound":124076167.0},"point_estimate":123837566.5,"standard_error":79206.62133062915},"median_abs_dev":{"confidence_interval":{"confidence_level":0.99,"lower_bound":549350.7334470749,"upper_bound":1039454.5480459929},"point_estimate":775284.143435955,"standard_error":91396.77703508158},"slope":null,"std_dev":{"confidence_interval":{"confidence_level":0.99,"lower_bound":772450.2057956805,"upper_bound":1289777.8029626005},"point_estimate":1034381.62079923,"standard_error":100852.38323728419}}