{"mean":{"confidence_interval":{"confidence_level":0.99,"lower_bound":560934362.3366,"upper_bound":561021848.886},"point_estimate":560977182.69,"standard_error":17035.695010429947},"median":{"confidence_interval":{"confidence_level":0.99,"lower_bound":560890063.0,"upper_bound":561008580.0},"point_estimate":560953613.5,"standard_error":21547.720675183973},"median_abs_dev":{"confidence_interval":{"confidence_level":0.99,"lower_bound":111579.73271906376,"upper_bound":221842.91666150093},"point_estimate":165213.52806687355,"standard_error":19601.251173133987},"slope":null,"std_dev":{"confidence_interval":{"confidence_level":0.99,"lower_bound":138648.7737143599,"upper_bound":200584.72857887836},"point_estimate":171391.57108623514,"standard_error":12044.670350823531}}