{"mean":{"confidence_interval":{"confidence_level":0.99,"lower_bound":44359849.956199996,"upper_bound":45701053.17705},"point_estimate":44949133.81,"standard_error":265571.71062695264},"median":{"confidence_interval":{"confidence_level":0.99,"lower_bound":44094920.0,"upper_bound":44143040.0},"point_estimate":44116400.0,"standard_error":8990.810937371458},"median_abs_dev":{"confidence_interval":{"confidence_level":0.99,"lower_bound":50615.963101387024,"upper_bound":131271.03252947345},"point_estimate":84235.4001045227,"standard_error":15039.576974174484},"slope":null,"std_dev":{"confidence_interval":{"confidence_level":0.99,"lower_bound":1181683.4801727715,"upper_bound":3632705.008894157},"point_estimate":2673140.061149425,"standard_error":456287.1044944838}}