{"mean":{"confidence_interval":{"confidence_level":0.99,"lower_bound":29196030.279099997,"upper_bound":29909332.144650005},"point_estimate":29470809.07,"standard_error":141625.30011898768},"median":{"confidence_interval":{"confidence_level":0.99,"lower_bound":29083849.0,"upper_bound":29123605.0},"point_estimate":29100870.5,"standard_error":7849.088004203188},"median_abs_dev":{"confidence_interval":{"confidence_level":0.99,"lower_bound":39311.03452008963,"upper_bound":87667.61904358864},"point_estimate":56962.97358870506,"standard_error":9498.384213288895},"slope":null,"std_dev":{"confidence_interval":{"confidence_level":0.99,"lower_bound":380556.88702589425,"upper_bound":2293265.8706205175},"point_estimate":1411218.1990316543,"standard_error":450822.4944449031}}