{"mean":{"confidence_interval":{"confidence_level":0.99,"lower_bound":26305512.682949997,"upper_bound":26458355.783699997},"point_estimate":26368469.99,"standard_error":30065.140371271907},"median":{"confidence_interval":{"confidence_level":0.99,"lower_bound":26263991.0,"upper_bound":26289110.0},"point_estimate":26277916.0,"standard_error":2849.766292293671},"median_abs_dev":{"confidence_interval":{"confidence_level":0.99,"lower_bound":26027.74677291513,"upper_bound":57252.08058357239},"point_estimate":37311.11093759537,"standard_error":5175.825768282353},"slope":null,"std_dev":{"confidence_interval":{"confidence_level":0.99,"lower_bound":104518.01924949199,"upper_bound":498268.6273208907},"point_estimate":303272.7113966049,"standard_error":83119.82350188712}}