{"mean":{"confidence_interval":{"confidence_level":0.99,"lower_bound":117556878.68095,"upper_bound":118059313.63904999},"point_estimate":117819996.72,"standard_error":97314.81999795088},"median":{"confidence_interval":{"confidence_level":0.99,"lower_bound":117878665.0,"upper_bound":118245676.0},"point_estimate":118074636.5,"standard_error":83028.81005652864},"median_abs_dev":{"confidence_interval":{"confidence_level":0.99,"lower_bound":342354.2467499972,"upper_bound":711533.0858677626},"point_estimate":471635.0667268038,"standard_error":69781.02904899226},"slope":null,"std_dev":{"confidence_interval":{"confidence_level":0.99,"lower_bound":689016.1033263216,"upper_bound":1231792.5723618108},"point_estimate":979977.2536138927,"standard_error":105437.29090260428}}