{"mean":{"confidence_interval":{"confidence_level":0.99,"lower_bound":30461511.58615,"upper_bound":31872203.4451},"point_estimate":31142809.24,"standard_error":274638.4843490702},"median":{"confidence_interval":{"confidence_level":0.99,"lower_bound":29834479.0,"upper_bound":30614930.5},"point_estimate":30153447.0,"standard_error":152108.33255118958},"median_abs_dev":{"confidence_interval":{"confidence_level":0.99,"lower_bound":654520.4451799393,"upper_bound":4155465.3060257435},"point_estimate":1092017.9062128067,"standard_error":721882.8764279813},"slope":null,"std_dev":{"confidence_interval":{"confidence_level":0.99,"lower_bound":2145063.483026853,"upper_bound":3311900.872043376},"point_estimate":2766220.876196162,"standard_error":226445.33769713173}}