{"mean":{"confidence_interval":{"confidence_level":0.99,"lower_bound":1082617916.66955,"upper_bound":1082666021.5017},"point_estimate":1082642411.13,"standard_error":9353.955826441574},"median":{"confidence_interval":{"confidence_level":0.99,"lower_bound":1082627528.0,"upper_bound":1082679362.0},"point_estimate":1082653292.5,"standard_error":8227.690728223166},"median_abs_dev":{"confidence_interval":{"confidence_level":0.99,"lower_bound":53713.855746388435,"upper_bound":110014.84844684601},"point_estimate":74688.93887400627,"standard_error":10610.629743208228},"slope":null,"std_dev":{"confidence_interval":{"confidence_level":0.99,"lower_bound":74727.88249897031,"upper_bound":110736.63575627437},"point_estimate":93872.77644518873,"standard_error":7019.136963465576}}