{"mean":{"confidence_interval":{"confidence_level":0.99,"lower_bound":27292759.963099997,"upper_bound":27321742.64395},"point_estimate":27305364.91,"standard_error":5620.260825714774},"median":{"confidence_interval":{"confidence_level":0.99,"lower_bound":27285277.0,"upper_bound":27313968.0},"point_estimate":27303367.5,"standard_error":5860.4661022066175},"median_abs_dev":{"confidence_interval":{"confidence_level":0.99,"lower_bound":28451.83479487896,"upper_bound":57222.428584098816},"point_estimate":40787.06657588482,"standard_error":5417.946482550522},"slope":null,"std_dev":{"confidence_interval":{"confidence_level":0.99,"lower_bound":33956.82220616812,"upper_bound":89675.80313839346},"point_estimate":56563.336841708566,"standard_error":13543.274328085126}}