{"mean":{"confidence_interval":{"confidence_level":0.99,"lower_bound":26317673.77315,"upper_bound":26336903.1902},"point_estimate":26326683.5,"standard_error":3714.973151601931},"median":{"confidence_interval":{"confidence_level":0.99,"lower_bound":26312078.0,"upper_bound":26337769.0},"point_estimate":26322823.5,"standard_error":4955.571171148269},"median_abs_dev":{"confidence_interval":{"confidence_level":0.99,"lower_bound":22246.412605047226,"upper_bound":40890.10727405548},"point_estimate":31401.467442512512,"standard_error":3537.6157331555087},"slope":null,"std_dev":{"confidence_interval":{"confidence_level":0.99,"lower_bound":26388.99561259764,"upper_bound":52193.07458435973},"point_estimate":37398.07050240735,"standard_error":5518.508800474684}}