{"mean":{"confidence_interval":{"confidence_level":0.99,"lower_bound":852775999.4467001,"upper_bound":852815304.42715},"point_estimate":852795068.73,"standard_error":7637.518670146897},"median":{"confidence_interval":{"confidence_level":0.99,"lower_bound":852766318.805,"upper_bound":852807111.0},"point_estimate":852791061.0,"standard_error":7632.66626558621},"median_abs_dev":{"confidence_interval":{"confidence_level":0.99,"lower_bound":45581.053590774536,"upper_bound":93827.08063423634},"point_estimate":62843.706384301186,"standard_error":8200.388808801425},"slope":null,"std_dev":{"confidence_interval":{"confidence_level":0.99,"lower_bound":58313.03048015006,"upper_bound":94266.37570128748},"point_estimate":76870.12021320788,"standard_error":7018.266031966636}}