{"mean":{"confidence_interval":{"confidence_level":0.99,"lower_bound":26313586.20145,"upper_bound":26381505.601749998},"point_estimate":26344919.63,"standard_error":13155.129778283317},"median":{"confidence_interval":{"confidence_level":0.99,"lower_bound":26290942.5,"upper_bound":26331643.0},"point_estimate":26310083.0,"standard_error":7041.904106297797},"median_abs_dev":{"confidence_interval":{"confidence_level":0.99,"lower_bound":39853.76989245415,"upper_bound":88874.45542216301},"point_estimate":58845.13425529003,"standard_error":9038.735334495064},"slope":null,"std_dev":{"confidence_interval":{"confidence_level":0.99,"lower_bound":84714.48789546374,"upper_bound":175099.05610685138},"point_estimate":132595.8461001827,"standard_error":17844.860075237684}}