{"mean":{"confidence_interval":{"confidence_level":0.99,"lower_bound":96966893.0158,"upper_bound":97636724.02265},"point_estimate":97247551.37,"standard_error":133292.158838272},"median":{"confidence_interval":{"confidence_level":0.99,"lower_bound":96842414.0,"upper_bound":96887493.5},"point_estimate":96860434.0,"standard_error":8539.057184890025},"median_abs_dev":{"confidence_interval":{"confidence_level":0.99,"lower_bound":58971.15525305271,"upper_bound":134391.12710908067},"point_estimate":83753.55511307716,"standard_error":14565.794306704842},"slope":null,"std_dev":{"confidence_interval":{"confidence_level":0.99,"lower_bound":451955.1548739056,"upper_bound":2069921.9529290262},"point_estimate":1336776.2463688657,"standard_error":337647.6298003792}}