{"mean":{"confidence_interval":{"confidence_level":0.99,"lower_bound":28748437.827150002,"upper_bound":28872243.069649998},"point_estimate":28810300.52,"standard_error":24079.014559802792},"median":{"confidence_interval":{"confidence_level":0.99,"lower_bound":28744173.0,"upper_bound":28900109.0},"point_estimate":28821323.5,"standard_error":34401.44661887519},"median_abs_dev":{"confidence_interval":{"confidence_level":0.99,"lower_bound":161981.98274074498,"upper_bound":307672.1117377281},"point_estimate":226928.2345712185,"standard_error":27401.32536990216},"slope":null,"std_dev":{"confidence_interval":{"confidence_level":0.99,"lower_bound":197966.75619903122,"upper_bound":283459.6982592154},"point_estimate":242355.74443060916,"standard_error":16595.830696522986}}