{"mean":{"confidence_interval":{"confidence_level":0.99,"lower_bound":130108735.6243,"upper_bound":133265468.75255},"point_estimate":131460341.57,"standard_error":620731.5206197028},"median":{"confidence_interval":{"confidence_level":0.99,"lower_bound":129628887.0,"upper_bound":129978297.0},"point_estimate":129787371.5,"standard_error":70407.59411634684},"median_abs_dev":{"confidence_interval":{"confidence_level":0.99,"lower_bound":405089.30820822716,"upper_bound":1006516.3657307625},"point_estimate":682078.27219069,"standard_error":113864.70803554221},"slope":null,"std_dev":{"confidence_interval":{"confidence_level":0.99,"lower_bound":2491053.159110377,"upper_bound":8823298.686340563},"point_estimate":6242684.03691786,"standard_error":1212016.2161105531}}