{"mean":{"confidence_interval":{"confidence_level":0.99,"lower_bound":27307099.118300002,"upper_bound":27324743.42415},"point_estimate":27315811.67,"standard_error":3429.2645455669467},"median":{"confidence_interval":{"confidence_level":0.99,"lower_bound":27304632.0,"upper_bound":27326732.0},"point_estimate":27318507.0,"standard_error":4141.893103654826},"median_abs_dev":{"confidence_interval":{"confidence_level":0.99,"lower_bound":20949.104269579057,"upper_bound":42387.722278967674},"point_estimate":28836.569488048553,"standard_error":4229.370877505142},"slope":null,"std_dev":{"confidence_interval":{"confidence_level":0.99,"lower_bound":26578.01081097727,"upper_bound":42212.56051109629},"point_estimate":34427.08983791953,"standard_error":3056.368909811691}}