{"mean":{"confidence_interval":{"confidence_level":0.99,"lower_bound":38898524.55,"upper_bound":39180933.816300005},"point_estimate":39038857.01,"standard_error":55001.127394867464},"median":{"confidence_interval":{"confidence_level":0.99,"lower_bound":38734990.0,"upper_bound":39216604.0},"point_estimate":38974147.0,"standard_error":118953.877771472},"median_abs_dev":{"confidence_interval":{"confidence_level":0.99,"lower_bound":493181.3289072812,"upper_bound":836903.9635419846},"point_estimate":692097.68281281,"standard_error":69548.0010597981},"slope":null,"std_dev":{"confidence_interval":{"confidence_level":0.99,"lower_bound":476463.96118309145,"upper_bound":618048.835985289},"point_estimate":550220.7491465621,"standard_error":27611.04744982618}}