{"mean":{"confidence_interval":{"confidence_level":0.99,"lower_bound":29866638.7645,"upper_bound":29982804.3996},"point_estimate":29919734.07,"standard_error":22677.135212572302},"median":{"confidence_interval":{"confidence_level":0.99,"lower_bound":29823562.0,"upper_bound":29863532.0},"point_estimate":29842282.0,"standard_error":8935.710115627833},"median_abs_dev":{"confidence_interval":{"confidence_level":0.99,"lower_bound":41275.583267211914,"upper_bound":95598.79130928218},"point_estimate":58332.89596438408,"standard_error":9292.515267098986},"slope":null,"std_dev":{"confidence_interval":{"confidence_level":0.99,"lower_bound":138416.41989633543,"upper_bound":306154.0881842334},"point_estimate":228856.25241615044,"standard_error":32578.13892656697}}