{"mean":{"confidence_interval":{"confidence_level":0.99,"lower_bound":130549272.94935,"upper_bound":138062042.4},"point_estimate":134308892.42,"standard_error":1452675.5555320245},"median":{"confidence_interval":{"confidence_level":0.99,"lower_bound":120548522.0,"upper_bound":148976317.0},"point_estimate":121919249.0,"standard_error":12362463.147766631},"median_abs_dev":{"confidence_interval":{"confidence_level":0.99,"lower_bound":988203.0573463901,"upper_bound":21967726.0640949},"point_estimate":3224086.365661025,"standard_error":4907497.08103121},"slope":null,"std_dev":{"confidence_interval":{"confidence_level":0.99,"lower_bound":13950216.239261853,"upper_bound":14756216.584704872},"point_estimate":14604318.502609326,"standard_error":136035.99944998315}}