{"mean":{"confidence_interval":{"confidence_level":0.99,"lower_bound":28875945.24,"upper_bound":29412730.55725},"point_estimate":29087763.82,"standard_error":107088.29942844967},"median":{"confidence_interval":{"confidence_level":0.99,"lower_bound":28788541.0,"upper_bound":28834206.0},"point_estimate":28812264.0,"standard_error":8016.018274449676},"median_abs_dev":{"confidence_interval":{"confidence_level":0.99,"lower_bound":43185.17203330994,"upper_bound":98638.8588488102},"point_estimate":68692.56328046322,"standard_error":10132.621536372339},"slope":null,"std_dev":{"confidence_interval":{"confidence_level":0.99,"lower_bound":290754.87322253746,"upper_bound":1736290.1239869157},"point_estimate":1075229.9163618463,"standard_error":330916.9256960706}}