{"mean":{"confidence_interval":{"confidence_level":0.99,"lower_bound":89095066.05450001,"upper_bound":92268605.7167},"point_estimate":90434035.15,"standard_error":630606.9316363306},"median":{"confidence_interval":{"confidence_level":0.99,"lower_bound":88663598.0,"upper_bound":88902566.0},"point_estimate":88801857.5,"standard_error":46736.43930467183},"median_abs_dev":{"confidence_interval":{"confidence_level":0.99,"lower_bound":301037.387899518,"upper_bound":601264.7128254175},"point_estimate":416514.22360539436,"standard_error":55854.496259004256},"slope":null,"std_dev":{"confidence_interval":{"confidence_level":0.99,"lower_bound":1354479.5947751547,"upper_bound":9078423.626557343},"point_estimate":6338853.734823462,"standard_error":1343626.052082713}}