{"mean":{"confidence_interval":{"confidence_level":0.99,"lower_bound":26027266.9979,"upper_bound":26307180.2562},"point_estimate":26141810.2,"standard_error":55162.98812308422},"median":{"confidence_interval":{"confidence_level":0.99,"lower_bound":25983223.0,"upper_bound":26011593.0},"point_estimate":25996363.0,"standard_error":4942.795157356395},"median_abs_dev":{"confidence_interval":{"confidence_level":0.99,"lower_bound":31371.778378039602,"upper_bound":66229.22342419624},"point_estimate":48525.49713850021,"standard_error":6499.221811307422},"slope":null,"std_dev":{"confidence_interval":{"confidence_level":0.99,"lower_bound":130482.24090548296,"upper_bound":852826.9375880157},"point_estimate":552622.1228382762,"standard_error":145299.8838452179}}