{"mean":{"confidence_interval":{"confidence_level":0.99,"lower_bound":1316833886.6030002,"upper_bound":1317072029.57},"point_estimate":1316946888.7,"standard_error":46040.25236322648},"median":{"confidence_interval":{"confidence_level":0.99,"lower_bound":1316776494.0,"upper_bound":1317062102.5},"point_estimate":1316933622.0,"standard_error":46958.84733390412},"median_abs_dev":{"confidence_interval":{"confidence_level":0.99,"lower_bound":280179.5191258192,"upper_bound":481710.82726742397},"point_estimate":364840.42542278767,"standard_error":36220.45165129702},"slope":null,"std_dev":{"confidence_interval":{"confidence_level":0.99,"lower_bound":333520.3865830244,"upper_bound":603227.927362317},"point_estimate":463794.2019539171,"standard_error":53791.477374717666}}