{"mean":{"confidence_interval":{"confidence_level":0.99,"lower_bound":30037053.827299997,"upper_bound":30896521.28},"point_estimate":30403534.35,"standard_error":169629.04463638272},"median":{"confidence_interval":{"confidence_level":0.99,"lower_bound":29921816.0,"upper_bound":29985567.0},"point_estimate":29954966.0,"standard_error":11030.28447169864},"median_abs_dev":{"confidence_interval":{"confidence_level":0.99,"lower_bound":64539.05945420265,"upper_bound":128617.3676080856},"point_estimate":104753.84244024754,"standard_error":11827.515497461454},"slope":null,"std_dev":{"confidence_interval":{"confidence_level":0.99,"lower_bound":677761.5075196398,"upper_bound":2442346.605879453},"point_estimate":1703157.7292378868,"standard_error":343305.88143835077}}