{"mean":{"confidence_interval":{"confidence_level":0.99,"lower_bound":392211249.7041,"upper_bound":395392345.63},"point_estimate":393685264.44,"standard_error":625235.1059536472},"median":{"confidence_interval":{"confidence_level":0.99,"lower_bound":390941230.0,"upper_bound":391224046.0},"point_estimate":391107793.5,"standard_error":64500.99011096167},"median_abs_dev":{"confidence_interval":{"confidence_level":0.99,"lower_bound":323157.6460728049,"upper_bound":764152.7828335762},"point_estimate":500846.734008193,"standard_error":88080.4001854653},"slope":null,"std_dev":{"confidence_interval":{"confidence_level":0.99,"lower_bound":4439449.548668577,"upper_bound":7560453.145533323},"point_estimate":6277363.909674685,"standard_error":604834.8670181005}}