{"mean":{"confidence_interval":{"confidence_level":0.99,"lower_bound":26448562.94,"upper_bound":26535806.36265},"point_estimate":26489416.87,"standard_error":17053.75034118991},"median":{"confidence_interval":{"confidence_level":0.99,"lower_bound":26391836.0,"upper_bound":26435657.0},"point_estimate":26408561.5,"standard_error":8212.624306043537},"median_abs_dev":{"confidence_interval":{"confidence_level":0.99,"lower_bound":35834.44136381149,"upper_bound":99186.05314059566},"point_estimate":56429.23759818077,"standard_error":12687.305811949398},"slope":null,"std_dev":{"confidence_interval":{"confidence_level":0.99,"lower_bound":122729.47073994356,"upper_bound":216044.0924910881},"point_estimate":171576.06284186695,"standard_error":18083.03235154068}}