{"mean":{"confidence_interval":{"confidence_level":0.99,"lower_bound":26189473.1796,"upper_bound":26217687.030050002},"point_estimate":26202687.99,"standard_error":5482.425958529754},"median":{"confidence_interval":{"confidence_level":0.99,"lower_bound":26179411.0,"upper_bound":26195812.0},"point_estimate":26188831.0,"standard_error":2603.619857495054},"median_abs_dev":{"confidence_interval":{"confidence_level":0.99,"lower_bound":21416.156619787216,"upper_bound":45827.16518640518},"point_estimate":32453.37212383747,"standard_error":4832.239928579408},"slope":null,"std_dev":{"confidence_interval":{"confidence_level":0.99,"lower_bound":38415.80750295057,"upper_bound":68745.25026523208},"point_estimate":55156.86883706316,"standard_error":5924.143353971234}}