{"mean":{"confidence_interval":{"confidence_level":0.99,"lower_bound":26697127.84965,"upper_bound":27082795.40235},"point_estimate":26848223.39,"standard_error":76738.50138451236},"median":{"confidence_interval":{"confidence_level":0.99,"lower_bound":26630565.0,"upper_bound":26693965.0},"point_estimate":26651415.0,"standard_error":13199.197588229747},"median_abs_dev":{"confidence_interval":{"confidence_level":0.99,"lower_bound":59763.60493898392,"upper_bound":142331.82137310505},"point_estimate":91914.52666819096,"standard_error":16362.736963924785},"slope":null,"std_dev":{"confidence_interval":{"confidence_level":0.99,"lower_bound":170652.71080619426,"upper_bound":1289973.2049679381},"point_estimate":771339.0955575984,"standard_error":238326.9774812383}}