{"mean":{"confidence_interval":{"confidence_level":0.99,"lower_bound":30704253.95975,"upper_bound":31088029.14965},"point_estimate":30844306.03,"standard_error":77825.85270082297},"median":{"confidence_interval":{"confidence_level":0.99,"lower_bound":30648295.0,"upper_bound":30749647.0},"point_estimate":30695420.5,"standard_error":23424.5253969556},"median_abs_dev":{"confidence_interval":{"confidence_level":0.99,"lower_bound":102337.94207663834,"upper_bound":197239.20716330412},"point_estimate":131166.3609713316,"standard_error":16342.782146271828},"slope":null,"std_dev":{"confidence_interval":{"confidence_level":0.99,"lower_bound":156009.3203527437,"upper_bound":1387005.7196585406},"point_estimate":780743.981972653,"standard_error":292246.5261797644}}