{"mean":{"confidence_interval":{"confidence_level":0.99,"lower_bound":163718171.18875,"upper_bound":164048851.95174998},"point_estimate":163853801.4,"standard_error":63533.43301781785},"median":{"confidence_interval":{"confidence_level":0.99,"lower_bound":163824445.0,"upper_bound":163989497.0},"point_estimate":163917311.0,"standard_error":29489.17589356965},"median_abs_dev":{"confidence_interval":{"confidence_level":0.99,"lower_bound":142953.03076207638,"upper_bound":337355.4274292441},"point_estimate":216039.2790645361,"standard_error":35030.83326006377},"slope":null,"std_dev":{"confidence_interval":{"confidence_level":0.99,"lower_bound":294506.851408447,"upper_bound":1105704.2888822025},"point_estimate":637391.3095508673,"standard_error":207770.50403275277}}