{"mean":{"confidence_interval":{"confidence_level":0.99,"lower_bound":109871336.42795,"upper_bound":110771727.48889999},"point_estimate":110271369.38,"standard_error":175739.26307184572},"median":{"confidence_interval":{"confidence_level":0.99,"lower_bound":109579941.0,"upper_bound":110081871.0},"point_estimate":109860020.0,"standard_error":110910.06173751788},"median_abs_dev":{"confidence_interval":{"confidence_level":0.99,"lower_bound":545848.8323092461,"upper_bound":1082171.9783201083},"point_estimate":841123.4430670738,"standard_error":104370.17693677057},"slope":null,"std_dev":{"confidence_interval":{"confidence_level":0.99,"lower_bound":900476.9780197298,"upper_bound":2453033.1811266607},"point_estimate":1766954.4677821465,"standard_error":301393.17423629964}}