{"mean":{"confidence_interval":{"confidence_level":0.99,"lower_bound":26194615.4535,"upper_bound":26236619.76715},"point_estimate":26215380.09,"standard_error":8127.927425892766},"median":{"confidence_interval":{"confidence_level":0.99,"lower_bound":26170908.5,"upper_bound":26240054.0},"point_estimate":26200453.5,"standard_error":12221.789091882783},"median_abs_dev":{"confidence_interval":{"confidence_level":0.99,"lower_bound":65057.85083699227,"upper_bound":123003.94758774345},"point_estimate":97081.38757646084,"standard_error":12151.39003415311},"slope":null,"std_dev":{"confidence_interval":{"confidence_level":0.99,"lower_bound":69815.85530891476,"upper_bound":92054.26176138205},"point_estimate":81505.46369441944,"standard_error":4293.050246197161}}