{"mean":{"confidence_interval":{"confidence_level":0.99,"lower_bound":169973447.93469998,"upper_bound":170459912.93649998},"point_estimate":170223715.45,"standard_error":94215.24827955774},"median":{"confidence_interval":{"confidence_level":0.99,"lower_bound":169987417.0,"upper_bound":170573131.0},"point_estimate":170334739.5,"standard_error":104792.67567479466},"median_abs_dev":{"confidence_interval":{"confidence_level":0.99,"lower_bound":577877.4395406246,"upper_bound":1057532.6308250427},"point_estimate":841722.41345644,"standard_error":90465.8239864206},"slope":null,"std_dev":{"confidence_interval":{"confidence_level":0.99,"lower_bound":713145.3989293933,"upper_bound":1188633.0501493372},"point_estimate":944145.0669775315,"standard_error":93796.64981062886}}