{"mean":{"confidence_interval":{"confidence_level":0.99,"lower_bound":117214618.92785001,"upper_bound":117699461.82715},"point_estimate":117443790.77,"standard_error":94180.94097853488},"median":{"confidence_interval":{"confidence_level":0.99,"lower_bound":117121985.0,"upper_bound":117365496.0},"point_estimate":117226298.0,"standard_error":44670.21784944674},"median_abs_dev":{"confidence_interval":{"confidence_level":0.99,"lower_bound":235591.06621742249,"upper_bound":638068.2816075238},"point_estimate":399118.13681423664,"standard_error":78197.41306591869},"slope":null,"std_dev":{"confidence_interval":{"confidence_level":0.99,"lower_bound":689354.8896877207,"upper_bound":1150501.5647407277},"point_estimate":946486.5848745521,"standard_error":89505.2552221171}}