{"mean":{"confidence_interval":{"confidence_level":0.99,"lower_bound":132176225.5898,"upper_bound":132356586.20485},"point_estimate":132264663.26,"standard_error":34984.441609723086},"median":{"confidence_interval":{"confidence_level":0.99,"lower_bound":132141083.0,"upper_bound":132332474.0},"point_estimate":132212608.0,"standard_error":36851.82646027902},"median_abs_dev":{"confidence_interval":{"confidence_level":0.99,"lower_bound":205919.45935919884,"upper_bound":418377.2995038183},"point_estimate":322535.176473856,"standard_error":38168.08740802303},"slope":null,"std_dev":{"confidence_interval":{"confidence_level":0.99,"lower_bound":278971.0250946096,"upper_bound":417615.4163814844},"point_estimate":351435.9456376003,"standard_error":26891.390916015782}}