{"mean":{"confidence_interval":{"confidence_level":0.99,"lower_bound":27389282.28,"upper_bound":27448984.13465},"point_estimate":27415200.08,"standard_error":11638.2727436557},"median":{"confidence_interval":{"confidence_level":0.99,"lower_bound":27367656.5,"upper_bound":27409792.0},"point_estimate":27385547.0,"standard_error":8174.3220101310435},"median_abs_dev":{"confidence_interval":{"confidence_level":0.99,"lower_bound":43862.72022128105,"upper_bound":90312.57739663124},"point_estimate":62113.52589726448,"standard_error":8725.935262531675},"slope":null,"std_dev":{"confidence_interval":{"confidence_level":0.99,"lower_bound":61233.10325768682,"upper_bound":181626.59951976148},"point_estimate":116792.01225330164,"standard_error":26608.655326235734}}