{"mean":{"confidence_interval":{"confidence_level":0.99,"lower_bound":117411195.01145001,"upper_bound":117772607.0},"point_estimate":117587329.43,"standard_error":70209.09548955309},"median":{"confidence_interval":{"confidence_level":0.99,"lower_bound":117304482.0,"upper_bound":117773317.5},"point_estimate":117580733.0,"standard_error":85770.45188621731},"median_abs_dev":{"confidence_interval":{"confidence_level":0.99,"lower_bound":463742.4457669258,"upper_bound":830624.4113534689},"point_estimate":622970.7177400589,"standard_error":70939.87096233843},"slope":null,"std_dev":{"confidence_interval":{"confidence_level":0.99,"lower_bound":539067.1080726446,"upper_bound":866365.6628647612},"point_estimate":703918.1195967693,"standard_error":64867.29995151826}}