{"mean":{"confidence_interval":{"confidence_level":0.99,"lower_bound":27724047.2327,"upper_bound":28331287.0333},"point_estimate":27965671.16,"standard_error":120913.27337549986},"median":{"confidence_interval":{"confidence_level":0.99,"lower_bound":27673187.0,"upper_bound":27700228.0},"point_estimate":27684532.5,"standard_error":4440.64712962665},"median_abs_dev":{"confidence_interval":{"confidence_level":0.99,"lower_bound":32239.877727627754,"upper_bound":71854.94902431965},"point_estimate":53248.31935465336,"standard_error":7348.292519693941},"slope":null,"std_dev":{"confidence_interval":{"confidence_level":0.99,"lower_bound":157689.71647904732,"upper_bound":2041056.0790068149},"point_estimate":1213383.0140656766,"standard_error":368729.7268023487}}