{"mean":{"confidence_interval":{"confidence_level":0.99,"lower_bound":39129130.32395,"upper_bound":40528754.62},"point_estimate":39693501.08,"standard_error":278493.3189962224},"median":{"confidence_interval":{"confidence_level":0.99,"lower_bound":38977407.0,"upper_bound":39051008.0},"point_estimate":38998747.5,"standard_error":10812.4720850365},"median_abs_dev":{"confidence_interval":{"confidence_level":0.99,"lower_bound":66851.17411315441,"upper_bound":158298.79298463475},"point_estimate":104686.38414144516,"standard_error":19082.29975323367},"slope":null,"std_dev":{"confidence_interval":{"confidence_level":0.99,"lower_bound":540816.850563923,"upper_bound":4379906.312439313},"point_estimate":2799476.509517127,"standard_error":786510.8644472254}}