{"mean":{"confidence_interval":{"confidence_level":0.99,"lower_bound":115398657.6845,"upper_bound":115797662.2482},"point_estimate":115592803.49,"standard_error":78003.00772479385},"median":{"confidence_interval":{"confidence_level":0.99,"lower_bound":115413441.0,"upper_bound":115728005.5},"point_estimate":115571743.0,"standard_error":67380.61924435594},"median_abs_dev":{"confidence_interval":{"confidence_level":0.99,"lower_bound":420133.99144113064,"upper_bound":871958.5573196411},"point_estimate":600490.0543391705,"standard_error":84504.94600021325},"slope":null,"std_dev":{"confidence_interval":{"confidence_level":0.99,"lower_bound":603112.6813577436,"upper_bound":958227.3924054105},"point_estimate":785910.5078165804,"standard_error":69566.9458067809}}