{"mean":{"confidence_interval":{"confidence_level":0.99,"lower_bound":1776431703.47,"upper_bound":1777042909.54},"point_estimate":1776717160.51,"standard_error":118013.01721967377},"median":{"confidence_interval":{"confidence_level":0.99,"lower_bound":1776261490.0,"upper_bound":1776784954.5},"point_estimate":1776514990.5,"standard_error":74464.14002220963},"median_abs_dev":{"confidence_interval":{"confidence_level":0.99,"lower_bound":542776.1438637972,"upper_bound":1069552.068811655},"point_estimate":763977.0947366953,"standard_error":94547.97265039738},"slope":null,"std_dev":{"confidence_interval":{"confidence_level":0.99,"lower_bound":827329.2058187489,"upper_bound":1602775.623032202},"point_estimate":1186572.4451701555,"standard_error":157407.90724259967}}