{"mean":{"confidence_interval":{"confidence_level":0.99,"lower_bound":26275579.49745,"upper_bound":26297216.44},"point_estimate":26285460.48,"standard_error":4209.263568841244},"median":{"confidence_interval":{"confidence_level":0.99,"lower_bound":26269333.0,"upper_bound":26288638.0},"point_estimate":26280788.0,"standard_error":3136.244781083916},"median_abs_dev":{"confidence_interval":{"confidence_level":0.99,"lower_bound":19666.68865084648,"upper_bound":37577.237632870674},"point_estimate":26628.236827254295,"standard_error":3528.235106825476},"slope":null,"std_dev":{"confidence_interval":{"confidence_level":0.99,"lower_bound":24994.57514860738,"upper_bound":58836.907081753416},"point_estimate":42510.66246771556,"standard_error":6786.433422002863}}