{"mean":{"confidence_interval":{"confidence_level":0.99,"lower_bound":429671542.4435,"upper_bound":429795667.23905003},"point_estimate":429732897.79,"standard_error":24208.908211898444},"median":{"confidence_interval":{"confidence_level":0.99,"lower_bound":429638886.0,"upper_bound":429786326.0},"point_estimate":429709325.0,"standard_error":26796.574656625216},"median_abs_dev":{"confidence_interval":{"confidence_level":0.99,"lower_bound":160827.25604474545,"upper_bound":333597.59617745876},"point_estimate":252928.5903096199,"standard_error":34627.06265861489},"slope":null,"std_dev":{"confidence_interval":{"confidence_level":0.99,"lower_bound":199203.7288643509,"upper_bound":281476.23609443515},"point_estimate":241877.15704971066,"standard_error":16204.82156265671}}