{"mean":{"confidence_interval":{"confidence_level":0.99,"lower_bound":105412548.02605,"upper_bound":106513660.90885},"point_estimate":105930810.42,"standard_error":213267.4157001304},"median":{"confidence_interval":{"confidence_level":0.99,"lower_bound":105240633.0,"upper_bound":106026290.0},"point_estimate":105530192.5,"standard_error":183143.12651646393},"median_abs_dev":{"confidence_interval":{"confidence_level":0.99,"lower_bound":938483.6372750852,"upper_bound":1852713.2659077644},"point_estimate":1366256.6472440958,"standard_error":187186.33035957566},"slope":null,"std_dev":{"confidence_interval":{"confidence_level":0.99,"lower_bound":1436021.8269014622,"upper_bound":2773004.868733697},"point_estimate":2153747.965826292,"standard_error":261804.4327683956}}