{"mean":{"confidence_interval":{"confidence_level":0.99,"lower_bound":44428176.461100005,"upper_bound":45729116.76},"point_estimate":44981256.56,"standard_error":258479.2971264263},"median":{"confidence_interval":{"confidence_level":0.99,"lower_bound":44297230.0,"upper_bound":44570652.0},"point_estimate":44397971.5,"standard_error":46312.37545591066},"median_abs_dev":{"confidence_interval":{"confidence_level":0.99,"lower_bound":308938.9934152365,"upper_bound":537408.5463320912},"point_estimate":430713.0835533142,"standard_error":44976.746970869935},"slope":null,"std_dev":{"confidence_interval":{"confidence_level":0.99,"lower_bound":425081.1200076335,"upper_bound":3773945.934788152},"point_estimate":2602829.1243636566,"standard_error":557385.3258693276}}