{"mean":{"confidence_interval":{"confidence_level":0.99,"lower_bound":43454404.4102,"upper_bound":43584666.56395},"point_estimate":43515164.16,"standard_error":25237.83525774497},"median":{"confidence_interval":{"confidence_level":0.99,"lower_bound":43449009.0,"upper_bound":43531015.5},"point_estimate":43488544.5,"standard_error":17665.39569400141},"median_abs_dev":{"confidence_interval":{"confidence_level":0.99,"lower_bound":92107.26466476917,"upper_bound":219523.38900268078},"point_estimate":136341.3761794567,"standard_error":22237.33554451318},"slope":null,"std_dev":{"confidence_interval":{"confidence_level":0.99,"lower_bound":168431.2347700489,"upper_bound":345153.69197255967},"point_estimate":253354.74462993463,"standard_error":35804.45481561016}}