{"mean":{"confidence_interval":{"confidence_level":0.99,"lower_bound":26611000.675699998,"upper_bound":26831465.591399997},"point_estimate":26689132.81,"standard_error":44846.82257309121},"median":{"confidence_interval":{"confidence_level":0.99,"lower_bound":26595724.0,"upper_bound":26631474.0},"point_estimate":26618584.0,"standard_error":7106.030952623769},"median_abs_dev":{"confidence_interval":{"confidence_level":0.99,"lower_bound":35330.35737276077,"upper_bound":63574.62817132473},"point_estimate":48733.061134815216,"standard_error":6268.3737609958425},"slope":null,"std_dev":{"confidence_interval":{"confidence_level":0.99,"lower_bound":46092.682399145655,"upper_bound":808913.2454356796},"point_estimate":448832.6970942321,"standard_error":172744.3367455712}}