{"mean":{"confidence_interval":{"confidence_level":0.99,"lower_bound":434792742.2414,"upper_bound":434914743.5975},"point_estimate":434842559.96,"standard_error":23623.041690356426},"median":{"confidence_interval":{"confidence_level":0.99,"lower_bound":434776341.5,"upper_bound":434836554.0},"point_estimate":434808302.0,"standard_error":13836.905701018744},"median_abs_dev":{"confidence_interval":{"confidence_level":0.99,"lower_bound":56504.09777735174,"upper_bound":102341.65228307247},"point_estimate":73174.4630008936,"standard_error":9368.356866266573},"slope":null,"std_dev":{"confidence_interval":{"confidence_level":0.99,"lower_bound":93522.46659644597,"upper_bound":413613.94252011843},"point_estimate":236783.64479324617,"standard_error":78417.76576283725}}