{"mean":{"confidence_interval":{"confidence_level":0.99,"lower_bound":618640689.67225,"upper_bound":619183334.26},"point_estimate":618909211.51,"standard_error":106155.93113308356},"median":{"confidence_interval":{"confidence_level":0.99,"lower_bound":618503473.0,"upper_bound":619187943.0},"point_estimate":618924884.5,"standard_error":132002.858892054},"median_abs_dev":{"confidence_interval":{"confidence_level":0.99,"lower_bound":680600.1200169325,"upper_bound":1288520.2241241932},"point_estimate":950606.779423356,"standard_error":120538.39330371036},"slope":null,"std_dev":{"confidence_interval":{"confidence_level":0.99,"lower_bound":866438.2244311023,"upper_bound":1262399.2148727488},"point_estimate":1073241.81955404,"standard_error":76799.12518742432}}