{"mean":{"confidence_interval":{"confidence_level":0.99,"lower_bound":105437895.44669999,"upper_bound":106146023.9884},"point_estimate":105780031.24,"standard_error":137650.37403535936},"median":{"confidence_interval":{"confidence_level":0.99,"lower_bound":105531567.0,"upper_bound":106067000.0},"point_estimate":105924221.5,"standard_error":93854.72057618613},"median_abs_dev":{"confidence_interval":{"confidence_level":0.99,"lower_bound":446184.7555786371,"upper_bound":1208437.5865459442},"point_estimate":765060.1340174675,"standard_error":155384.60207186893},"slope":null,"std_dev":{"confidence_interval":{"confidence_level":0.99,"lower_bound":963675.07115457,"upper_bound":1761228.451681847},"point_estimate":1385517.0384366573,"standard_error":155976.42369863973}}