{"mean":{"confidence_interval":{"confidence_level":0.99,"lower_bound":127071465.3043,"upper_bound":127415165.73300001},"point_estimate":127237272.1,"standard_error":66515.25132848503},"median":{"confidence_interval":{"confidence_level":0.99,"lower_bound":126997437.8525,"upper_bound":127191550.0},"point_estimate":127093278.0,"standard_error":34370.624975155384},"median_abs_dev":{"confidence_interval":{"confidence_level":0.99,"lower_bound":224160.22042036057,"upper_bound":567836.5312188864},"point_estimate":384923.72466623783,"standard_error":64954.910566987994},"slope":null,"std_dev":{"confidence_interval":{"confidence_level":0.99,"lower_bound":529508.2479104799,"upper_bound":782525.7660045355},"point_estimate":669197.4469757174,"standard_error":48999.14758678305}}