{"mean":{"confidence_interval":{"confidence_level":0.99,"lower_bound":129393858.8101,"upper_bound":129775963.85945},"point_estimate":129580224.22,"standard_error":74192.78842692434},"median":{"confidence_interval":{"confidence_level":0.99,"lower_bound":129253948.0,"upper_bound":129667207.5},"point_estimate":129462323.5,"standard_error":82319.16049449808},"median_abs_dev":{"confidence_interval":{"confidence_level":0.99,"lower_bound":407260.57586967945,"upper_bound":900512.1651897135},"point_estimate":578423.7776309252,"standard_error":90514.62904766982},"slope":null,"std_dev":{"confidence_interval":{"confidence_level":0.99,"lower_bound":607059.2216581063,"upper_bound":863385.8988158331},"point_estimate":745064.0229503645,"standard_error":49719.1612881654}}