{"mean":{"confidence_interval":{"confidence_level":0.99,"lower_bound":775235956.77315,"upper_bound":775322852.8941},"point_estimate":775278632.1,"standard_error":16889.364284875737},"median":{"confidence_interval":{"confidence_level":0.99,"lower_bound":775207480.0,"upper_bound":775318485.665},"point_estimate":775250822.5,"standard_error":17719.14247214294},"median_abs_dev":{"confidence_interval":{"confidence_level":0.99,"lower_bound":121158.60358500482,"upper_bound":218092.79492957902},"point_estimate":167384.054428339,"standard_error":19535.583754341762},"slope":null,"std_dev":{"confidence_interval":{"confidence_level":0.99,"lower_bound":138385.8274771317,"upper_bound":197560.72496937786},"point_estimate":169768.40084272742,"standard_error":11509.761754542707}}