{"mean":{"confidence_interval":{"confidence_level":0.99,"lower_bound":305587265.58485,"upper_bound":305988028.46355003},"point_estimate":305787443.49,"standard_error":77816.98500279667},"median":{"confidence_interval":{"confidence_level":0.99,"lower_bound":305439382.0,"upper_bound":306038420.0},"point_estimate":305790575.0,"standard_error":126239.32646255096},"median_abs_dev":{"confidence_interval":{"confidence_level":0.99,"lower_bound":639572.2606728226,"upper_bound":1168452.6065558195},"point_estimate":966226.7114460468,"standard_error":105074.99022154431},"slope":null,"std_dev":{"confidence_interval":{"confidence_level":0.99,"lower_bound":665237.234400957,"upper_bound":882352.8722531474},"point_estimate":779671.8463480048,"standard_error":42297.4683941018}}