{"mean":{"confidence_interval":{"confidence_level":0.99,"lower_bound":26315021.8085,"upper_bound":26506626.0635},"point_estimate":26385225.52,"standard_error":39041.88509059941},"median":{"confidence_interval":{"confidence_level":0.99,"lower_bound":26304404.0,"upper_bound":26323665.0},"point_estimate":26314359.5,"standard_error":3608.825578764421},"median_abs_dev":{"confidence_interval":{"confidence_level":0.99,"lower_bound":21497.69961833954,"upper_bound":58562.69896030426},"point_estimate":35027.1656781435,"standard_error":7044.5983717971985},"slope":null,"std_dev":{"confidence_interval":{"confidence_level":0.99,"lower_bound":43174.775960010156,"upper_bound":692357.100070072},"point_estimate":392284.37100895116,"standard_error":143300.13089381228}}