{"mean":{"confidence_interval":{"confidence_level":0.99,"lower_bound":26202714.47915,"upper_bound":26234654.38},"point_estimate":26217251.24,"standard_error":6158.304258273618},"median":{"confidence_interval":{"confidence_level":0.99,"lower_bound":26192062.0,"upper_bound":26221302.0},"point_estimate":26204802.5,"standard_error":5067.965170161518},"median_abs_dev":{"confidence_interval":{"confidence_level":0.99,"lower_bound":27391.77581369877,"upper_bound":51920.65107822418},"point_estimate":38637.296614050865,"standard_error":4635.266836982388},"slope":null,"std_dev":{"confidence_interval":{"confidence_level":0.99,"lower_bound":38913.10813459717,"upper_bound":83067.68405954051},"point_estimate":61548.9080665469,"standard_error":8791.815066405989}}