{"mean":{"confidence_interval":{"confidence_level":0.99,"lower_bound":26701489.86605,"upper_bound":26832879.72885},"point_estimate":26751682.11,"standard_error":25953.027571523256},"median":{"confidence_interval":{"confidence_level":0.99,"lower_bound":26649805.0,"upper_bound":26743586.0},"point_estimate":26678280.5,"standard_error":13021.180928914522},"median_abs_dev":{"confidence_interval":{"confidence_level":0.99,"lower_bound":56131.976303458214,"upper_bound":168871.10220193863},"point_estimate":107066.69839918613,"standard_error":21139.923500793455},"slope":null,"std_dev":{"confidence_interval":{"confidence_level":0.99,"lower_bound":109644.91470576875,"upper_bound":465867.3076035175},"point_estimate":260684.70397095053,"standard_error":96855.25311827866}}