{"mean":{"confidence_interval":{"confidence_level":0.99,"lower_bound":27160453.4327,"upper_bound":27556853.08325},"point_estimate":27274665.5,"standard_error":87444.99395475206},"median":{"confidence_interval":{"confidence_level":0.99,"lower_bound":27145484.0,"upper_bound":27174424.0},"point_estimate":27159589.0,"standard_error":6362.746341629702},"median_abs_dev":{"confidence_interval":{"confidence_level":0.99,"lower_bound":29014.481484889984,"upper_bound":58369.960963726044},"point_estimate":40586.17427945137,"standard_error":5611.824526368041},"slope":null,"std_dev":{"confidence_interval":{"confidence_level":0.99,"lower_bound":48976.64823344437,"upper_bound":1710370.5132417895},"point_estimate":878019.0993690849,"standard_error":480510.1132449633}}