{"mean":{"confidence_interval":{"confidence_level":0.99,"lower_bound":27061414.2771,"upper_bound":27503153.18105},"point_estimate":27231203.36,"standard_error":88713.39855669216},"median":{"confidence_interval":{"confidence_level":0.99,"lower_bound":27038468.0,"upper_bound":27063667.0},"point_estimate":27051442.0,"standard_error":4860.82365892876},"median_abs_dev":{"confidence_interval":{"confidence_level":0.99,"lower_bound":31334.750443696976,"upper_bound":76948.42494039237},"point_estimate":46851.64176821709,"standard_error":8901.688977984464},"slope":null,"std_dev":{"confidence_interval":{"confidence_level":0.99,"lower_bound":86674.26654914783,"upper_bound":1514973.1461049803},"point_estimate":892503.2686423413,"standard_error":290022.4066299403}}