{"mean":{"confidence_interval":{"confidence_level":0.99,"lower_bound":437539969.72499996,"upper_bound":438599971.2133},"point_estimate":438055848.42,"standard_error":205094.69996722828},"median":{"confidence_interval":{"confidence_level":0.99,"lower_bound":437051591.0,"upper_bound":438426259.0},"point_estimate":437946024.5,"standard_error":231578.2027351217},"median_abs_dev":{"confidence_interval":{"confidence_level":0.99,"lower_bound":1474488.6692225933,"upper_bound":2694465.331363678},"point_estimate":1948733.1119030714,"standard_error":223321.11993590218},"slope":null,"std_dev":{"confidence_interval":{"confidence_level":0.99,"lower_bound":1591595.7242863204,"upper_bound":2568281.7884321064},"point_estimate":2059704.4330232188,"standard_error":195994.84226832836}}