{"mean":{"confidence_interval":{"confidence_level":0.99,"lower_bound":775256576.4632,"upper_bound":775503444.62935},"point_estimate":775378463.36,"standard_error":47565.842760776955},"median":{"confidence_interval":{"confidence_level":0.99,"lower_bound":775173551.0,"upper_bound":775496648.0},"point_estimate":775347446.5,"standard_error":50601.194237990174},"median_abs_dev":{"confidence_interval":{"confidence_level":0.99,"lower_bound":329479.3448720724,"upper_bound":610810.3215609504},"point_estimate":425532.1379452944,"standard_error":56854.18235600787},"slope":null,"std_dev":{"confidence_interval":{"confidence_level":0.99,"lower_bound":386331.0255460279,"upper_bound":574375.7190232564},"point_estimate":479783.16844847216,"standard_error":36867.394953980416}}