{"mean":{"confidence_interval":{"confidence_level":0.99,"lower_bound":32591328.8042,"upper_bound":33330373.810650002},"point_estimate":32925022.27,"standard_error":144947.2384895239},"median":{"confidence_interval":{"confidence_level":0.99,"lower_bound":32398772.0,"upper_bound":32517473.0},"point_estimate":32457373.5,"standard_error":24689.820467852765},"median_abs_dev":{"confidence_interval":{"confidence_level":0.99,"lower_bound":106481.07140958309,"upper_bound":203495.7419872284},"point_estimate":149885.66823899746,"standard_error":17824.919492393004},"slope":null,"std_dev":{"confidence_interval":{"confidence_level":0.99,"lower_bound":771613.8080601901,"upper_bound":1958709.6583184937},"point_estimate":1455211.3803530007,"standard_error":228773.62402093838}}