{"mean":{"confidence_interval":{"confidence_level":0.99,"lower_bound":117571539.18724999,"upper_bound":117990214.1982},"point_estimate":117773104.15,"standard_error":81141.86304653481},"median":{"confidence_interval":{"confidence_level":0.99,"lower_bound":117396994.0,"upper_bound":117836724.0},"point_estimate":117609599.0,"standard_error":75311.25257498861},"median_abs_dev":{"confidence_interval":{"confidence_level":0.99,"lower_bound":411772.86888957024,"upper_bound":819439.1100575478},"point_estimate":560622.9410469532,"standard_error":71555.1237984472},"slope":null,"std_dev":{"confidence_interval":{"confidence_level":0.99,"lower_bound":613134.8701685384,"upper_bound":982451.6364914454},"point_estimate":814210.043262736,"standard_error":72149.27213944988}}