{"mean":{"confidence_interval":{"confidence_level":0.99,"lower_bound":118228159.88065,"upper_bound":119232957.89815},"point_estimate":118763492.12,"standard_error":195643.1179856329},"median":{"confidence_interval":{"confidence_level":0.99,"lower_bound":119117941.5,"upper_bound":119612897.0},"point_estimate":119412997.5,"standard_error":89495.62376231911},"median_abs_dev":{"confidence_interval":{"confidence_level":0.99,"lower_bound":499247.74993658066,"upper_bound":1034059.3667417765},"point_estimate":735114.5797491074,"standard_error":93033.2917658012},"slope":null,"std_dev":{"confidence_interval":{"confidence_level":0.99,"lower_bound":1387322.2073676013,"upper_bound":2436260.3002150776},"point_estimate":1963895.7397505215,"standard_error":203941.13035945146}}