{"mean":{"confidence_interval":{"confidence_level":0.99,"lower_bound":26631450.17955,"upper_bound":26770226.057400003},"point_estimate":26674526.46,"standard_error":29022.077009746445},"median":{"confidence_interval":{"confidence_level":0.99,"lower_bound":26620415.0,"upper_bound":26637505.0},"point_estimate":26628000.0,"standard_error":4125.337378853682},"median_abs_dev":{"confidence_interval":{"confidence_level":0.99,"lower_bound":20429.486337304115,"upper_bound":42128.81955206394},"point_estimate":29630.501773953438,"standard_error":4321.231075950671},"slope":null,"std_dev":{"confidence_interval":{"confidence_level":0.99,"lower_bound":41186.92709844212,"upper_bound":560252.4645075705},"point_estimate":291287.8729419382,"standard_error":147115.683536731}}