{"mean":{"confidence_interval":{"confidence_level":0.99,"lower_bound":115984317.05870001,"upper_bound":117896201.1314},"point_estimate":116686096.98,"standard_error":390117.00764139113},"median":{"confidence_interval":{"confidence_level":0.99,"lower_bound":115722906.0,"upper_bound":115891021.0},"point_estimate":115807316.0,"standard_error":26083.751043408407},"median_abs_dev":{"confidence_interval":{"confidence_level":0.99,"lower_bound":149833.03593993187,"upper_bound":377111.2567674369},"point_estimate":243295.39698064327,"standard_error":39609.007052626315},"slope":null,"std_dev":{"confidence_interval":{"confidence_level":0.99,"lower_bound":648294.3775559943,"upper_bound":6534998.130864579},"point_estimate":3920320.699800744,"standard_error":1397063.6120211142}}