{"mean":{"confidence_interval":{"confidence_level":0.99,"lower_bound":95523606.6732,"upper_bound":97494839.54615},"point_estimate":96443861.92,"standard_error":384484.88130948815},"median":{"confidence_interval":{"confidence_level":0.99,"lower_bound":94435281.0,"upper_bound":95179156.0},"point_estimate":94748215.0,"standard_error":173249.3309626267},"median_abs_dev":{"confidence_interval":{"confidence_level":0.99,"lower_bound":658860.7566028833,"upper_bound":1505681.0900688171},"point_estimate":906225.8905112743,"standard_error":188667.6160762066},"slope":null,"std_dev":{"confidence_interval":{"confidence_level":0.99,"lower_bound":2795901.8583770343,"upper_bound":4650093.886896345},"point_estimate":3866508.4688705,"standard_error":359826.4423736593}}