{"mean":{"confidence_interval":{"confidence_level":0.99,"lower_bound":26513620.573200002,"upper_bound":27082797.672050003},"point_estimate":26782600.83,"standard_error":111039.56256030693},"median":{"confidence_interval":{"confidence_level":0.99,"lower_bound":26259331.0,"upper_bound":26310472.0},"point_estimate":26283557.0,"standard_error":10391.906457927682},"median_abs_dev":{"confidence_interval":{"confidence_level":0.99,"lower_bound":57814.72727358341,"upper_bound":152938.60474629723},"point_estimate":102581.8334788084,"standard_error":18586.125780238697},"slope":null,"std_dev":{"confidence_interval":{"confidence_level":0.99,"lower_bound":784461.9592706887,"upper_bound":1361372.626524522},"point_estimate":1115485.775703505,"standard_error":111045.53322714592}}