{"mean":{"confidence_interval":{"confidence_level":0.99,"lower_bound":28862034.585500002,"upper_bound":29390813.930200003},"point_estimate":29045042.56,"standard_error":107560.82355431518},"median":{"confidence_interval":{"confidence_level":0.99,"lower_bound":28802968.0,"upper_bound":28858688.0},"point_estimate":28831313.0,"standard_error":11493.861533863921},"median_abs_dev":{"confidence_interval":{"confidence_level":0.99,"lower_bound":54204.59633767605,"upper_bound":118431.56849741936},"point_estimate":83353.25312018394,"standard_error":11736.669960207635},"slope":null,"std_dev":{"confidence_interval":{"confidence_level":0.99,"lower_bound":150705.33225848028,"upper_bound":2015472.3797481828},"point_estimate":1085528.142030788,"standard_error":466454.01639991463}}