{"mean":{"confidence_interval":{"confidence_level":0.99,"lower_bound":127013383.50355001,"upper_bound":127411587.12234999},"point_estimate":127204266.69,"standard_error":77603.86662965071},"median":{"confidence_interval":{"confidence_level":0.99,"lower_bound":126814592.0,"upper_bound":127020868.0},"point_estimate":126913090.0,"standard_error":35926.26497119524},"median_abs_dev":{"confidence_interval":{"confidence_level":0.99,"lower_bound":214462.31901553276,"upper_bound":578880.2330978219},"point_estimate":338605.0775885582,"standard_error":63824.27526479283},"slope":null,"std_dev":{"confidence_interval":{"confidence_level":0.99,"lower_bound":629851.4330499354,"upper_bound":898812.4480535452},"point_estimate":783863.1745840878,"standard_error":52055.53817577813}}