{"mean":{"confidence_interval":{"confidence_level":0.99,"lower_bound":106943351.8799,"upper_bound":107847764.09545},"point_estimate":107427076.52,"standard_error":176260.89721792782},"median":{"confidence_interval":{"confidence_level":0.99,"lower_bound":107146687.0,"upper_bound":107980525.5},"point_estimate":107751103.5,"standard_error":166085.0430279214},"median_abs_dev":{"confidence_interval":{"confidence_level":0.99,"lower_bound":855790.2449251863,"upper_bound":1507669.7570110117},"point_estimate":1180515.7812416553,"standard_error":117873.77519121996},"slope":null,"std_dev":{"confidence_interval":{"confidence_level":0.99,"lower_bound":1123315.5130359146,"upper_bound":2368025.8118258063},"point_estimate":1774335.9163423693,"standard_error":246922.16406636723}}