{"mean":{"confidence_interval":{"confidence_level":0.99,"lower_bound":26760315.69,"upper_bound":27086678.1},"point_estimate":26879507.5,"standard_error":66591.56770839733},"median":{"confidence_interval":{"confidence_level":0.99,"lower_bound":26740937.0,"upper_bound":26767267.0},"point_estimate":26752327.0,"standard_error":4965.231927586653},"median_abs_dev":{"confidence_interval":{"confidence_level":0.99,"lower_bound":26130.79488408566,"upper_bound":51639.038626223875},"point_estimate":35693.59436631203,"standard_error":4574.6937294906675},"slope":null,"std_dev":{"confidence_interval":{"confidence_level":0.99,"lower_bound":57600.33383531379,"upper_bound":1115091.991795972},"point_estimate":664340.0379640008,"standard_error":233353.37720149866}}