{"mean":{"confidence_interval":{"confidence_level":0.99,"lower_bound":104411143.15095,"upper_bound":106113431.44675},"point_estimate":105163549.11,"standard_error":333346.5601845757},"median":{"confidence_interval":{"confidence_level":0.99,"lower_bound":104005398.0,"upper_bound":104785496.0},"point_estimate":104525550.5,"standard_error":136098.02432560278},"median_abs_dev":{"confidence_interval":{"confidence_level":0.99,"lower_bound":788984.108492732,"upper_bound":1400499.5175361633},"point_estimate":1091094.9877291918,"standard_error":120941.55451927203},"slope":null,"std_dev":{"confidence_interval":{"confidence_level":0.99,"lower_bound":1360343.2657461935,"upper_bound":4705183.980049824},"point_estimate":3357879.945457213,"standard_error":619032.3975882711}}