{"mean":{"confidence_interval":{"confidence_level":0.99,"lower_bound":26362290.30695,"upper_bound":26444922.34},"point_estimate":26392939.11,"standard_error":16897.852644334456},"median":{"confidence_interval":{"confidence_level":0.99,"lower_bound":26354424.0,"upper_bound":26377248.5},"point_estimate":26364569.0,"standard_error":4614.010280496334},"median_abs_dev":{"confidence_interval":{"confidence_level":0.99,"lower_bound":27427.35450656712,"upper_bound":50091.15606920424},"point_estimate":37755.149629712105,"standard_error":4384.13980382158},"slope":null,"std_dev":{"confidence_interval":{"confidence_level":0.99,"lower_bound":34573.34669794908,"upper_bound":289023.8947488238},"point_estimate":169249.15828648824,"standard_error":60037.91334678262}}