{"mean":{"confidence_interval":{"confidence_level":0.99,"lower_bound":26263626.16235,"upper_bound":26568593.24845},"point_estimate":26369767.77,"standard_error":61616.23616198247},"median":{"confidence_interval":{"confidence_level":0.99,"lower_bound":26217523.0,"upper_bound":26243813.0},"point_estimate":26229208.0,"standard_error":5400.377048166768},"median_abs_dev":{"confidence_interval":{"confidence_level":0.99,"lower_bound":30007.82346725464,"upper_bound":72240.42501747608},"point_estimate":42550.6192445755,"standard_error":8244.24038372105},"slope":null,"std_dev":{"confidence_interval":{"confidence_level":0.99,"lower_bound":154597.09843760708,"upper_bound":1145896.5073083155},"point_estimate":617896.0470617224,"standard_error":266200.6993211532}}