{"mean":{"confidence_interval":{"confidence_level":0.99,"lower_bound":26280618.81,"upper_bound":26625835.61795},"point_estimate":26412610.74,"standard_error":69928.61158591507},"median":{"confidence_interval":{"confidence_level":0.99,"lower_bound":26231603.0,"upper_bound":26256583.0},"point_estimate":26240473.0,"standard_error":5269.697881738539},"median_abs_dev":{"confidence_interval":{"confidence_level":0.99,"lower_bound":24745.334860682487,"upper_bound":64361.254945859415},"point_estimate":38599.49031472206,"standard_error":7223.946333390681},"slope":null,"std_dev":{"confidence_interval":{"confidence_level":0.99,"lower_bound":142932.23652289293,"upper_bound":1237047.673915042},"point_estimate":702382.1849137796,"standard_error":244731.6832189174}}