{"mean":{"confidence_interval":{"confidence_level":0.99,"lower_bound":111980157.58745,"upper_bound":119393019.45700002},"point_estimate":115316042.7,"standard_error":1453082.9945823755},"median":{"confidence_interval":{"confidence_level":0.99,"lower_bound":109633761.0,"upper_bound":109846053.0},"point_estimate":109704964.0,"standard_error":44532.5236725135},"median_abs_dev":{"confidence_interval":{"confidence_level":0.99,"lower_bound":151446.846011281,"upper_bound":537621.8850553036},"point_estimate":257358.59903097153,"standard_error":76673.45573905559},"slope":null,"std_dev":{"confidence_interval":{"confidence_level":0.99,"lower_bound":7995185.969314271,"upper_bound":19416004.07962105},"point_estimate":14610759.04230974,"standard_error":2196217.5466838307}}