{"mean":{"confidence_interval":{"confidence_level":0.99,"lower_bound":27075531.05065,"upper_bound":27253866.26715},"point_estimate":27165949.91,"standard_error":34474.73816509965},"median":{"confidence_interval":{"confidence_level":0.99,"lower_bound":27034255.0,"upper_bound":27331698.0},"point_estimate":27217297.0,"standard_error":43476.07498402971},"median_abs_dev":{"confidence_interval":{"confidence_level":0.99,"lower_bound":266329.0701717138,"upper_bound":481404.65925335884},"point_estimate":357064.9298608303,"standard_error":36609.61753399316},"slope":null,"std_dev":{"confidence_interval":{"confidence_level":0.99,"lower_bound":290524.67433891,"upper_bound":395188.35646250163},"point_estimate":345924.35189214704,"standard_error":20450.17901775283}}