{"mean":{"confidence_interval":{"confidence_level":0.99,"lower_bound":79432615.75015,"upper_bound":82870074.7877},"point_estimate":80913434.03,"standard_error":677170.4183051734},"median":{"confidence_interval":{"confidence_level":0.99,"lower_bound":78671948.5,"upper_bound":78887191.0},"point_estimate":78722664.5,"standard_error":34040.15565426043},"median_abs_dev":{"confidence_interval":{"confidence_level":0.99,"lower_bound":97215.56287407875,"upper_bound":411038.98190259933},"point_estimate":182628.14735770226,"standard_error":52359.477736308276},"slope":null,"std_dev":{"confidence_interval":{"confidence_level":0.99,"lower_bound":2953392.8178761536,"upper_bound":9549630.291902654},"point_estimate":6786334.045206399,"standard_error":1289260.6448767725}}