{"mean":{"confidence_interval":{"confidence_level":0.99,"lower_bound":27159551.009000003,"upper_bound":27185702.279149998},"point_estimate":27171180.21,"standard_error":5070.473357007047},"median":{"confidence_interval":{"confidence_level":0.99,"lower_bound":27148609.0,"upper_bound":27174809.0},"point_estimate":27160709.0,"standard_error":5554.987101143051},"median_abs_dev":{"confidence_interval":{"confidence_level":0.99,"lower_bound":22203.40979281068,"upper_bound":43862.72022128105},"point_estimate":33610.54140329361,"standard_error":4580.7667573612325},"slope":null,"std_dev":{"confidence_interval":{"confidence_level":0.99,"lower_bound":30619.79605289376,"upper_bound":77792.79610807888},"point_estimate":51073.98655689645,"standard_error":10386.547239344716}}