{"mean":{"confidence_interval":{"confidence_level":0.99,"lower_bound":102492124.89665,"upper_bound":104390325.12484999},"point_estimate":103268614.66,"standard_error":372603.6635019409},"median":{"confidence_interval":{"confidence_level":0.99,"lower_bound":102119667.0,"upper_bound":102453196.0},"point_estimate":102257978.5,"standard_error":50591.98232529306},"median_abs_dev":{"confidence_interval":{"confidence_level":0.99,"lower_bound":344758.6087793112,"upper_bound":804881.2867105007},"point_estimate":524345.9435909986,"standard_error":87007.7030452399},"slope":null,"std_dev":{"confidence_interval":{"confidence_level":0.99,"lower_bound":1003315.1960808572,"upper_bound":5823348.91608017},"point_estimate":3753421.680175006,"standard_error":980421.7361394698}}