{"mean":{"confidence_interval":{"confidence_level":0.99,"lower_bound":1032297971.52,"upper_bound":1032694246.88615},"point_estimate":1032498813.45,"standard_error":76810.02131493935},"median":{"confidence_interval":{"confidence_level":0.99,"lower_bound":1032342377.9525,"upper_bound":1032814610.0},"point_estimate":1032595788.5,"standard_error":117948.07599801951},"median_abs_dev":{"confidence_interval":{"confidence_level":0.99,"lower_bound":503273.75016510487,"upper_bound":944482.9372970767},"point_estimate":690244.4328457117,"standard_error":81046.42757220077},"slope":null,"std_dev":{"confidence_interval":{"confidence_level":0.99,"lower_bound":625206.9490746872,"upper_bound":917935.8321799996},"point_estimate":775490.3953581598,"standard_error":56915.86618988801}}