{"mean":{"confidence_interval":{"confidence_level":0.99,"lower_bound":28236754.68,"upper_bound":28800798.01},"point_estimate":28436452.26,"standard_error":114755.19801492374},"median":{"confidence_interval":{"confidence_level":0.99,"lower_bound":28168161.0,"upper_bound":28206301.5},"point_estimate":28178861.5,"standard_error":6988.07069019857},"median_abs_dev":{"confidence_interval":{"confidence_level":0.99,"lower_bound":33181.17674441637,"upper_bound":85865.52248208225},"point_estimate":49237.886425852776,"standard_error":8417.65156984532},"slope":null,"std_dev":{"confidence_interval":{"confidence_level":0.99,"lower_bound":199506.392881188,"upper_bound":2131800.8027843777},"point_estimate":1158272.840555435,"standard_error":483376.517686045}}