{"mean":{"confidence_interval":{"confidence_level":0.99,"lower_bound":111510146.62375,"upper_bound":112333147.65895},"point_estimate":111886377.67,"standard_error":159385.82797511242},"median":{"confidence_interval":{"confidence_level":0.99,"lower_bound":111279676.0,"upper_bound":111899711.0},"point_estimate":111649095.0,"standard_error":142053.26537612986},"median_abs_dev":{"confidence_interval":{"confidence_level":0.99,"lower_bound":666814.1641616821,"upper_bound":1499775.1530736685},"point_estimate":997339.8131936789,"standard_error":162806.92978391764},"slope":null,"std_dev":{"confidence_interval":{"confidence_level":0.99,"lower_bound":973729.1468488754,"upper_bound":2194973.5137853557},"point_estimate":1599612.0545447546,"standard_error":243928.58007089645}}