{"mean":{"confidence_interval":{"confidence_level":0.99,"lower_bound":26194238.45925,"upper_bound":26225614.006249998},"point_estimate":26208861.66,"standard_error":6103.746147905707},"median":{"confidence_interval":{"confidence_level":0.99,"lower_bound":26185622.0,"upper_bound":26210652.0},"point_estimate":26198792.0,"standard_error":4583.223813674168},"median_abs_dev":{"confidence_interval":{"confidence_level":0.99,"lower_bound":30208.715763688087,"upper_bound":60192.81763136387},"point_estimate":43767.09252297878,"standard_error":5421.211131844119},"slope":null,"std_dev":{"confidence_interval":{"confidence_level":0.99,"lower_bound":41071.87325045805,"upper_bound":79522.34434007148},"point_estimate":61346.33040587735,"standard_error":7593.796503004013}}