{"mean":{"confidence_interval":{"confidence_level":0.99,"lower_bound":128856889.0719,"upper_bound":129180251.654},"point_estimate":128995693.02,"standard_error":63314.18252892767},"median":{"confidence_interval":{"confidence_level":0.99,"lower_bound":128830784.0,"upper_bound":129078576.0},"point_estimate":128979034.0,"standard_error":40722.6085065221},"median_abs_dev":{"confidence_interval":{"confidence_level":0.99,"lower_bound":226957.66418069604,"upper_bound":439549.3793964386},"point_estimate":326486.3054037094,"standard_error":39964.329631068504},"slope":null,"std_dev":{"confidence_interval":{"confidence_level":0.99,"lower_bound":298399.0358851744,"upper_bound":999234.7622964705},"point_estimate":637276.3391826977,"standard_error":160041.09638230226}}