{"mean":{"confidence_interval":{"confidence_level":0.99,"lower_bound":44147535.781449996,"upper_bound":45972342.25},"point_estimate":44884031.24,"standard_error":367852.28047391435},"median":{"confidence_interval":{"confidence_level":0.99,"lower_bound":44003514.0,"upper_bound":44071614.0},"point_estimate":44039433.0,"standard_error":12356.30156166963},"median_abs_dev":{"confidence_interval":{"confidence_level":0.99,"lower_bound":67332.75964960459,"upper_bound":144835.9327286482},"point_estimate":100186.69322133064,"standard_error":14869.44083818526},"slope":null,"std_dev":{"confidence_interval":{"confidence_level":0.99,"lower_bound":431923.977454876,"upper_bound":5848641.302369202},"point_estimate":3729144.003870989,"standard_error":1067152.4315084096}}