{"mean":{"confidence_interval":{"confidence_level":0.99,"lower_bound":109216220.8484,"upper_bound":110159549.64635001},"point_estimate":109680964.63,"standard_error":182625.4264627612},"median":{"confidence_interval":{"confidence_level":0.99,"lower_bound":109147970.0,"upper_bound":110181341.0},"point_estimate":109528549.5,"standard_error":190214.35214678253},"median_abs_dev":{"confidence_interval":{"confidence_level":0.99,"lower_bound":1134760.5221539736,"upper_bound":2473917.3731166874},"point_estimate":1882255.552983284,"standard_error":282787.4743625636},"slope":null,"std_dev":{"confidence_interval":{"confidence_level":0.99,"lower_bound":1453186.483488119,"upper_bound":2256994.2088641003},"point_estimate":1840475.7081406733,"standard_error":158354.3137001761}}