{"mean":{"confidence_interval":{"confidence_level":0.99,"lower_bound":29785373.2715,"upper_bound":29829315.17855},"point_estimate":29803235.69,"standard_error":8567.679950029737},"median":{"confidence_interval":{"confidence_level":0.99,"lower_bound":29768873.0,"upper_bound":29799819.0},"point_estimate":29787624.5,"standard_error":6436.414418332168},"median_abs_dev":{"confidence_interval":{"confidence_level":0.99,"lower_bound":26256.84553384781,"upper_bound":56220.19100189209},"point_estimate":40038.35358917713,"standard_error":6297.274245702916},"slope":null,"std_dev":{"confidence_interval":{"confidence_level":0.99,"lower_bound":38662.53871018146,"upper_bound":147397.07473765398},"point_estimate":86447.35338310438,"standard_error":26929.95888398141}}