{"mean":{"confidence_interval":{"confidence_level":0.99,"lower_bound":37278366.28575,"upper_bound":38384597.37525},"point_estimate":37661754.06,"standard_error":245058.02964305636},"median":{"confidence_interval":{"confidence_level":0.99,"lower_bound":37235848.5,"upper_bound":37285744.5},"point_estimate":37263709.5,"standard_error":10010.093553025075},"median_abs_dev":{"confidence_interval":{"confidence_level":0.99,"lower_bound":46946.52816653252,"upper_bound":106770.91970443726},"point_estimate":61587.94420659542,"standard_error":13679.928167260845},"slope":null,"std_dev":{"confidence_interval":{"confidence_level":0.99,"lower_bound":128142.87437678732,"upper_bound":4180333.970623329},"point_estimate":2466981.286571865,"standard_error":1012681.6687733153}}