{"mean":{"confidence_interval":{"confidence_level":0.99,"lower_bound":217633820.25,"upper_bound":217671819.16189998},"point_estimate":217651453.96,"standard_error":7353.19044616615},"median":{"confidence_interval":{"confidence_level":0.99,"lower_bound":217623548.0,"upper_bound":217661548.0},"point_estimate":217643717.5,"standard_error":8047.507105723982},"median_abs_dev":{"confidence_interval":{"confidence_level":0.99,"lower_bound":42320.79030315578,"upper_bound":84054.52290773392},"point_estimate":59362.56164610386,"standard_error":8347.039963557794},"slope":null,"std_dev":{"confidence_interval":{"confidence_level":0.99,"lower_bound":50099.83007853671,"upper_bound":102346.70229427784},"point_estimate":74010.80785365,"standard_error":11064.164061830747}}