{"mean":{"confidence_interval":{"confidence_level":0.99,"lower_bound":93358928.00084999,"upper_bound":95841906.8754},"point_estimate":94418916.37,"standard_error":490922.03827651805},"median":{"confidence_interval":{"confidence_level":0.99,"lower_bound":92973085.0,"upper_bound":93501026.0},"point_estimate":93210585.0,"standard_error":103722.40082390663},"median_abs_dev":{"confidence_interval":{"confidence_level":0.99,"lower_bound":617850.5587309599,"upper_bound":1237996.923521161},"point_estimate":860114.0661299229,"standard_error":114903.82395911419},"slope":null,"std_dev":{"confidence_interval":{"confidence_level":0.99,"lower_bound":1275196.2269099,"upper_bound":7119767.829324661},"point_estimate":4926396.467802989,"standard_error":1032236.7887001032}}