{"mean":{"confidence_interval":{"confidence_level":0.99,"lower_bound":78161054.08075,"upper_bound":78996301.41499999},"point_estimate":78579491.05,"standard_error":162580.911128949},"median":{"confidence_interval":{"confidence_level":0.99,"lower_bound":79346175.0,"upper_bound":79515033.5},"point_estimate":79455987.0,"standard_error":43727.088448898336},"median_abs_dev":{"confidence_interval":{"confidence_level":0.99,"lower_bound":180184.82260107994,"upper_bound":798377.1206259727},"point_estimate":291159.65453088284,"standard_error":106776.13791067585},"slope":null,"std_dev":{"confidence_interval":{"confidence_level":0.99,"lower_bound":1334995.7889708942,"upper_bound":2002855.0865109046},"point_estimate":1635369.8474846561,"standard_error":130771.47337654264}}