{"mean":{"confidence_interval":{"confidence_level":0.99,"lower_bound":81316569.98825,"upper_bound":84894274.40045},"point_estimate":82692157.04,"standard_error":738087.9401796876},"median":{"confidence_interval":{"confidence_level":0.99,"lower_bound":81125854.0,"upper_bound":81639956.0},"point_estimate":81311204.0,"standard_error":101579.14863037682},"median_abs_dev":{"confidence_interval":{"confidence_level":0.99,"lower_bound":421007.14645662904,"upper_bound":761298.0365842581},"point_estimate":555136.5798443556,"standard_error":63842.703937351536},"slope":null,"std_dev":{"confidence_interval":{"confidence_level":0.99,"lower_bound":551766.3776680831,"upper_bound":11793719.891926136},"point_estimate":7426645.029675028,"standard_error":2308412.2510667266}}