{"mean":{"confidence_interval":{"confidence_level":0.99,"lower_bound":25956151.59395,"upper_bound":26055448.22175},"point_estimate":26001308.03,"standard_error":19410.78043890409},"median":{"confidence_interval":{"confidence_level":0.99,"lower_bound":25914943.0,"upper_bound":25961943.0},"point_estimate":25931688.0,"standard_error":9638.476502086902},"median_abs_dev":{"confidence_interval":{"confidence_level":0.99,"lower_bound":44158.49891602993,"upper_bound":99631.45953118801},"point_estimate":60849.60941970348,"standard_error":10956.256329512025},"slope":null,"std_dev":{"confidence_interval":{"confidence_level":0.99,"lower_bound":114776.72581448282,"upper_bound":254993.91919748933},"point_estimate":194032.1291256149,"standard_error":27118.20492239899}}