{"mean":{"confidence_interval":{"confidence_level":0.99,"lower_bound":26943122.22485,"upper_bound":26963953.13205},"point_estimate":26953327.73,"standard_error":4022.025145521116},"median":{"confidence_interval":{"confidence_level":0.99,"lower_bound":26940737.0,"upper_bound":26965842.0},"point_estimate":26950192.5,"standard_error":4603.427498490917},"median_abs_dev":{"confidence_interval":{"confidence_level":0.99,"lower_bound":27583.031210303307,"upper_bound":53773.9381103218},"point_estimate":40423.088282346725,"standard_error":5190.490010533196},"slope":null,"std_dev":{"confidence_interval":{"confidence_level":0.99,"lower_bound":32545.730667113763,"upper_bound":48314.7800644203},"point_estimate":40355.006307744276,"standard_error":3072.803874205}}