{"mean":{"confidence_interval":{"confidence_level":0.99,"lower_bound":131373563.5835,"upper_bound":131806783.85904999},"point_estimate":131589419.43,"standard_error":84091.15583133714},"median":{"confidence_interval":{"confidence_level":0.99,"lower_bound":131319017.0,"upper_bound":131728848.0},"point_estimate":131517307.0,"standard_error":88399.97617331392},"median_abs_dev":{"confidence_interval":{"confidence_level":0.99,"lower_bound":435966.1835955532,"upper_bound":1000160.6968596012},"point_estimate":762589.3811613321,"standard_error":113380.79356249073},"slope":null,"std_dev":{"confidence_interval":{"confidence_level":0.99,"lower_bound":677329.8998130506,"upper_bound":992751.1588110611},"point_estimate":841579.9196750044,"standard_error":61344.47927744983}}