{"mean":{"confidence_interval":{"confidence_level":0.99,"lower_bound":365084801.84825003,"upper_bound":365947819.8822},"point_estimate":365362994.39,"standard_error":186108.8227364091},"median":{"confidence_interval":{"confidence_level":0.99,"lower_bound":365069424.0,"upper_bound":365094756.5},"point_estimate":365082424.5,"standard_error":5039.925933606949},"median_abs_dev":{"confidence_interval":{"confidence_level":0.99,"lower_bound":26607.439656123523,"upper_bound":74321.25408053398},"point_estimate":43630.69332540035,"standard_error":8713.489207630917},"slope":null,"std_dev":{"confidence_interval":{"confidence_level":0.99,"lower_bound":54674.39778363148,"upper_bound":3295958.0864495845},"point_estimate":1868195.506385845,"standard_error":797745.7055711198}}