{"mean":{"confidence_interval":{"confidence_level":0.99,"lower_bound":26641597.63895,"upper_bound":26671288.57375},"point_estimate":26654987.29,"standard_error":5827.953664361898},"median":{"confidence_interval":{"confidence_level":0.99,"lower_bound":26631305.0,"upper_bound":26652695.0},"point_estimate":26644400.0,"standard_error":3374.3884025469333},"median_abs_dev":{"confidence_interval":{"confidence_level":0.99,"lower_bound":22335.364896968007,"upper_bound":40772.98187613487},"point_estimate":32224.31042790413,"standard_error":3574.903557737908},"slope":null,"std_dev":{"confidence_interval":{"confidence_level":0.99,"lower_bound":33966.43517101421,"upper_bound":83260.25647620996},"point_estimate":58860.525665698246,"standard_error":10007.287554743674}}