{"mean":{"confidence_interval":{"confidence_level":0.99,"lower_bound":35454755.57,"upper_bound":35784896.9353},"point_estimate":35599453.11,"standard_error":64744.10465200232},"median":{"confidence_interval":{"confidence_level":0.99,"lower_bound":35375161.0,"upper_bound":35491187.0},"point_estimate":35413991.0,"standard_error":24667.092071090432},"median_abs_dev":{"confidence_interval":{"confidence_level":0.99,"lower_bound":121870.45913636684,"upper_bound":232473.1584727764},"point_estimate":172605.771535635,"standard_error":20012.138438090533},"slope":null,"std_dev":{"confidence_interval":{"confidence_level":0.99,"lower_bound":302726.96413245745,"upper_bound":913574.3837076913},"point_estimate":651379.6547311054,"standard_error":117414.62492023747}}