{"mean":{"confidence_interval":{"confidence_level":0.99,"lower_bound":27886070.0372,"upper_bound":27913094.724549998},"point_estimate":27899538.66,"standard_error":5260.715738859345},"median":{"confidence_interval":{"confidence_level":0.99,"lower_bound":27881830.0,"upper_bound":27912321.5},"point_estimate":27893670.0,"standard_error":6431.982914866231},"median_abs_dev":{"confidence_interval":{"confidence_level":0.99,"lower_bound":40036.87098920345,"upper_bound":73183.4216112346},"point_estimate":57659.05427634716,"standard_error":6544.653528782742},"slope":null,"std_dev":{"confidence_interval":{"confidence_level":0.99,"lower_bound":44154.83169157989,"upper_bound":60194.02801543702},"point_estimate":52645.759933485075,"standard_error":3118.0607301986124}}