{"mean":{"confidence_interval":{"confidence_level":0.99,"lower_bound":197216781.95265,"upper_bound":199032730.1913},"point_estimate":198027282.17,"standard_error":353490.7586981109},"median":{"confidence_interval":{"confidence_level":0.99,"lower_bound":197652403.0,"upper_bound":197807689.0},"point_estimate":197709034.0,"standard_error":28695.42382254766},"median_abs_dev":{"confidence_interval":{"confidence_level":0.99,"lower_bound":191425.15430152416,"upper_bound":399648.4072273227},"point_estimate":282659.9088817835,"standard_error":44822.95790289128},"slope":null,"std_dev":{"confidence_interval":{"confidence_level":0.99,"lower_bound":1475759.257120021,"upper_bound":5239295.032469767},"point_estimate":3552979.583677302,"standard_error":746876.7887928433}}