{"mean":{"confidence_interval":{"confidence_level":0.99,"lower_bound":1358629829.07,"upper_bound":1359091822.39},"point_estimate":1358862070.49,"standard_error":89959.31352093113},"median":{"confidence_interval":{"confidence_level":0.99,"lower_bound":1358550003.5,"upper_bound":1359167366.0},"point_estimate":1358812272.0,"standard_error":120203.44497840853},"median_abs_dev":{"confidence_interval":{"confidence_level":0.99,"lower_bound":642033.9882016182,"upper_bound":1172193.2062894106},"point_estimate":874323.3042776585,"standard_error":110292.88198818335},"slope":null,"std_dev":{"confidence_interval":{"confidence_level":0.99,"lower_bound":736381.8034360413,"upper_bound":1059248.1345319266},"point_estimate":902593.5439671287,"standard_error":62147.55550267679}}