{"mean":{"confidence_interval":{"confidence_level":0.99,"lower_bound":26311867.17685,"upper_bound":26330558.03805},"point_estimate":26321054.48,"standard_error":3611.9432596529014},"median":{"confidence_interval":{"confidence_level":0.99,"lower_bound":26308835.0,"upper_bound":26327825.0},"point_estimate":26321100.5,"standard_error":3442.0981044034124},"median_abs_dev":{"confidence_interval":{"confidence_level":0.99,"lower_bound":22142.59724839032,"upper_bound":47621.111154556274},"point_estimate":36191.74795746803,"standard_error":5269.030068259327},"slope":null,"std_dev":{"confidence_interval":{"confidence_level":0.99,"lower_bound":29242.706400603085,"upper_bound":42722.62764421106},"point_estimate":36211.346030254506,"standard_error":2632.3539694464616}}