{"mean":{"confidence_interval":{"confidence_level":0.99,"lower_bound":83112346.4962,"upper_bound":83162547.21},"point_estimate":83137031.46,"standard_error":9686.581030728836},"median":{"confidence_interval":{"confidence_level":0.99,"lower_bound":83102691.0,"upper_bound":83146516.0},"point_estimate":83118556.5,"standard_error":6710.873854411568},"median_abs_dev":{"confidence_interval":{"confidence_level":0.99,"lower_bound":45003.580901026726,"upper_bound":114694.67526376247},"point_estimate":77711.21892035007,"standard_error":14714.984482815671},"slope":null,"std_dev":{"confidence_interval":{"confidence_level":0.99,"lower_bound":77179.43072941904,"upper_bound":116622.644117075},"point_estimate":97458.63909759854,"standard_error":7688.461684884594}}