{"mean":{"confidence_interval":{"confidence_level":0.99,"lower_bound":123745290.3275,"upper_bound":124121968.74875},"point_estimate":123929654.28,"standard_error":73024.16974130807},"median":{"confidence_interval":{"confidence_level":0.99,"lower_bound":123657533.0,"upper_bound":124053754.0},"point_estimate":123839194.0,"standard_error":67258.18006466205},"median_abs_dev":{"confidence_interval":{"confidence_level":0.99,"lower_bound":392545.0298309326,"upper_bound":735584.0413242744},"point_estimate":528813.0173116922,"standard_error":62269.51096413053},"slope":null,"std_dev":{"confidence_interval":{"confidence_level":0.99,"lower_bound":574039.9402516024,"upper_bound":876089.0411711005},"point_estimate":734994.9138053533,"standard_error":58565.479422907796}}