{"mean":{"confidence_interval":{"confidence_level":0.99,"lower_bound":26364597.76795,"upper_bound":26384010.8067},"point_estimate":26374174.97,"standard_error":3791.2191898650813},"median":{"confidence_interval":{"confidence_level":0.99,"lower_bound":26361474.0,"upper_bound":26385314.725},"point_estimate":26373358.5,"standard_error":5175.821626332174},"median_abs_dev":{"confidence_interval":{"confidence_level":0.99,"lower_bound":27428.099513053894,"upper_bound":54419.573333859444},"point_estimate":43818.242222070694,"standard_error":5385.262463980686},"slope":null,"std_dev":{"confidence_interval":{"confidence_level":0.99,"lower_bound":31887.37835676593,"upper_bound":44118.15602951413},"point_estimate":38241.539863879785,"standard_error":2389.955370364768}}