{"mean":{"confidence_interval":{"confidence_level":0.99,"lower_bound":30587237.15805,"upper_bound":30710316.42465},"point_estimate":30648578.02,"standard_error":24030.792909209653},"median":{"confidence_interval":{"confidence_level":0.99,"lower_bound":30529971.0,"upper_bound":30754034.0},"point_estimate":30622327.5,"standard_error":35478.19164405129},"median_abs_dev":{"confidence_interval":{"confidence_level":0.99,"lower_bound":181948.37526977062,"upper_bound":323135.6294631958},"point_estimate":256647.69234359264,"standard_error":25751.27594664785},"slope":null,"std_dev":{"confidence_interval":{"confidence_level":0.99,"lower_bound":200196.5229712699,"upper_bound":279295.8396107238},"point_estimate":240603.05541411077,"standard_error":15406.518295779484}}