{"mean":{"confidence_interval":{"confidence_level":0.99,"lower_bound":99725518.1242,"upper_bound":102517685.1775},"point_estimate":100968107.86,"standard_error":549035.9509677034},"median":{"confidence_interval":{"confidence_level":0.99,"lower_bound":99187675.0,"upper_bound":99798543.5},"point_estimate":99463721.0,"standard_error":98687.98489274736},"median_abs_dev":{"confidence_interval":{"confidence_level":0.99,"lower_bound":816840.5274316819,"upper_bound":1655806.9172645544},"point_estimate":1275963.3436471224,"standard_error":149594.43405999456},"slope":null,"std_dev":{"confidence_interval":{"confidence_level":0.99,"lower_bound":2669731.6913571446,"upper_bound":7442995.394422869},"point_estimate":5526541.319736873,"standard_error":890112.261913637}}