{"mean":{"confidence_interval":{"confidence_level":0.99,"lower_bound":47697465.88,"upper_bound":49639713.0},"point_estimate":48564364.72,"standard_error":379826.6760834773},"median":{"confidence_interval":{"confidence_level":0.99,"lower_bound":47107739.0,"upper_bound":47333351.0},"point_estimate":47225995.0,"standard_error":50078.65344304878},"median_abs_dev":{"confidence_interval":{"confidence_level":0.99,"lower_bound":241953.1955179723,"upper_bound":606893.9892524785},"point_estimate":371031.0216128826,"standard_error":76552.11560104799},"slope":null,"std_dev":{"confidence_interval":{"confidence_level":0.99,"lower_bound":2219737.6288679647,"upper_bound":5003182.7658431195},"point_estimate":3805852.904764713,"standard_error":546958.5486432711}}