{"mean":{"confidence_interval":{"confidence_level":0.99,"lower_bound":111266212.73945,"upper_bound":112125877.05525},"point_estimate":111650952.74,"standard_error":167724.9802829312},"median":{"confidence_interval":{"confidence_level":0.99,"lower_bound":110914048.0,"upper_bound":111341728.0},"point_estimate":111129561.5,"standard_error":81152.38148963699},"median_abs_dev":{"confidence_interval":{"confidence_level":0.99,"lower_bound":456637.826693058,"upper_bound":946099.6755033731},"point_estimate":697442.4557179213,"standard_error":90312.88239587244},"slope":null,"std_dev":{"confidence_interval":{"confidence_level":0.99,"lower_bound":958295.5788340104,"upper_bound":2255748.218392071},"point_estimate":1680039.8678834054,"standard_error":253995.15778402583}}