{"mean":{"confidence_interval":{"confidence_level":0.99,"lower_bound":95488301.10900001,"upper_bound":97844609.24745001},"point_estimate":96602628.33,"standard_error":457618.6309777185},"median":{"confidence_interval":{"confidence_level":0.99,"lower_bound":94167522.0,"upper_bound":94315933.0},"point_estimate":94218438.0,"standard_error":25928.368898296765},"median_abs_dev":{"confidence_interval":{"confidence_level":0.99,"lower_bound":104746.42944037914,"upper_bound":321763.48318755627},"point_estimate":173711.04981601238,"standard_error":36539.327315237555},"slope":null,"std_dev":{"confidence_interval":{"confidence_level":0.99,"lower_bound":3558127.6739847027,"upper_bound":5286454.128956672},"point_estimate":4610668.7227125345,"standard_error":334340.36711613706}}