{"mean":{"confidence_interval":{"confidence_level":0.99,"lower_bound":102351564.3385,"upper_bound":103655463.26455},"point_estimate":102916676.6,"standard_error":254464.34146175336},"median":{"confidence_interval":{"confidence_level":0.99,"lower_bound":102148421.0,"upper_bound":102918680.0},"point_estimate":102659823.5,"standard_error":141642.83560307254},"median_abs_dev":{"confidence_interval":{"confidence_level":0.99,"lower_bound":894809.1294139624,"upper_bound":1773947.177106142},"point_estimate":1308679.8772662878,"standard_error":175312.7075709152},"slope":null,"std_dev":{"confidence_interval":{"confidence_level":0.99,"lower_bound":1282029.6507049513,"upper_bound":3852049.8286989187},"point_estimate":2545967.790396724,"standard_error":559005.4503636518}}