{"mean":{"confidence_interval":{"confidence_level":0.99,"lower_bound":26785378.99945,"upper_bound":26806210.0722},"point_estimate":26794943.11,"standard_error":4053.3424407558623},"median":{"confidence_interval":{"confidence_level":0.99,"lower_bound":26778048.0,"upper_bound":26794543.45},"point_estimate":26787123.5,"standard_error":3145.3824807508313},"median_abs_dev":{"confidence_interval":{"confidence_level":0.99,"lower_bound":19420.577055215836,"upper_bound":35597.96666800976},"point_estimate":26791.32282435894,"standard_error":2935.0593029989254},"slope":null,"std_dev":{"confidence_interval":{"confidence_level":0.99,"lower_bound":23704.526577558838,"upper_bound":54923.02502648939},"point_estimate":40736.55985457973,"standard_error":6133.378357906557}}