{"mean":{"confidence_interval":{"confidence_level":0.99,"lower_bound":74302416.08,"upper_bound":76877383.77},"point_estimate":75094863.43,"standard_error":558391.4751063139},"median":{"confidence_interval":{"confidence_level":0.99,"lower_bound":74217545.0,"upper_bound":74314456.0},"point_estimate":74252055.5,"standard_error":17564.866717050027},"median_abs_dev":{"confidence_interval":{"confidence_level":0.99,"lower_bound":105050.36243498325,"upper_bound":256884.90833938122},"point_estimate":183746.76903784275,"standard_error":30310.438866187633},"slope":null,"std_dev":{"confidence_interval":{"confidence_level":0.99,"lower_bound":518838.5708718823,"upper_bound":10802850.219378317},"point_estimate":5589251.936783991,"standard_error":2924417.3256115196}}