{"mean":{"confidence_interval":{"confidence_level":0.99,"lower_bound":26963106.655050002,"upper_bound":27143142.92435},"point_estimate":27035344.85,"standard_error":35971.63063216489},"median":{"confidence_interval":{"confidence_level":0.99,"lower_bound":26947555.0,"upper_bound":26964525.0},"point_estimate":26956970.0,"standard_error":3721.407564092983},"median_abs_dev":{"confidence_interval":{"confidence_level":0.99,"lower_bound":20319.03263926506,"upper_bound":56280.24371382595},"point_estimate":32892.22171604633,"standard_error":6964.5207828614175},"slope":null,"std_dev":{"confidence_interval":{"confidence_level":0.99,"lower_bound":51016.53656542118,"upper_bound":574768.7861631075},"point_estimate":360457.583116053,"standard_error":102547.62803201862}}