{"mean":{"confidence_interval":{"confidence_level":0.99,"lower_bound":26068346.1062,"upper_bound":26128669.6278},"point_estimate":26092647.79,"standard_error":11835.780740608447},"median":{"confidence_interval":{"confidence_level":0.99,"lower_bound":26055883.0,"upper_bound":26078818.5},"point_estimate":26066609.0,"standard_error":4912.221818476003},"median_abs_dev":{"confidence_interval":{"confidence_level":0.99,"lower_bound":24114.488571882248,"upper_bound":48801.26073360443},"point_estimate":36568.328350782394,"standard_error":4946.373238045012},"slope":null,"std_dev":{"confidence_interval":{"confidence_level":0.99,"lower_bound":49332.52457603922,"upper_bound":200265.5548695181},"point_estimate":118774.4822386377,"standard_error":35757.18201902608}}