{"mean":{"confidence_interval":{"confidence_level":0.99,"lower_bound":132762170.08535,"upper_bound":133149345.7087},"point_estimate":132953461.8,"standard_error":75243.3241372578},"median":{"confidence_interval":{"confidence_level":0.99,"lower_bound":132665262.0,"upper_bound":133046542.0},"point_estimate":132869566.5,"standard_error":82758.8101816467},"median_abs_dev":{"confidence_interval":{"confidence_level":0.99,"lower_bound":426079.9586355686,"upper_bound":919472.9212760925},"point_estimate":621338.3751690388,"standard_error":96792.75400039044},"slope":null,"std_dev":{"confidence_interval":{"confidence_level":0.99,"lower_bound":612762.6907526719,"upper_bound":881828.4977886839},"point_estimate":755497.0225743762,"standard_error":51852.29495148956}}