{"mean":{"confidence_interval":{"confidence_level":0.99,"lower_bound":27215006.72395,"upper_bound":27861988.36065},"point_estimate":27483965.54,"standard_error":127610.28577486641},"median":{"confidence_interval":{"confidence_level":0.99,"lower_bound":27166169.0,"upper_bound":27198258.0},"point_estimate":27180363.0,"standard_error":6541.820095794338},"median_abs_dev":{"confidence_interval":{"confidence_level":0.99,"lower_bound":35420.05467116833,"upper_bound":83626.79281532764},"point_estimate":54648.635029792786,"standard_error":10454.531980777881},"slope":null,"std_dev":{"confidence_interval":{"confidence_level":0.99,"lower_bound":210145.2584563939,"upper_bound":1935317.4819134036},"point_estimate":1281474.770792892,"standard_error":311280.95313736907}}