{"mean":{"confidence_interval":{"confidence_level":0.99,"lower_bound":26322952.9224,"upper_bound":26553644.8241},"point_estimate":26416720.94,"standard_error":44408.242494519145},"median":{"confidence_interval":{"confidence_level":0.99,"lower_bound":26343477.0,"upper_bound":26528958.0},"point_estimate":26441562.0,"standard_error":33975.772469571835},"median_abs_dev":{"confidence_interval":{"confidence_level":0.99,"lower_bound":164866.59967303276,"upper_bound":383759.88368690014},"point_estimate":260058.41358304024,"standard_error":46679.20666002183},"slope":null,"std_dev":{"confidence_interval":{"confidence_level":0.99,"lower_bound":226837.34551591994,"upper_bound":771965.3994521231},"point_estimate":446364.13972380233,"standard_error":144849.69033611612}}