{"mean":{"confidence_interval":{"confidence_level":0.99,"lower_bound":36943500.59,"upper_bound":37437429.3433},"point_estimate":37181074.58,"standard_error":97083.16348575684},"median":{"confidence_interval":{"confidence_level":0.99,"lower_bound":36618644.0,"upper_bound":37394070.0},"point_estimate":36993396.5,"standard_error":172590.5868550858},"median_abs_dev":{"confidence_interval":{"confidence_level":0.99,"lower_bound":690007.95814991,"upper_bound":1278539.3981663897},"point_estimate":1009458.5853785276,"standard_error":118796.98066367327},"slope":null,"std_dev":{"confidence_interval":{"confidence_level":0.99,"lower_bound":776074.3127345619,"upper_bound":1163023.6250987407},"point_estimate":976326.7163949416,"standard_error":75866.0886712466}}