{"mean":{"confidence_interval":{"confidence_level":0.99,"lower_bound":33234604.386850003,"upper_bound":35252135.00665},"point_estimate":34207207.06,"standard_error":392995.945678227},"median":{"confidence_interval":{"confidence_level":0.99,"lower_bound":32549481.0,"upper_bound":32910654.5},"point_estimate":32743302.5,"standard_error":65479.05701211594},"median_abs_dev":{"confidence_interval":{"confidence_level":0.99,"lower_bound":329435.93805134296,"upper_bound":3538015.7905876637},"point_estimate":576216.9275701046,"standard_error":430460.62681213423},"slope":null,"std_dev":{"confidence_interval":{"confidence_level":0.99,"lower_bound":3121131.5760195325,"upper_bound":4759979.104936824},"point_estimate":3954966.354039332,"standard_error":322532.64953076775}}