{"mean":{"confidence_interval":{"confidence_level":0.99,"lower_bound":150569282.4862,"upper_bound":151336931.91},"point_estimate":150958284.44,"standard_error":149453.3998000386},"median":{"confidence_interval":{"confidence_level":0.99,"lower_bound":150495015.0,"upper_bound":151525407.0},"point_estimate":150908623.0,"standard_error":168709.98198938614},"median_abs_dev":{"confidence_interval":{"confidence_level":0.99,"lower_bound":926672.4267482758,"upper_bound":1797593.1640863419},"point_estimate":1366617.6603376865,"standard_error":156743.6763220753},"slope":null,"std_dev":{"confidence_interval":{"confidence_level":0.99,"lower_bound":1179061.345060678,"upper_bound":1800604.786802092},"point_estimate":1502603.9630653525,"standard_error":122576.57997923405}}