{"mean":{"confidence_interval":{"confidence_level":0.99,"lower_bound":829144556.93345,"upper_bound":829592142.03155},"point_estimate":829371659.76,"standard_error":86609.75123461506},"median":{"confidence_interval":{"confidence_level":0.99,"lower_bound":829166252.0,"upper_bound":829657726.5},"point_estimate":829445189.5,"standard_error":88507.52439151106},"median_abs_dev":{"confidence_interval":{"confidence_level":0.99,"lower_bound":526368.9512550831,"upper_bound":958894.5132762194},"point_estimate":718378.9912462234,"standard_error":80820.14036336588},"slope":null,"std_dev":{"confidence_interval":{"confidence_level":0.99,"lower_bound":677695.3889704897,"upper_bound":1051938.9748369374},"point_estimate":869595.5059252064,"standard_error":73301.47103297345}}