{"mean":{"confidence_interval":{"confidence_level":0.99,"lower_bound":36140736.4904,"upper_bound":36399281.308000006},"point_estimate":36263935.69,"standard_error":50107.218793039225},"median":{"confidence_interval":{"confidence_level":0.99,"lower_bound":36138437.0,"upper_bound":36349653.0},"point_estimate":36209847.0,"standard_error":33604.57546264508},"median_abs_dev":{"confidence_interval":{"confidence_level":0.99,"lower_bound":282229.21358942986,"upper_bound":579494.2148119211},"point_estimate":437066.02444052696,"standard_error":54343.5429231253},"slope":null,"std_dev":{"confidence_interval":{"confidence_level":0.99,"lower_bound":368430.9636858351,"upper_bound":649439.546010851},"point_estimate":505130.88137149694,"standard_error":56256.14177942258}}