{"mean":{"confidence_interval":{"confidence_level":0.99,"lower_bound":26351411.9356,"upper_bound":26718814.1836},"point_estimate":26499946.63,"standard_error":72475.92261053153},"median":{"confidence_interval":{"confidence_level":0.99,"lower_bound":26268103.0,"upper_bound":26298993.0},"point_estimate":26285823.5,"standard_error":5700.063691716382},"median_abs_dev":{"confidence_interval":{"confidence_level":0.99,"lower_bound":30333.839788466707,"upper_bound":85500.79918205738},"point_estimate":48458.78013968468,"standard_error":10807.648626577298},"slope":null,"std_dev":{"confidence_interval":{"confidence_level":0.99,"lower_bound":268506.949274722,"upper_bound":1213014.6442598135},"point_estimate":725559.7183661652,"standard_error":212100.3046814212}}