{"mean":{"confidence_interval":{"confidence_level":0.99,"lower_bound":33646802.01,"upper_bound":34231162.7352},"point_estimate":33916840.99,"standard_error":114238.01964181307},"median":{"confidence_interval":{"confidence_level":0.99,"lower_bound":33377425.0,"upper_bound":33456396.0},"point_estimate":33407125.5,"standard_error":12226.733322394666},"median_abs_dev":{"confidence_interval":{"confidence_level":0.99,"lower_bound":63219.54547762871,"upper_bound":187580.77256977558},"point_estimate":118230.67620098591,"standard_error":24303.91114218331},"slope":null,"std_dev":{"confidence_interval":{"confidence_level":0.99,"lower_bound":822662.1158966509,"upper_bound":1388027.465957037},"point_estimate":1152668.293249702,"standard_error":110351.1714787068}}