{"mean":{"confidence_interval":{"confidence_level":0.99,"lower_bound":27389157.39,"upper_bound":27522941.346750002},"point_estimate":27444114.4,"standard_error":26387.213845424656},"median":{"confidence_interval":{"confidence_level":0.99,"lower_bound":27356529.0,"upper_bound":27398190.0},"point_estimate":27372139.5,"standard_error":7857.165559679788},"median_abs_dev":{"confidence_interval":{"confidence_level":0.99,"lower_bound":37488.28163444996,"upper_bound":87452.64204740524},"point_estimate":54071.162340044975,"standard_error":8306.375570864713},"slope":null,"std_dev":{"confidence_interval":{"confidence_level":0.99,"lower_bound":96048.11646151268,"upper_bound":440447.12124503206},"point_estimate":264658.57890863746,"standard_error":76444.90514842531}}