{"mean":{"confidence_interval":{"confidence_level":0.99,"lower_bound":26850495.2427,"upper_bound":27141340.13165},"point_estimate":26967330.95,"standard_error":57707.07041269535},"median":{"confidence_interval":{"confidence_level":0.99,"lower_bound":26820925.0,"upper_bound":26853875.0},"point_estimate":26834555.0,"standard_error":5276.918482202237},"median_abs_dev":{"confidence_interval":{"confidence_level":0.99,"lower_bound":29260.589374020696,"upper_bound":58490.05156159401},"point_estimate":39503.13499867916,"standard_error":4847.001137896024},"slope":null,"std_dev":{"confidence_interval":{"confidence_level":0.99,"lower_bound":79204.26115958687,"upper_bound":925147.765902671},"point_estimate":583179.5110047898,"standard_error":163976.6837104866}}