{"mean":{"confidence_interval":{"confidence_level":0.99,"lower_bound":26713118.74605,"upper_bound":26749072.8},"point_estimate":26727961.37,"standard_error":6960.099290758074},"median":{"confidence_interval":{"confidence_level":0.99,"lower_bound":26710784.5,"upper_bound":26734319.5},"point_estimate":26723809.5,"standard_error":5325.23548990459},"median_abs_dev":{"confidence_interval":{"confidence_level":0.99,"lower_bound":27589.676964685324,"upper_bound":59341.84601797167},"point_estimate":41528.36656272411,"standard_error":6084.213700156675},"slope":null,"std_dev":{"confidence_interval":{"confidence_level":0.99,"lower_bound":36247.23299964991,"upper_bound":118019.2629458508},"point_estimate":70016.67715156557,"standard_error":20853.43126279454}}