{"mean":{"confidence_interval":{"confidence_level":0.99,"lower_bound":26213182.73,"upper_bound":26252301.24},"point_estimate":26231983.03,"standard_error":7598.844416035985},"median":{"confidence_interval":{"confidence_level":0.99,"lower_bound":26203048.5,"upper_bound":26249594.0},"point_estimate":26222694.0,"standard_error":7354.540530649337},"median_abs_dev":{"confidence_interval":{"confidence_level":0.99,"lower_bound":53870.232978612185,"upper_bound":105414.34072852135},"point_estimate":75858.71025323868,"standard_error":8625.712614661665},"slope":null,"std_dev":{"confidence_interval":{"confidence_level":0.99,"lower_bound":60069.48239947638,"upper_bound":95625.67358456682},"point_estimate":76321.6832355536,"standard_error":7156.839870680537}}