{"mean":{"confidence_interval":{"confidence_level":0.99,"lower_bound":95892580.74859999,"upper_bound":96966672.6355},"point_estimate":96432066.16,"standard_error":207936.5690521816},"median":{"confidence_interval":{"confidence_level":0.99,"lower_bound":96369644.5,"upper_bound":96950470.0},"point_estimate":96599022.5,"standard_error":134238.42851210744},"median_abs_dev":{"confidence_interval":{"confidence_level":0.99,"lower_bound":753353.5246253014,"upper_bound":1851408.4296709367},"point_estimate":1105531.804972887,"standard_error":194902.5081156561},"slope":null,"std_dev":{"confidence_interval":{"confidence_level":0.99,"lower_bound":1477712.66908573,"upper_bound":2703868.6943898713},"point_estimate":2087494.822994782,"standard_error":239308.06699134805}}