{"mean":{"confidence_interval":{"confidence_level":0.99,"lower_bound":109969250.69804999,"upper_bound":111590966.7393},"point_estimate":110683980.88,"standard_error":317494.4033992629},"median":{"confidence_interval":{"confidence_level":0.99,"lower_bound":109736709.0,"upper_bound":109945494.0},"point_estimate":109876617.0,"standard_error":46329.32375104614},"median_abs_dev":{"confidence_interval":{"confidence_level":0.99,"lower_bound":200164.3398463726,"upper_bound":412862.579870224},"point_estimate":293998.0921804905,"standard_error":45435.86023911385},"slope":null,"std_dev":{"confidence_interval":{"confidence_level":0.99,"lower_bound":1496542.5323537807,"upper_bound":4421127.725269599},"point_estimate":3196726.4597111368,"standard_error":567243.5882392833}}