{"mean":{"confidence_interval":{"confidence_level":0.99,"lower_bound":148802345.2774,"upper_bound":149825061.27705},"point_estimate":149263124.75,"standard_error":196948.88137306133},"median":{"confidence_interval":{"confidence_level":0.99,"lower_bound":148805680.0,"upper_bound":149555090.0},"point_estimate":149313118.5,"standard_error":139208.97032523892},"median_abs_dev":{"confidence_interval":{"confidence_level":0.99,"lower_bound":796176.2009650469,"upper_bound":1727013.773655879},"point_estimate":1327033.723640442,"standard_error":182714.85657622933},"slope":null,"std_dev":{"confidence_interval":{"confidence_level":0.99,"lower_bound":1175619.9847535223,"upper_bound":3088633.4273824855},"point_estimate":1982075.748804968,"standard_error":433154.68254554865}}