{"mean":{"confidence_interval":{"confidence_level":0.99,"lower_bound":26257044.9655,"upper_bound":26382922.79},"point_estimate":26312454.85,"standard_error":24655.143659502035},"median":{"confidence_interval":{"confidence_level":0.99,"lower_bound":26207953.0,"upper_bound":26242643.0},"point_estimate":26219388.0,"standard_error":6113.468982776601},"median_abs_dev":{"confidence_interval":{"confidence_level":0.99,"lower_bound":31675.74843764305,"upper_bound":79585.96658706665},"point_estimate":52647.86636531353,"standard_error":8947.13757435103},"slope":null,"std_dev":{"confidence_interval":{"confidence_level":0.99,"lower_bound":133714.90069431302,"upper_bound":350518.71597226075},"point_estimate":249400.9220249931,"standard_error":42362.87473723535}}