{"mean":{"confidence_interval":{"confidence_level":0.99,"lower_bound":113269690.28975001,"upper_bound":114158693.89009999},"point_estimate":113683393.21,"standard_error":173384.64080703966},"median":{"confidence_interval":{"confidence_level":0.99,"lower_bound":113075487.5,"upper_bound":113620075.0},"point_estimate":113343114.0,"standard_error":117173.20084683348},"median_abs_dev":{"confidence_interval":{"confidence_level":0.99,"lower_bound":541295.7677900791,"upper_bound":1066721.8262334026},"point_estimate":720124.75271523,"standard_error":95676.60554559837},"slope":null,"std_dev":{"confidence_interval":{"confidence_level":0.99,"lower_bound":1096204.3975995171,"upper_bound":2248350.8764177337},"point_estimate":1741815.9722136294,"standard_error":224022.16153559295}}