{"mean":{"confidence_interval":{"confidence_level":0.99,"lower_bound":162063254.09805,"upper_bound":162157108.8928},"point_estimate":162110031.44,"standard_error":18114.330706260454},"median":{"confidence_interval":{"confidence_level":0.99,"lower_bound":162047539.0,"upper_bound":162175495.0},"point_estimate":162116429.0,"standard_error":27409.19931316018},"median_abs_dev":{"confidence_interval":{"confidence_level":0.99,"lower_bound":140061.96081340313,"upper_bound":248420.10757166156},"point_estimate":188973.67524504662,"standard_error":21968.627872871497},"slope":null,"std_dev":{"confidence_interval":{"confidence_level":0.99,"lower_bound":151178.10358919733,"upper_bound":210842.46248793762},"point_estimate":181955.63945967206,"standard_error":11607.097574748757}}