{"mean":{"confidence_interval":{"confidence_level":0.99,"lower_bound":33142105.8363,"upper_bound":34995369.62},"point_estimate":34014381.85,"standard_error":359975.69182671385},"median":{"confidence_interval":{"confidence_level":0.99,"lower_bound":32346407.0,"upper_bound":33803119.0},"point_estimate":33191669.5,"standard_error":358504.9244117768},"median_abs_dev":{"confidence_interval":{"confidence_level":0.99,"lower_bound":1500554.592944831,"upper_bound":3065259.9931822605},"point_estimate":2209672.1898704767,"standard_error":364114.5075381405},"slope":null,"std_dev":{"confidence_interval":{"confidence_level":0.99,"lower_bound":2597396.3673780295,"upper_bound":4574517.401720366},"point_estimate":3611181.5373519184,"standard_error":385758.9141236083}}