{"mean":{"confidence_interval":{"confidence_level":0.99,"lower_bound":728181872.60255,"upper_bound":728284018.0136501},"point_estimate":728234971.34,"standard_error":19799.697951474936},"median":{"confidence_interval":{"confidence_level":0.99,"lower_bound":728279622.0,"upper_bound":728334458.0},"point_estimate":728316306.0,"standard_error":10740.518151259037},"median_abs_dev":{"confidence_interval":{"confidence_level":0.99,"lower_bound":54469.24043297768,"upper_bound":152597.3435908556},"point_estimate":90051.63980126381,"standard_error":19995.88203000773},"slope":null,"std_dev":{"confidence_interval":{"confidence_level":0.99,"lower_bound":154397.44501592233,"upper_bound":236613.29650114325},"point_estimate":199056.90895264654,"standard_error":15878.89740611465}}