{"mean":{"confidence_interval":{"confidence_level":0.99,"lower_bound":33291545.7568,"upper_bound":33844217.8067},"point_estimate":33539051.0,"standard_error":107398.23710524318},"median":{"confidence_interval":{"confidence_level":0.99,"lower_bound":33082518.0,"upper_bound":33190879.0},"point_estimate":33137728.0,"standard_error":17081.811340283195},"median_abs_dev":{"confidence_interval":{"confidence_level":0.99,"lower_bound":117163.45996843283,"upper_bound":255682.51976072788},"point_estimate":174125.43650865555,"standard_error":23374.732508973237},"slope":null,"std_dev":{"confidence_interval":{"confidence_level":0.99,"lower_bound":632711.7559647897,"upper_bound":1467026.3802533038},"point_estimate":1076738.7226969553,"standard_error":163875.00233312635}}