{"mean":{"confidence_interval":{"confidence_level":0.99,"lower_bound":53995600.0981,"upper_bound":54111847.20065001},"point_estimate":54052981.43,"standard_error":22565.236200749478},"median":{"confidence_interval":{"confidence_level":0.99,"lower_bound":53865146.0,"upper_bound":54199069.0},"point_estimate":54152103.5,"standard_error":78151.08770141433},"median_abs_dev":{"confidence_interval":{"confidence_level":0.99,"lower_bound":90469.73299384117,"upper_bound":393061.7159217596},"point_estimate":200516.45734012127,"standard_error":63144.95115432446},"slope":null,"std_dev":{"confidence_interval":{"confidence_level":0.99,"lower_bound":194134.23970197505,"upper_bound":260358.9489701119},"point_estimate":225345.90930345983,"standard_error":13222.318859485704}}