{"mean":{"confidence_interval":{"confidence_level":0.99,"lower_bound":1477331777.79365,"upper_bound":1477374337.76275},"point_estimate":1477352525.02,"standard_error":8243.769718713249},"median":{"confidence_interval":{"confidence_level":0.99,"lower_bound":1477326226.0,"upper_bound":1477364073.0},"point_estimate":1477344639.5,"standard_error":8368.895343160315},"median_abs_dev":{"confidence_interval":{"confidence_level":0.99,"lower_bound":42619.560143351555,"upper_bound":99173.4325083197},"point_estimate":71883.85972380638,"standard_error":10477.947822696551},"slope":null,"std_dev":{"confidence_interval":{"confidence_level":0.99,"lower_bound":65758.42234105244,"upper_bound":98124.04977902185},"point_estimate":83012.04018378505,"standard_error":6353.133543363052}}