{"mean":{"confidence_interval":{"confidence_level":0.99,"lower_bound":110767472.14615,"upper_bound":111534448.03745},"point_estimate":111097212.1,"standard_error":150969.93875144987},"median":{"confidence_interval":{"confidence_level":0.99,"lower_bound":110740020.0,"upper_bound":111067099.0},"point_estimate":110945010.0,"standard_error":62801.521174698566},"median_abs_dev":{"confidence_interval":{"confidence_level":0.99,"lower_bound":397895.29576894647,"upper_bound":824523.5124617815},"point_estimate":551488.6426091194,"standard_error":77246.81946576215},"slope":null,"std_dev":{"confidence_interval":{"confidence_level":0.99,"lower_bound":606259.7675936664,"upper_bound":2303727.9909730866},"point_estimate":1518411.3683997653,"standard_error":351057.7041111963}}