{"mean":{"confidence_interval":{"confidence_level":0.99,"lower_bound":116847935.81415,"upper_bound":117243876.07090001},"point_estimate":117046591.37,"standard_error":76739.49095151268},"median":{"confidence_interval":{"confidence_level":0.99,"lower_bound":116823959.0,"upper_bound":117303055.0},"point_estimate":117061002.0,"standard_error":91951.12087474143},"median_abs_dev":{"confidence_interval":{"confidence_level":0.99,"lower_bound":501837.74460209906,"upper_bound":915387.4354301263},"point_estimate":647307.5963079929,"standard_error":74937.18439809745},"slope":null,"std_dev":{"confidence_interval":{"confidence_level":0.99,"lower_bound":615054.6561301927,"upper_bound":911775.4469291244},"point_estimate":767461.8413194807,"standard_error":57895.2186337617}}