{"mean":{"confidence_interval":{"confidence_level":0.99,"lower_bound":26368601.8792,"upper_bound":26393030.29745},"point_estimate":26380676.98,"standard_error":4732.590432224453},"median":{"confidence_interval":{"confidence_level":0.99,"lower_bound":26364684.0,"upper_bound":26387085.0},"point_estimate":26373079.5,"standard_error":4897.222124279337},"median_abs_dev":{"confidence_interval":{"confidence_level":0.99,"lower_bound":24804.63885962963,"upper_bound":53360.25565266609},"point_estimate":36279.96265590191,"standard_error":5800.445183155528},"slope":null,"std_dev":{"confidence_interval":{"confidence_level":0.99,"lower_bound":38171.39163901691,"upper_bound":55915.22662298541},"point_estimate":47602.0206658745,"standard_error":3445.8286148871985}}