{"mean":{"confidence_interval":{"confidence_level":0.99,"lower_bound":26562008.8574,"upper_bound":26639292.235549998},"point_estimate":26588700.57,"standard_error":15523.860876122304},"median":{"confidence_interval":{"confidence_level":0.99,"lower_bound":26553798.5,"upper_bound":26582609.0},"point_estimate":26567833.0,"standard_error":5628.703459083281},"median_abs_dev":{"confidence_interval":{"confidence_level":0.99,"lower_bound":36280.70395588875,"upper_bound":64196.5788602829},"point_estimate":50014.768812060356,"standard_error":5080.379662653476},"slope":null,"std_dev":{"confidence_interval":{"confidence_level":0.99,"lower_bound":41549.10828966413,"upper_bound":293736.83421558584},"point_estimate":156394.61240502598,"standard_error":69841.65210828502}}