{"mean":{"confidence_interval":{"confidence_level":0.99,"lower_bound":28655562.39,"upper_bound":29742567.4449},"point_estimate":29037318.67,"standard_error":230471.2537450046},"median":{"confidence_interval":{"confidence_level":0.99,"lower_bound":28601463.55,"upper_bound":28623650.0},"point_estimate":28609394.0,"standard_error":4657.228651827906},"median_abs_dev":{"confidence_interval":{"confidence_level":0.99,"lower_bound":28161.986500024796,"upper_bound":73151.48270130157},"point_estimate":47124.44016337395,"standard_error":8198.304978280561},"slope":null,"std_dev":{"confidence_interval":{"confidence_level":0.99,"lower_bound":204028.19190507333,"upper_bound":3897028.5387073476},"point_estimate":2310195.4198683207,"standard_error":902511.1345622567}}