{"mean":{"confidence_interval":{"confidence_level":0.99,"lower_bound":471241185.89465,"upper_bound":474087314.5869},"point_estimate":472669466.11,"standard_error":550514.2166147215},"median":{"confidence_interval":{"confidence_level":0.99,"lower_bound":470510321.0,"upper_bound":474478873.0},"point_estimate":472515176.5,"standard_error":753716.6520046998},"median_abs_dev":{"confidence_interval":{"confidence_level":0.99,"lower_bound":4362735.006245971,"upper_bound":7897622.510889173},"point_estimate":6362480.676743388,"standard_error":716446.2650645289},"slope":null,"std_dev":{"confidence_interval":{"confidence_level":0.99,"lower_bound":4644011.092040542,"upper_bound":6302959.644561929},"point_estimate":5521221.990623384,"standard_error":324142.7710002879}}